timestamp_utc,land,ride_id,ride_name,is_open,wait_time
2026-07-31T01:00:06+00:00,Congo,1510,Congo River Rapids,False,0
2026-07-31T01:00:06+00:00,Congo,6333,Kumba,False,0
2026-07-31T01:00:06+00:00,Congo,10532,Ubanga-Banga Bumper Cars,False,0
2026-07-31T01:00:06+00:00,Crown Colony Plaza,6336,Cheetah Hunt,False,0
2026-07-31T01:00:06+00:00,Egypt,6335,Cobra's Curse,False,0
2026-07-31T01:00:06+00:00,Egypt,6334,Montu,False,0
2026-07-31T01:00:06+00:00,Egypt,12538,Skyride (Egypt Station),False,0
2026-07-31T01:00:06+00:00,Jungala,12539,Skyride (Jungala Station),False,0
2026-07-31T01:00:06+00:00,Morocco,1521,Gwazi Gliders,False,0
2026-07-31T01:00:06+00:00,Morocco,10516,Iron Gwazi,False,0
2026-07-31T01:00:06+00:00,Nairobi,1530,Serengeti Express (Nairobi Station),False,0
2026-07-31T01:00:06+00:00,Pantopia,6331,Falcon's Fury,False,0
2026-07-31T01:00:06+00:00,Pantopia,10529,Grand Caravan Carousel,False,0
2026-07-31T01:00:06+00:00,Pantopia,14516,Phoenix Rising,False,0
2026-07-31T01:00:06+00:00,Pantopia,11593,Serengeti Flyer,False,0
2026-07-31T01:00:06+00:00,Safari of Fun,1519,Air Grover,True,0
2026-07-31T01:00:06+00:00,Safari of Fun,1514,Big Bird's Whirly Birdie,False,0
2026-07-31T01:00:06+00:00,Safari of Fun,1513,Elmo's Safari Go-Round,False,0
2026-07-31T01:00:06+00:00,Safari of Fun,1516,Snuffy's Elephant Romp,False,0
2026-07-31T01:00:06+00:00,Safari of Fun,1524,The Count's Zambezi Rally,False,0
2026-07-31T01:00:06+00:00,Safari of Fun,1528,Zoe-Patra's Hippos of the Nile,False,0
2026-07-31T01:00:06+00:00,Stanleyville,1532,Serengeti Express (Stanleyville Station),False,0
2026-07-31T01:00:06+00:00,Stanleyville,6329,SheiKra,False,0
2026-07-31T01:00:06+00:00,Stanleyville,7310,Tigris,False,0
2026-07-31T01:13:21+00:00,Congo,1510,Congo River Rapids,False,0
2026-07-31T01:13:21+00:00,Congo,6333,Kumba,False,0
2026-07-31T01:13:21+00:00,Congo,10532,Ubanga-Banga Bumper Cars,False,0
2026-07-31T01:13:21+00:00,Crown Colony Plaza,6336,Cheetah Hunt,False,0
2026-07-31T01:13:21+00:00,Egypt,6335,Cobra's Curse,False,0
2026-07-31T01:13:21+00:00,Egypt,6334,Montu,False,0
2026-07-31T01:13:21+00:00,Egypt,12538,Skyride (Egypt Station),False,0
2026-07-31T01:13:21+00:00,Jungala,12539,Skyride (Jungala Station),False,0
2026-07-31T01:13:21+00:00,Morocco,1521,Gwazi Gliders,False,0
2026-07-31T01:13:21+00:00,Morocco,10516,Iron Gwazi,False,0
2026-07-31T01:13:21+00:00,Nairobi,1530,Serengeti Express (Nairobi Station),False,0
2026-07-31T01:13:21+00:00,Pantopia,6331,Falcon's Fury,False,0
2026-07-31T01:13:21+00:00,Pantopia,10529,Grand Caravan Carousel,False,0
2026-07-31T01:13:21+00:00,Pantopia,14516,Phoenix Rising,False,0
2026-07-31T01:13:21+00:00,Pantopia,11593,Serengeti Flyer,False,0
2026-07-31T01:13:21+00:00,Safari of Fun,1519,Air Grover,True,0
2026-07-31T01:13:21+00:00,Safari of Fun,1514,Big Bird's Whirly Birdie,False,0
2026-07-31T01:13:21+00:00,Safari of Fun,1513,Elmo's Safari Go-Round,False,0
2026-07-31T01:13:21+00:00,Safari of Fun,1516,Snuffy's Elephant Romp,False,0
2026-07-31T01:13:21+00:00,Safari of Fun,1524,The Count's Zambezi Rally,False,0
2026-07-31T01:13:21+00:00,Safari of Fun,1528,Zoe-Patra's Hippos of the Nile,False,0
2026-07-31T01:13:21+00:00,Stanleyville,1532,Serengeti Express (Stanleyville Station),False,0
2026-07-31T01:13:21+00:00,Stanleyville,6329,SheiKra,False,0
2026-07-31T01:13:21+00:00,Stanleyville,7310,Tigris,False,0
2026-07-31T02:36:43+00:00,Congo,1510,Congo River Rapids,False,0
2026-07-31T02:36:43+00:00,Congo,6333,Kumba,False,0
2026-07-31T02:36:43+00:00,Congo,10532,Ubanga-Banga Bumper Cars,False,0
2026-07-31T02:36:43+00:00,Crown Colony Plaza,6336,Cheetah Hunt,False,0
2026-07-31T02:36:43+00:00,Egypt,6335,Cobra's Curse,False,0
2026-07-31T02:36:43+00:00,Egypt,6334,Montu,False,0
2026-07-31T02:36:43+00:00,Egypt,12538,Skyride (Egypt Station),False,0
2026-07-31T02:36:43+00:00,Jungala,12539,Skyride (Jungala Station),False,0
2026-07-31T02:36:43+00:00,Morocco,1521,Gwazi Gliders,False,0
2026-07-31T02:36:43+00:00,Morocco,10516,Iron Gwazi,False,0
2026-07-31T02:36:43+00:00,Nairobi,1530,Serengeti Express (Nairobi Station),False,0
2026-07-31T02:36:43+00:00,Pantopia,6331,Falcon's Fury,False,0
2026-07-31T02:36:43+00:00,Pantopia,10529,Grand Caravan Carousel,False,0
2026-07-31T02:36:43+00:00,Pantopia,14516,Phoenix Rising,False,0
2026-07-31T02:36:43+00:00,Pantopia,11593,Serengeti Flyer,False,0
2026-07-31T02:36:43+00:00,Safari of Fun,1519,Air Grover,True,0
2026-07-31T02:36:43+00:00,Safari of Fun,1514,Big Bird's Whirly Birdie,False,0
2026-07-31T02:36:43+00:00,Safari of Fun,1513,Elmo's Safari Go-Round,False,0
2026-07-31T02:36:43+00:00,Safari of Fun,1516,Snuffy's Elephant Romp,False,0
2026-07-31T02:36:43+00:00,Safari of Fun,1524,The Count's Zambezi Rally,False,0
2026-07-31T02:36:43+00:00,Safari of Fun,1528,Zoe-Patra's Hippos of the Nile,False,0
2026-07-31T02:36:43+00:00,Stanleyville,1532,Serengeti Express (Stanleyville Station),False,0
2026-07-31T02:36:43+00:00,Stanleyville,6329,SheiKra,False,0
2026-07-31T02:36:43+00:00,Stanleyville,7310,Tigris,False,0
2026-07-31T02:51:08+00:00,Congo,1510,Congo River Rapids,False,0
2026-07-31T02:51:08+00:00,Congo,6333,Kumba,False,0
2026-07-31T02:51:08+00:00,Congo,10532,Ubanga-Banga Bumper Cars,False,0
2026-07-31T02:51:08+00:00,Crown Colony Plaza,6336,Cheetah Hunt,False,0
2026-07-31T02:51:08+00:00,Egypt,6335,Cobra's Curse,False,0
2026-07-31T02:51:08+00:00,Egypt,6334,Montu,False,0
2026-07-31T02:51:08+00:00,Egypt,12538,Skyride (Egypt Station),False,0
2026-07-31T02:51:08+00:00,Jungala,12539,Skyride (Jungala Station),False,0
2026-07-31T02:51:08+00:00,Morocco,1521,Gwazi Gliders,False,0
2026-07-31T02:51:08+00:00,Morocco,10516,Iron Gwazi,False,0
2026-07-31T02:51:08+00:00,Nairobi,1530,Serengeti Express (Nairobi Station),False,0
2026-07-31T02:51:08+00:00,Pantopia,6331,Falcon's Fury,False,0
2026-07-31T02:51:08+00:00,Pantopia,10529,Grand Caravan Carousel,False,0
2026-07-31T02:51:08+00:00,Pantopia,14516,Phoenix Rising,False,0
2026-07-31T02:51:08+00:00,Pantopia,11593,Serengeti Flyer,False,0
2026-07-31T02:51:08+00:00,Safari of Fun,1519,Air Grover,True,0
2026-07-31T02:51:08+00:00,Safari of Fun,1514,Big Bird's Whirly Birdie,False,0
2026-07-31T02:51:08+00:00,Safari of Fun,1513,Elmo's Safari Go-Round,False,0
2026-07-31T02:51:08+00:00,Safari of Fun,1516,Snuffy's Elephant Romp,False,0
2026-07-31T02:51:08+00:00,Safari of Fun,1524,The Count's Zambezi Rally,False,0
2026-07-31T02:51:08+00:00,Safari of Fun,1528,Zoe-Patra's Hippos of the Nile,False,0
2026-07-31T02:51:08+00:00,Stanleyville,1532,Serengeti Express (Stanleyville Station),False,0
2026-07-31T02:51:08+00:00,Stanleyville,6329,SheiKra,False,0
2026-07-31T02:51:08+00:00,Stanleyville,7310,Tigris,False,0
2026-07-31T02:53:35+00:00,Congo,1510,Congo River Rapids,False,0
2026-07-31T02:53:35+00:00,Congo,6333,Kumba,False,0
2026-07-31T02:53:35+00:00,Congo,10532,Ubanga-Banga Bumper Cars,False,0
2026-07-31T02:53:35+00:00,Crown Colony Plaza,6336,Cheetah Hunt,False,0
2026-07-31T02:53:35+00:00,Egypt,6335,Cobra's Curse,False,0
2026-07-31T02:53:35+00:00,Egypt,6334,Montu,False,0
2026-07-31T02:53:35+00:00,Egypt,12538,Skyride (Egypt Station),False,0
2026-07-31T02:53:35+00:00,Jungala,12539,Skyride (Jungala Station),False,0
2026-07-31T02:53:35+00:00,Morocco,1521,Gwazi Gliders,False,0
2026-07-31T02:53:35+00:00,Morocco,10516,Iron Gwazi,False,0
2026-07-31T02:53:35+00:00,Nairobi,1530,Serengeti Express (Nairobi Station),False,0
2026-07-31T02:53:35+00:00,Pantopia,6331,Falcon's Fury,False,0
2026-07-31T02:53:35+00:00,Pantopia,10529,Grand Caravan Carousel,False,0
2026-07-31T02:53:35+00:00,Pantopia,14516,Phoenix Rising,False,0
2026-07-31T02:53:35+00:00,Pantopia,11593,Serengeti Flyer,False,0
2026-07-31T02:53:35+00:00,Safari of Fun,1519,Air Grover,True,0
2026-07-31T02:53:35+00:00,Safari of Fun,1514,Big Bird's Whirly Birdie,False,0
2026-07-31T02:53:35+00:00,Safari of Fun,1513,Elmo's Safari Go-Round,False,0
2026-07-31T02:53:35+00:00,Safari of Fun,1516,Snuffy's Elephant Romp,False,0
2026-07-31T02:53:35+00:00,Safari of Fun,1524,The Count's Zambezi Rally,False,0
2026-07-31T02:53:35+00:00,Safari of Fun,1528,Zoe-Patra's Hippos of the Nile,False,0
2026-07-31T02:53:35+00:00,Stanleyville,1532,Serengeti Express (Stanleyville Station),False,0
2026-07-31T02:53:35+00:00,Stanleyville,6329,SheiKra,False,0
2026-07-31T02:53:35+00:00,Stanleyville,7310,Tigris,False,0
2026-07-31T03:02:09+00:00,Congo,1510,Congo River Rapids,False,0
2026-07-31T03:02:09+00:00,Congo,6333,Kumba,False,0
2026-07-31T03:02:09+00:00,Congo,10532,Ubanga-Banga Bumper Cars,False,0
2026-07-31T03:02:09+00:00,Crown Colony Plaza,6336,Cheetah Hunt,False,0
2026-07-31T03:02:09+00:00,Egypt,6335,Cobra's Curse,False,0
2026-07-31T03:02:09+00:00,Egypt,6334,Montu,False,0
2026-07-31T03:02:09+00:00,Egypt,12538,Skyride (Egypt Station),False,0
2026-07-31T03:02:09+00:00,Jungala,12539,Skyride (Jungala Station),False,0
2026-07-31T03:02:09+00:00,Morocco,1521,Gwazi Gliders,False,0
2026-07-31T03:02:09+00:00,Morocco,10516,Iron Gwazi,False,0
2026-07-31T03:02:09+00:00,Nairobi,1530,Serengeti Express (Nairobi Station),False,0
2026-07-31T03:02:09+00:00,Pantopia,6331,Falcon's Fury,False,0
2026-07-31T03:02:09+00:00,Pantopia,10529,Grand Caravan Carousel,False,0
2026-07-31T03:02:09+00:00,Pantopia,14516,Phoenix Rising,False,0
2026-07-31T03:02:09+00:00,Pantopia,11593,Serengeti Flyer,False,0
2026-07-31T03:02:09+00:00,Safari of Fun,1519,Air Grover,True,0
2026-07-31T03:02:09+00:00,Safari of Fun,1514,Big Bird's Whirly Birdie,False,0
2026-07-31T03:02:09+00:00,Safari of Fun,1513,Elmo's Safari Go-Round,False,0
2026-07-31T03:02:09+00:00,Safari of Fun,1516,Snuffy's Elephant Romp,False,0
2026-07-31T03:02:09+00:00,Safari of Fun,1524,The Count's Zambezi Rally,False,0
2026-07-31T03:02:09+00:00,Safari of Fun,1528,Zoe-Patra's Hippos of the Nile,False,0
2026-07-31T03:02:09+00:00,Stanleyville,1532,Serengeti Express (Stanleyville Station),False,0
2026-07-31T03:02:09+00:00,Stanleyville,6329,SheiKra,False,0
2026-07-31T03:02:09+00:00,Stanleyville,7310,Tigris,False,0
2026-07-31T03:03:08+00:00,Congo,1510,Congo River Rapids,False,0
2026-07-31T03:03:08+00:00,Congo,6333,Kumba,False,0
2026-07-31T03:03:08+00:00,Congo,10532,Ubanga-Banga Bumper Cars,False,0
2026-07-31T03:03:08+00:00,Crown Colony Plaza,6336,Cheetah Hunt,False,0
2026-07-31T03:03:08+00:00,Egypt,6335,Cobra's Curse,False,0
2026-07-31T03:03:08+00:00,Egypt,6334,Montu,False,0
2026-07-31T03:03:08+00:00,Egypt,12538,Skyride (Egypt Station),False,0
2026-07-31T03:03:08+00:00,Jungala,12539,Skyride (Jungala Station),False,0
2026-07-31T03:03:08+00:00,Morocco,1521,Gwazi Gliders,False,0
2026-07-31T03:03:08+00:00,Morocco,10516,Iron Gwazi,False,0
2026-07-31T03:03:08+00:00,Nairobi,1530,Serengeti Express (Nairobi Station),False,0
2026-07-31T03:03:08+00:00,Pantopia,6331,Falcon's Fury,False,0
2026-07-31T03:03:08+00:00,Pantopia,10529,Grand Caravan Carousel,False,0
2026-07-31T03:03:08+00:00,Pantopia,14516,Phoenix Rising,False,0
2026-07-31T03:03:08+00:00,Pantopia,11593,Serengeti Flyer,False,0
2026-07-31T03:03:08+00:00,Safari of Fun,1519,Air Grover,True,0
2026-07-31T03:03:08+00:00,Safari of Fun,1514,Big Bird's Whirly Birdie,False,0
2026-07-31T03:03:08+00:00,Safari of Fun,1513,Elmo's Safari Go-Round,False,0
2026-07-31T03:03:08+00:00,Safari of Fun,1516,Snuffy's Elephant Romp,False,0
2026-07-31T03:03:08+00:00,Safari of Fun,1524,The Count's Zambezi Rally,False,0
2026-07-31T03:03:08+00:00,Safari of Fun,1528,Zoe-Patra's Hippos of the Nile,False,0
2026-07-31T03:03:08+00:00,Stanleyville,1532,Serengeti Express (Stanleyville Station),False,0
2026-07-31T03:03:08+00:00,Stanleyville,6329,SheiKra,False,0
2026-07-31T03:03:08+00:00,Stanleyville,7310,Tigris,False,0
2026-07-31T03:05:11+00:00,Congo,1510,Congo River Rapids,False,0
2026-07-31T03:05:11+00:00,Congo,6333,Kumba,False,0
2026-07-31T03:05:11+00:00,Congo,10532,Ubanga-Banga Bumper Cars,False,0
2026-07-31T03:05:11+00:00,Crown Colony Plaza,6336,Cheetah Hunt,False,0
2026-07-31T03:05:11+00:00,Egypt,6335,Cobra's Curse,False,0
2026-07-31T03:05:11+00:00,Egypt,6334,Montu,False,0
2026-07-31T03:05:11+00:00,Egypt,12538,Skyride (Egypt Station),False,0
2026-07-31T03:05:11+00:00,Jungala,12539,Skyride (Jungala Station),False,0
2026-07-31T03:05:11+00:00,Morocco,1521,Gwazi Gliders,False,0
2026-07-31T03:05:11+00:00,Morocco,10516,Iron Gwazi,False,0
2026-07-31T03:05:11+00:00,Nairobi,1530,Serengeti Express (Nairobi Station),False,0
2026-07-31T03:05:11+00:00,Pantopia,6331,Falcon's Fury,False,0
2026-07-31T03:05:11+00:00,Pantopia,10529,Grand Caravan Carousel,False,0
2026-07-31T03:05:11+00:00,Pantopia,14516,Phoenix Rising,False,0
2026-07-31T03:05:11+00:00,Pantopia,11593,Serengeti Flyer,False,0
2026-07-31T03:05:11+00:00,Safari of Fun,1519,Air Grover,True,0
2026-07-31T03:05:11+00:00,Safari of Fun,1514,Big Bird's Whirly Birdie,False,0
2026-07-31T03:05:11+00:00,Safari of Fun,1513,Elmo's Safari Go-Round,False,0
2026-07-31T03:05:11+00:00,Safari of Fun,1516,Snuffy's Elephant Romp,False,0
2026-07-31T03:05:11+00:00,Safari of Fun,1524,The Count's Zambezi Rally,False,0
2026-07-31T03:05:11+00:00,Safari of Fun,1528,Zoe-Patra's Hippos of the Nile,False,0
2026-07-31T03:05:11+00:00,Stanleyville,1532,Serengeti Express (Stanleyville Station),False,0
2026-07-31T03:05:11+00:00,Stanleyville,6329,SheiKra,False,0
2026-07-31T03:05:11+00:00,Stanleyville,7310,Tigris,False,0
2026-07-31T03:10:15+00:00,Congo,1510,Congo River Rapids,False,0
2026-07-31T03:10:15+00:00,Congo,6333,Kumba,False,0
2026-07-31T03:10:15+00:00,Congo,10532,Ubanga-Banga Bumper Cars,False,0
2026-07-31T03:10:15+00:00,Crown Colony Plaza,6336,Cheetah Hunt,False,0
2026-07-31T03:10:15+00:00,Egypt,6335,Cobra's Curse,False,0
2026-07-31T03:10:15+00:00,Egypt,6334,Montu,False,0
2026-07-31T03:10:15+00:00,Egypt,12538,Skyride (Egypt Station),False,0
2026-07-31T03:10:15+00:00,Jungala,12539,Skyride (Jungala Station),False,0
2026-07-31T03:10:15+00:00,Morocco,1521,Gwazi Gliders,False,0
2026-07-31T03:10:15+00:00,Morocco,10516,Iron Gwazi,False,0
2026-07-31T03:10:15+00:00,Nairobi,1530,Serengeti Express (Nairobi Station),False,0
2026-07-31T03:10:15+00:00,Pantopia,6331,Falcon's Fury,False,0
2026-07-31T03:10:15+00:00,Pantopia,10529,Grand Caravan Carousel,False,0
2026-07-31T03:10:15+00:00,Pantopia,14516,Phoenix Rising,False,0
2026-07-31T03:10:15+00:00,Pantopia,11593,Serengeti Flyer,False,0
2026-07-31T03:10:15+00:00,Safari of Fun,1519,Air Grover,True,0
2026-07-31T03:10:15+00:00,Safari of Fun,1514,Big Bird's Whirly Birdie,False,0
2026-07-31T03:10:15+00:00,Safari of Fun,1513,Elmo's Safari Go-Round,False,0
2026-07-31T03:10:15+00:00,Safari of Fun,1516,Snuffy's Elephant Romp,False,0
2026-07-31T03:10:15+00:00,Safari of Fun,1524,The Count's Zambezi Rally,False,0
2026-07-31T03:10:15+00:00,Safari of Fun,1528,Zoe-Patra's Hippos of the Nile,False,0
2026-07-31T03:10:15+00:00,Stanleyville,1532,Serengeti Express (Stanleyville Station),False,0
2026-07-31T03:10:15+00:00,Stanleyville,6329,SheiKra,False,0
2026-07-31T03:10:15+00:00,Stanleyville,7310,Tigris,False,0
2026-07-31T03:15:20+00:00,Congo,1510,Congo River Rapids,False,0
2026-07-31T03:15:20+00:00,Congo,6333,Kumba,False,0
2026-07-31T03:15:20+00:00,Congo,10532,Ubanga-Banga Bumper Cars,False,0
2026-07-31T03:15:20+00:00,Crown Colony Plaza,6336,Cheetah Hunt,False,0
2026-07-31T03:15:20+00:00,Egypt,6335,Cobra's Curse,False,0
2026-07-31T03:15:20+00:00,Egypt,6334,Montu,False,0
2026-07-31T03:15:20+00:00,Egypt,12538,Skyride (Egypt Station),False,0
2026-07-31T03:15:20+00:00,Jungala,12539,Skyride (Jungala Station),False,0
2026-07-31T03:15:20+00:00,Morocco,1521,Gwazi Gliders,False,0
2026-07-31T03:15:20+00:00,Morocco,10516,Iron Gwazi,False,0
2026-07-31T03:15:20+00:00,Nairobi,1530,Serengeti Express (Nairobi Station),False,0
2026-07-31T03:15:20+00:00,Pantopia,6331,Falcon's Fury,False,0
2026-07-31T03:15:20+00:00,Pantopia,10529,Grand Caravan Carousel,False,0
2026-07-31T03:15:20+00:00,Pantopia,14516,Phoenix Rising,False,0
2026-07-31T03:15:20+00:00,Pantopia,11593,Serengeti Flyer,False,0
2026-07-31T03:15:20+00:00,Safari of Fun,1519,Air Grover,True,0
2026-07-31T03:15:20+00:00,Safari of Fun,1514,Big Bird's Whirly Birdie,False,0
2026-07-31T03:15:20+00:00,Safari of Fun,1513,Elmo's Safari Go-Round,False,0
2026-07-31T03:15:20+00:00,Safari of Fun,1516,Snuffy's Elephant Romp,False,0
2026-07-31T03:15:20+00:00,Safari of Fun,1524,The Count's Zambezi Rally,False,0
2026-07-31T03:15:20+00:00,Safari of Fun,1528,Zoe-Patra's Hippos of the Nile,False,0
2026-07-31T03:15:20+00:00,Stanleyville,1532,Serengeti Express (Stanleyville Station),False,0
2026-07-31T03:15:20+00:00,Stanleyville,6329,SheiKra,False,0
2026-07-31T03:15:20+00:00,Stanleyville,7310,Tigris,False,0
2026-07-31T03:20:12+00:00,Congo,1510,Congo River Rapids,False,0
2026-07-31T03:20:12+00:00,Congo,6333,Kumba,False,0
2026-07-31T03:20:12+00:00,Congo,10532,Ubanga-Banga Bumper Cars,False,0
2026-07-31T03:20:12+00:00,Crown Colony Plaza,6336,Cheetah Hunt,False,0
2026-07-31T03:20:12+00:00,Egypt,6335,Cobra's Curse,False,0
2026-07-31T03:20:12+00:00,Egypt,6334,Montu,False,0
2026-07-31T03:20:12+00:00,Egypt,12538,Skyride (Egypt Station),False,0
2026-07-31T03:20:12+00:00,Jungala,12539,Skyride (Jungala Station),False,0
2026-07-31T03:20:12+00:00,Morocco,1521,Gwazi Gliders,False,0
2026-07-31T03:20:12+00:00,Morocco,10516,Iron Gwazi,False,0
2026-07-31T03:20:12+00:00,Nairobi,1530,Serengeti Express (Nairobi Station),False,0
2026-07-31T03:20:12+00:00,Pantopia,6331,Falcon's Fury,False,0
2026-07-31T03:20:12+00:00,Pantopia,10529,Grand Caravan Carousel,False,0
2026-07-31T03:20:12+00:00,Pantopia,14516,Phoenix Rising,False,0
2026-07-31T03:20:12+00:00,Pantopia,11593,Serengeti Flyer,False,0
2026-07-31T03:20:12+00:00,Safari of Fun,1519,Air Grover,True,0
2026-07-31T03:20:12+00:00,Safari of Fun,1514,Big Bird's Whirly Birdie,False,0
2026-07-31T03:20:12+00:00,Safari of Fun,1513,Elmo's Safari Go-Round,False,0
2026-07-31T03:20:12+00:00,Safari of Fun,1516,Snuffy's Elephant Romp,False,0
2026-07-31T03:20:12+00:00,Safari of Fun,1524,The Count's Zambezi Rally,False,0
2026-07-31T03:20:12+00:00,Safari of Fun,1528,Zoe-Patra's Hippos of the Nile,False,0
2026-07-31T03:20:12+00:00,Stanleyville,1532,Serengeti Express (Stanleyville Station),False,0
2026-07-31T03:20:12+00:00,Stanleyville,6329,SheiKra,False,0
2026-07-31T03:20:12+00:00,Stanleyville,7310,Tigris,False,0
2026-07-31T03:25:10+00:00,Congo,1510,Congo River Rapids,False,0
2026-07-31T03:25:10+00:00,Congo,6333,Kumba,False,0
2026-07-31T03:25:10+00:00,Congo,10532,Ubanga-Banga Bumper Cars,False,0
2026-07-31T03:25:10+00:00,Crown Colony Plaza,6336,Cheetah Hunt,False,0
2026-07-31T03:25:10+00:00,Egypt,6335,Cobra's Curse,False,0
2026-07-31T03:25:10+00:00,Egypt,6334,Montu,False,0
2026-07-31T03:25:10+00:00,Egypt,12538,Skyride (Egypt Station),False,0
2026-07-31T03:25:10+00:00,Jungala,12539,Skyride (Jungala Station),False,0
2026-07-31T03:25:10+00:00,Morocco,1521,Gwazi Gliders,False,0
2026-07-31T03:25:10+00:00,Morocco,10516,Iron Gwazi,False,0
2026-07-31T03:25:10+00:00,Nairobi,1530,Serengeti Express (Nairobi Station),False,0
2026-07-31T03:25:10+00:00,Pantopia,6331,Falcon's Fury,False,0
2026-07-31T03:25:10+00:00,Pantopia,10529,Grand Caravan Carousel,False,0
2026-07-31T03:25:10+00:00,Pantopia,14516,Phoenix Rising,False,0
2026-07-31T03:25:10+00:00,Pantopia,11593,Serengeti Flyer,False,0
2026-07-31T03:25:10+00:00,Safari of Fun,1519,Air Grover,True,0
2026-07-31T03:25:10+00:00,Safari of Fun,1514,Big Bird's Whirly Birdie,False,0
2026-07-31T03:25:10+00:00,Safari of Fun,1513,Elmo's Safari Go-Round,False,0
2026-07-31T03:25:10+00:00,Safari of Fun,1516,Snuffy's Elephant Romp,False,0
2026-07-31T03:25:10+00:00,Safari of Fun,1524,The Count's Zambezi Rally,False,0
2026-07-31T03:25:10+00:00,Safari of Fun,1528,Zoe-Patra's Hippos of the Nile,False,0
2026-07-31T03:25:10+00:00,Stanleyville,1532,Serengeti Express (Stanleyville Station),False,0
2026-07-31T03:25:10+00:00,Stanleyville,6329,SheiKra,False,0
2026-07-31T03:25:10+00:00,Stanleyville,7310,Tigris,False,0
2026-07-31T03:30:15+00:00,Congo,1510,Congo River Rapids,False,0
2026-07-31T03:30:15+00:00,Congo,6333,Kumba,False,0
2026-07-31T03:30:15+00:00,Congo,10532,Ubanga-Banga Bumper Cars,False,0
2026-07-31T03:30:15+00:00,Crown Colony Plaza,6336,Cheetah Hunt,False,0
2026-07-31T03:30:15+00:00,Egypt,6335,Cobra's Curse,False,0
2026-07-31T03:30:15+00:00,Egypt,6334,Montu,False,0
2026-07-31T03:30:15+00:00,Egypt,12538,Skyride (Egypt Station),False,0
2026-07-31T03:30:15+00:00,Jungala,12539,Skyride (Jungala Station),False,0
2026-07-31T03:30:15+00:00,Morocco,1521,Gwazi Gliders,False,0
2026-07-31T03:30:15+00:00,Morocco,10516,Iron Gwazi,False,0
2026-07-31T03:30:15+00:00,Nairobi,1530,Serengeti Express (Nairobi Station),False,0
2026-07-31T03:30:15+00:00,Pantopia,6331,Falcon's Fury,False,0
2026-07-31T03:30:15+00:00,Pantopia,10529,Grand Caravan Carousel,False,0
2026-07-31T03:30:15+00:00,Pantopia,14516,Phoenix Rising,False,0
2026-07-31T03:30:15+00:00,Pantopia,11593,Serengeti Flyer,False,0
2026-07-31T03:30:15+00:00,Safari of Fun,1519,Air Grover,True,0
2026-07-31T03:30:15+00:00,Safari of Fun,1514,Big Bird's Whirly Birdie,False,0
2026-07-31T03:30:15+00:00,Safari of Fun,1513,Elmo's Safari Go-Round,False,0
2026-07-31T03:30:15+00:00,Safari of Fun,1516,Snuffy's Elephant Romp,False,0
2026-07-31T03:30:15+00:00,Safari of Fun,1524,The Count's Zambezi Rally,False,0
2026-07-31T03:30:15+00:00,Safari of Fun,1528,Zoe-Patra's Hippos of the Nile,False,0
2026-07-31T03:30:15+00:00,Stanleyville,1532,Serengeti Express (Stanleyville Station),False,0
2026-07-31T03:30:15+00:00,Stanleyville,6329,SheiKra,False,0
2026-07-31T03:30:15+00:00,Stanleyville,7310,Tigris,False,0
2026-07-31T03:35:18+00:00,Congo,1510,Congo River Rapids,False,0
2026-07-31T03:35:18+00:00,Congo,6333,Kumba,False,0
2026-07-31T03:35:18+00:00,Congo,10532,Ubanga-Banga Bumper Cars,False,0
2026-07-31T03:35:18+00:00,Crown Colony Plaza,6336,Cheetah Hunt,False,0
2026-07-31T03:35:18+00:00,Egypt,6335,Cobra's Curse,False,0
2026-07-31T03:35:18+00:00,Egypt,6334,Montu,False,0
2026-07-31T03:35:18+00:00,Egypt,12538,Skyride (Egypt Station),False,0
2026-07-31T03:35:18+00:00,Jungala,12539,Skyride (Jungala Station),False,0
2026-07-31T03:35:18+00:00,Morocco,1521,Gwazi Gliders,False,0
2026-07-31T03:35:18+00:00,Morocco,10516,Iron Gwazi,False,0
2026-07-31T03:35:18+00:00,Nairobi,1530,Serengeti Express (Nairobi Station),False,0
2026-07-31T03:35:18+00:00,Pantopia,6331,Falcon's Fury,False,0
2026-07-31T03:35:18+00:00,Pantopia,10529,Grand Caravan Carousel,False,0
2026-07-31T03:35:18+00:00,Pantopia,14516,Phoenix Rising,False,0
2026-07-31T03:35:18+00:00,Pantopia,11593,Serengeti Flyer,False,0
2026-07-31T03:35:18+00:00,Safari of Fun,1519,Air Grover,True,0
2026-07-31T03:35:18+00:00,Safari of Fun,1514,Big Bird's Whirly Birdie,False,0
2026-07-31T03:35:18+00:00,Safari of Fun,1513,Elmo's Safari Go-Round,False,0
2026-07-31T03:35:18+00:00,Safari of Fun,1516,Snuffy's Elephant Romp,False,0
2026-07-31T03:35:18+00:00,Safari of Fun,1524,The Count's Zambezi Rally,False,0
2026-07-31T03:35:18+00:00,Safari of Fun,1528,Zoe-Patra's Hippos of the Nile,False,0
2026-07-31T03:35:18+00:00,Stanleyville,1532,Serengeti Express (Stanleyville Station),False,0
2026-07-31T03:35:18+00:00,Stanleyville,6329,SheiKra,False,0
2026-07-31T03:35:18+00:00,Stanleyville,7310,Tigris,False,0
2026-07-31T03:40:15+00:00,Congo,1510,Congo River Rapids,False,0
2026-07-31T03:40:15+00:00,Congo,6333,Kumba,False,0
2026-07-31T03:40:15+00:00,Congo,10532,Ubanga-Banga Bumper Cars,False,0
2026-07-31T03:40:15+00:00,Crown Colony Plaza,6336,Cheetah Hunt,False,0
2026-07-31T03:40:15+00:00,Egypt,6335,Cobra's Curse,False,0
2026-07-31T03:40:15+00:00,Egypt,6334,Montu,False,0
2026-07-31T03:40:15+00:00,Egypt,12538,Skyride (Egypt Station),False,0
2026-07-31T03:40:15+00:00,Jungala,12539,Skyride (Jungala Station),False,0
2026-07-31T03:40:15+00:00,Morocco,1521,Gwazi Gliders,False,0
2026-07-31T03:40:15+00:00,Morocco,10516,Iron Gwazi,False,0
2026-07-31T03:40:15+00:00,Nairobi,1530,Serengeti Express (Nairobi Station),False,0
2026-07-31T03:40:15+00:00,Pantopia,6331,Falcon's Fury,False,0
2026-07-31T03:40:15+00:00,Pantopia,10529,Grand Caravan Carousel,False,0
2026-07-31T03:40:15+00:00,Pantopia,14516,Phoenix Rising,False,0
2026-07-31T03:40:15+00:00,Pantopia,11593,Serengeti Flyer,False,0
2026-07-31T03:40:15+00:00,Safari of Fun,1519,Air Grover,True,0
2026-07-31T03:40:15+00:00,Safari of Fun,1514,Big Bird's Whirly Birdie,False,0
2026-07-31T03:40:15+00:00,Safari of Fun,1513,Elmo's Safari Go-Round,False,0
2026-07-31T03:40:15+00:00,Safari of Fun,1516,Snuffy's Elephant Romp,False,0
2026-07-31T03:40:15+00:00,Safari of Fun,1524,The Count's Zambezi Rally,False,0
2026-07-31T03:40:15+00:00,Safari of Fun,1528,Zoe-Patra's Hippos of the Nile,False,0
2026-07-31T03:40:15+00:00,Stanleyville,1532,Serengeti Express (Stanleyville Station),False,0
2026-07-31T03:40:15+00:00,Stanleyville,6329,SheiKra,False,0
2026-07-31T03:40:15+00:00,Stanleyville,7310,Tigris,False,0
2026-07-31T03:45:13+00:00,Congo,1510,Congo River Rapids,False,0
2026-07-31T03:45:13+00:00,Congo,6333,Kumba,False,0
2026-07-31T03:45:13+00:00,Congo,10532,Ubanga-Banga Bumper Cars,False,0
2026-07-31T03:45:13+00:00,Crown Colony Plaza,6336,Cheetah Hunt,False,0
2026-07-31T03:45:13+00:00,Egypt,6335,Cobra's Curse,False,0
2026-07-31T03:45:13+00:00,Egypt,6334,Montu,False,0
2026-07-31T03:45:13+00:00,Egypt,12538,Skyride (Egypt Station),False,0
2026-07-31T03:45:13+00:00,Jungala,12539,Skyride (Jungala Station),False,0
2026-07-31T03:45:13+00:00,Morocco,1521,Gwazi Gliders,False,0
2026-07-31T03:45:13+00:00,Morocco,10516,Iron Gwazi,False,0
2026-07-31T03:45:13+00:00,Nairobi,1530,Serengeti Express (Nairobi Station),False,0
2026-07-31T03:45:13+00:00,Pantopia,6331,Falcon's Fury,False,0
2026-07-31T03:45:13+00:00,Pantopia,10529,Grand Caravan Carousel,False,0
2026-07-31T03:45:13+00:00,Pantopia,14516,Phoenix Rising,False,0
2026-07-31T03:45:13+00:00,Pantopia,11593,Serengeti Flyer,False,0
2026-07-31T03:45:13+00:00,Safari of Fun,1519,Air Grover,True,0
2026-07-31T03:45:13+00:00,Safari of Fun,1514,Big Bird's Whirly Birdie,False,0
2026-07-31T03:45:13+00:00,Safari of Fun,1513,Elmo's Safari Go-Round,False,0
2026-07-31T03:45:13+00:00,Safari of Fun,1516,Snuffy's Elephant Romp,False,0
2026-07-31T03:45:13+00:00,Safari of Fun,1524,The Count's Zambezi Rally,False,0
2026-07-31T03:45:13+00:00,Safari of Fun,1528,Zoe-Patra's Hippos of the Nile,False,0
2026-07-31T03:45:13+00:00,Stanleyville,1532,Serengeti Express (Stanleyville Station),False,0
2026-07-31T03:45:13+00:00,Stanleyville,6329,SheiKra,False,0
2026-07-31T03:45:13+00:00,Stanleyville,7310,Tigris,False,0
2026-07-31T03:50:13+00:00,Congo,1510,Congo River Rapids,False,0
2026-07-31T03:50:13+00:00,Congo,6333,Kumba,False,0
2026-07-31T03:50:13+00:00,Congo,10532,Ubanga-Banga Bumper Cars,False,0
2026-07-31T03:50:13+00:00,Crown Colony Plaza,6336,Cheetah Hunt,False,0
2026-07-31T03:50:13+00:00,Egypt,6335,Cobra's Curse,False,0
2026-07-31T03:50:13+00:00,Egypt,6334,Montu,False,0
2026-07-31T03:50:13+00:00,Egypt,12538,Skyride (Egypt Station),False,0
2026-07-31T03:50:13+00:00,Jungala,12539,Skyride (Jungala Station),False,0
2026-07-31T03:50:13+00:00,Morocco,1521,Gwazi Gliders,False,0
2026-07-31T03:50:13+00:00,Morocco,10516,Iron Gwazi,False,0
2026-07-31T03:50:13+00:00,Nairobi,1530,Serengeti Express (Nairobi Station),False,0
2026-07-31T03:50:13+00:00,Pantopia,6331,Falcon's Fury,False,0
2026-07-31T03:50:13+00:00,Pantopia,10529,Grand Caravan Carousel,False,0
2026-07-31T03:50:13+00:00,Pantopia,14516,Phoenix Rising,False,0
2026-07-31T03:50:13+00:00,Pantopia,11593,Serengeti Flyer,False,0
2026-07-31T03:50:13+00:00,Safari of Fun,1519,Air Grover,True,0
2026-07-31T03:50:13+00:00,Safari of Fun,1514,Big Bird's Whirly Birdie,False,0
2026-07-31T03:50:13+00:00,Safari of Fun,1513,Elmo's Safari Go-Round,False,0
2026-07-31T03:50:13+00:00,Safari of Fun,1516,Snuffy's Elephant Romp,False,0
2026-07-31T03:50:13+00:00,Safari of Fun,1524,The Count's Zambezi Rally,False,0
2026-07-31T03:50:13+00:00,Safari of Fun,1528,Zoe-Patra's Hippos of the Nile,False,0
2026-07-31T03:50:13+00:00,Stanleyville,1532,Serengeti Express (Stanleyville Station),False,0
2026-07-31T03:50:13+00:00,Stanleyville,6329,SheiKra,False,0
2026-07-31T03:50:13+00:00,Stanleyville,7310,Tigris,False,0
2026-07-31T03:55:11+00:00,Congo,1510,Congo River Rapids,False,0
2026-07-31T03:55:11+00:00,Congo,6333,Kumba,False,0
2026-07-31T03:55:11+00:00,Congo,10532,Ubanga-Banga Bumper Cars,False,0
2026-07-31T03:55:11+00:00,Crown Colony Plaza,6336,Cheetah Hunt,False,0
2026-07-31T03:55:11+00:00,Egypt,6335,Cobra's Curse,False,0
2026-07-31T03:55:11+00:00,Egypt,6334,Montu,False,0
2026-07-31T03:55:11+00:00,Egypt,12538,Skyride (Egypt Station),False,0
2026-07-31T03:55:11+00:00,Jungala,12539,Skyride (Jungala Station),False,0
2026-07-31T03:55:11+00:00,Morocco,1521,Gwazi Gliders,False,0
2026-07-31T03:55:11+00:00,Morocco,10516,Iron Gwazi,False,0
2026-07-31T03:55:11+00:00,Nairobi,1530,Serengeti Express (Nairobi Station),False,0
2026-07-31T03:55:11+00:00,Pantopia,6331,Falcon's Fury,False,0
2026-07-31T03:55:11+00:00,Pantopia,10529,Grand Caravan Carousel,False,0
2026-07-31T03:55:11+00:00,Pantopia,14516,Phoenix Rising,False,0
2026-07-31T03:55:11+00:00,Pantopia,11593,Serengeti Flyer,False,0
2026-07-31T03:55:11+00:00,Safari of Fun,1519,Air Grover,True,0
2026-07-31T03:55:11+00:00,Safari of Fun,1514,Big Bird's Whirly Birdie,False,0
2026-07-31T03:55:11+00:00,Safari of Fun,1513,Elmo's Safari Go-Round,False,0
2026-07-31T03:55:11+00:00,Safari of Fun,1516,Snuffy's Elephant Romp,False,0
2026-07-31T03:55:11+00:00,Safari of Fun,1524,The Count's Zambezi Rally,False,0
2026-07-31T03:55:11+00:00,Safari of Fun,1528,Zoe-Patra's Hippos of the Nile,False,0
2026-07-31T03:55:11+00:00,Stanleyville,1532,Serengeti Express (Stanleyville Station),False,0
2026-07-31T03:55:11+00:00,Stanleyville,6329,SheiKra,False,0
2026-07-31T03:55:11+00:00,Stanleyville,7310,Tigris,False,0
2026-07-31T04:00:17+00:00,Congo,1510,Congo River Rapids,False,0
2026-07-31T04:00:17+00:00,Congo,6333,Kumba,False,0
2026-07-31T04:00:17+00:00,Congo,10532,Ubanga-Banga Bumper Cars,False,0
2026-07-31T04:00:17+00:00,Crown Colony Plaza,6336,Cheetah Hunt,False,0
2026-07-31T04:00:17+00:00,Egypt,6335,Cobra's Curse,False,0
2026-07-31T04:00:17+00:00,Egypt,6334,Montu,False,0
2026-07-31T04:00:17+00:00,Egypt,12538,Skyride (Egypt Station),False,0
2026-07-31T04:00:17+00:00,Jungala,12539,Skyride (Jungala Station),False,0
2026-07-31T04:00:17+00:00,Morocco,1521,Gwazi Gliders,False,0
2026-07-31T04:00:17+00:00,Morocco,10516,Iron Gwazi,False,0
2026-07-31T04:00:17+00:00,Nairobi,1530,Serengeti Express (Nairobi Station),False,0
2026-07-31T04:00:17+00:00,Pantopia,6331,Falcon's Fury,False,0
2026-07-31T04:00:17+00:00,Pantopia,10529,Grand Caravan Carousel,False,0
2026-07-31T04:00:17+00:00,Pantopia,14516,Phoenix Rising,False,0
2026-07-31T04:00:17+00:00,Pantopia,11593,Serengeti Flyer,False,0
2026-07-31T04:00:17+00:00,Safari of Fun,1519,Air Grover,True,0
2026-07-31T04:00:17+00:00,Safari of Fun,1514,Big Bird's Whirly Birdie,False,0
2026-07-31T04:00:17+00:00,Safari of Fun,1513,Elmo's Safari Go-Round,False,0
2026-07-31T04:00:17+00:00,Safari of Fun,1516,Snuffy's Elephant Romp,False,0
2026-07-31T04:00:17+00:00,Safari of Fun,1524,The Count's Zambezi Rally,False,0
2026-07-31T04:00:17+00:00,Safari of Fun,1528,Zoe-Patra's Hippos of the Nile,False,0
2026-07-31T04:00:17+00:00,Stanleyville,1532,Serengeti Express (Stanleyville Station),False,0
2026-07-31T04:00:17+00:00,Stanleyville,6329,SheiKra,False,0
2026-07-31T04:00:17+00:00,Stanleyville,7310,Tigris,False,0
2026-07-31T04:05:12+00:00,Congo,1510,Congo River Rapids,False,0
2026-07-31T04:05:12+00:00,Congo,6333,Kumba,False,0
2026-07-31T04:05:12+00:00,Congo,10532,Ubanga-Banga Bumper Cars,False,0
2026-07-31T04:05:12+00:00,Crown Colony Plaza,6336,Cheetah Hunt,False,0
2026-07-31T04:05:12+00:00,Egypt,6335,Cobra's Curse,False,0
2026-07-31T04:05:12+00:00,Egypt,6334,Montu,False,0
2026-07-31T04:05:12+00:00,Egypt,12538,Skyride (Egypt Station),False,0
2026-07-31T04:05:12+00:00,Jungala,12539,Skyride (Jungala Station),False,0
2026-07-31T04:05:12+00:00,Morocco,1521,Gwazi Gliders,False,0
2026-07-31T04:05:12+00:00,Morocco,10516,Iron Gwazi,False,0
2026-07-31T04:05:12+00:00,Nairobi,1530,Serengeti Express (Nairobi Station),False,0
2026-07-31T04:05:12+00:00,Pantopia,6331,Falcon's Fury,False,0
2026-07-31T04:05:12+00:00,Pantopia,10529,Grand Caravan Carousel,False,0
2026-07-31T04:05:12+00:00,Pantopia,14516,Phoenix Rising,False,0
2026-07-31T04:05:12+00:00,Pantopia,11593,Serengeti Flyer,False,0
2026-07-31T04:05:12+00:00,Safari of Fun,1519,Air Grover,False,0
2026-07-31T04:05:12+00:00,Safari of Fun,1514,Big Bird's Whirly Birdie,False,0
2026-07-31T04:05:12+00:00,Safari of Fun,1513,Elmo's Safari Go-Round,False,0
2026-07-31T04:05:12+00:00,Safari of Fun,1516,Snuffy's Elephant Romp,False,0
2026-07-31T04:05:12+00:00,Safari of Fun,1524,The Count's Zambezi Rally,False,0
2026-07-31T04:05:12+00:00,Safari of Fun,1528,Zoe-Patra's Hippos of the Nile,False,0
2026-07-31T04:05:12+00:00,Stanleyville,1532,Serengeti Express (Stanleyville Station),False,0
2026-07-31T04:05:12+00:00,Stanleyville,6329,SheiKra,False,0
2026-07-31T04:05:12+00:00,Stanleyville,7310,Tigris,False,0
2026-07-31T04:10:12+00:00,Congo,1510,Congo River Rapids,False,0
2026-07-31T04:10:12+00:00,Congo,6333,Kumba,False,0
2026-07-31T04:10:12+00:00,Congo,10532,Ubanga-Banga Bumper Cars,False,0
2026-07-31T04:10:12+00:00,Crown Colony Plaza,6336,Cheetah Hunt,False,0
2026-07-31T04:10:12+00:00,Egypt,6335,Cobra's Curse,False,0
2026-07-31T04:10:12+00:00,Egypt,6334,Montu,False,0
2026-07-31T04:10:12+00:00,Egypt,12538,Skyride (Egypt Station),False,0
2026-07-31T04:10:12+00:00,Jungala,12539,Skyride (Jungala Station),False,0
2026-07-31T04:10:12+00:00,Morocco,1521,Gwazi Gliders,False,0
2026-07-31T04:10:12+00:00,Morocco,10516,Iron Gwazi,False,0
2026-07-31T04:10:12+00:00,Nairobi,1530,Serengeti Express (Nairobi Station),False,0
2026-07-31T04:10:12+00:00,Pantopia,6331,Falcon's Fury,False,0
2026-07-31T04:10:12+00:00,Pantopia,10529,Grand Caravan Carousel,False,0
2026-07-31T04:10:12+00:00,Pantopia,14516,Phoenix Rising,False,0
2026-07-31T04:10:12+00:00,Pantopia,11593,Serengeti Flyer,False,0
2026-07-31T04:10:12+00:00,Safari of Fun,1519,Air Grover,False,0
2026-07-31T04:10:12+00:00,Safari of Fun,1514,Big Bird's Whirly Birdie,False,0
2026-07-31T04:10:12+00:00,Safari of Fun,1513,Elmo's Safari Go-Round,False,0
2026-07-31T04:10:12+00:00,Safari of Fun,1516,Snuffy's Elephant Romp,False,0
2026-07-31T04:10:12+00:00,Safari of Fun,1524,The Count's Zambezi Rally,False,0
2026-07-31T04:10:12+00:00,Safari of Fun,1528,Zoe-Patra's Hippos of the Nile,False,0
2026-07-31T04:10:12+00:00,Stanleyville,1532,Serengeti Express (Stanleyville Station),False,0
2026-07-31T04:10:12+00:00,Stanleyville,6329,SheiKra,False,0
2026-07-31T04:10:12+00:00,Stanleyville,7310,Tigris,False,0
2026-07-31T04:15:13+00:00,Congo,1510,Congo River Rapids,False,0
2026-07-31T04:15:13+00:00,Congo,6333,Kumba,False,0
2026-07-31T04:15:13+00:00,Congo,10532,Ubanga-Banga Bumper Cars,False,0
2026-07-31T04:15:13+00:00,Crown Colony Plaza,6336,Cheetah Hunt,False,0
2026-07-31T04:15:13+00:00,Egypt,6335,Cobra's Curse,False,0
2026-07-31T04:15:13+00:00,Egypt,6334,Montu,False,0
2026-07-31T04:15:13+00:00,Egypt,12538,Skyride (Egypt Station),False,0
2026-07-31T04:15:13+00:00,Jungala,12539,Skyride (Jungala Station),False,0
2026-07-31T04:15:13+00:00,Morocco,1521,Gwazi Gliders,False,0
2026-07-31T04:15:13+00:00,Morocco,10516,Iron Gwazi,False,0
2026-07-31T04:15:13+00:00,Nairobi,1530,Serengeti Express (Nairobi Station),False,0
2026-07-31T04:15:13+00:00,Pantopia,6331,Falcon's Fury,False,0
2026-07-31T04:15:13+00:00,Pantopia,10529,Grand Caravan Carousel,False,0
2026-07-31T04:15:13+00:00,Pantopia,14516,Phoenix Rising,False,0
2026-07-31T04:15:13+00:00,Pantopia,11593,Serengeti Flyer,False,0
2026-07-31T04:15:13+00:00,Safari of Fun,1519,Air Grover,False,0
2026-07-31T04:15:13+00:00,Safari of Fun,1514,Big Bird's Whirly Birdie,False,0
2026-07-31T04:15:13+00:00,Safari of Fun,1513,Elmo's Safari Go-Round,False,0
2026-07-31T04:15:13+00:00,Safari of Fun,1516,Snuffy's Elephant Romp,False,0
2026-07-31T04:15:13+00:00,Safari of Fun,1524,The Count's Zambezi Rally,False,0
2026-07-31T04:15:13+00:00,Safari of Fun,1528,Zoe-Patra's Hippos of the Nile,False,0
2026-07-31T04:15:13+00:00,Stanleyville,1532,Serengeti Express (Stanleyville Station),False,0
2026-07-31T04:15:13+00:00,Stanleyville,6329,SheiKra,False,0
2026-07-31T04:15:13+00:00,Stanleyville,7310,Tigris,False,0
2026-07-31T04:20:13+00:00,Congo,1510,Congo River Rapids,False,0
2026-07-31T04:20:13+00:00,Congo,6333,Kumba,False,0
2026-07-31T04:20:13+00:00,Congo,10532,Ubanga-Banga Bumper Cars,False,0
2026-07-31T04:20:13+00:00,Crown Colony Plaza,6336,Cheetah Hunt,False,0
2026-07-31T04:20:13+00:00,Egypt,6335,Cobra's Curse,False,0
2026-07-31T04:20:13+00:00,Egypt,6334,Montu,False,0
2026-07-31T04:20:13+00:00,Egypt,12538,Skyride (Egypt Station),False,0
2026-07-31T04:20:13+00:00,Jungala,12539,Skyride (Jungala Station),False,0
2026-07-31T04:20:13+00:00,Morocco,1521,Gwazi Gliders,False,0
2026-07-31T04:20:13+00:00,Morocco,10516,Iron Gwazi,False,0
2026-07-31T04:20:13+00:00,Nairobi,1530,Serengeti Express (Nairobi Station),False,0
2026-07-31T04:20:13+00:00,Pantopia,6331,Falcon's Fury,False,0
2026-07-31T04:20:13+00:00,Pantopia,10529,Grand Caravan Carousel,False,0
2026-07-31T04:20:13+00:00,Pantopia,14516,Phoenix Rising,False,0
2026-07-31T04:20:13+00:00,Pantopia,11593,Serengeti Flyer,False,0
2026-07-31T04:20:13+00:00,Safari of Fun,1519,Air Grover,False,0
2026-07-31T04:20:13+00:00,Safari of Fun,1514,Big Bird's Whirly Birdie,False,0
2026-07-31T04:20:13+00:00,Safari of Fun,1513,Elmo's Safari Go-Round,False,0
2026-07-31T04:20:13+00:00,Safari of Fun,1516,Snuffy's Elephant Romp,False,0
2026-07-31T04:20:13+00:00,Safari of Fun,1524,The Count's Zambezi Rally,False,0
2026-07-31T04:20:13+00:00,Safari of Fun,1528,Zoe-Patra's Hippos of the Nile,False,0
2026-07-31T04:20:13+00:00,Stanleyville,1532,Serengeti Express (Stanleyville Station),False,0
2026-07-31T04:20:13+00:00,Stanleyville,6329,SheiKra,False,0
2026-07-31T04:20:13+00:00,Stanleyville,7310,Tigris,False,0
2026-07-31T04:25:18+00:00,Congo,1510,Congo River Rapids,False,0
2026-07-31T04:25:18+00:00,Congo,6333,Kumba,False,0
2026-07-31T04:25:18+00:00,Congo,10532,Ubanga-Banga Bumper Cars,False,0
2026-07-31T04:25:18+00:00,Crown Colony Plaza,6336,Cheetah Hunt,False,0
2026-07-31T04:25:18+00:00,Egypt,6335,Cobra's Curse,False,0
2026-07-31T04:25:18+00:00,Egypt,6334,Montu,False,0
2026-07-31T04:25:18+00:00,Egypt,12538,Skyride (Egypt Station),False,0
2026-07-31T04:25:18+00:00,Jungala,12539,Skyride (Jungala Station),False,0
2026-07-31T04:25:18+00:00,Morocco,1521,Gwazi Gliders,False,0
2026-07-31T04:25:18+00:00,Morocco,10516,Iron Gwazi,False,0
2026-07-31T04:25:18+00:00,Nairobi,1530,Serengeti Express (Nairobi Station),False,0
2026-07-31T04:25:18+00:00,Pantopia,6331,Falcon's Fury,False,0
2026-07-31T04:25:18+00:00,Pantopia,10529,Grand Caravan Carousel,False,0
2026-07-31T04:25:18+00:00,Pantopia,14516,Phoenix Rising,False,0
2026-07-31T04:25:18+00:00,Pantopia,11593,Serengeti Flyer,False,0
2026-07-31T04:25:18+00:00,Safari of Fun,1519,Air Grover,False,0
2026-07-31T04:25:18+00:00,Safari of Fun,1514,Big Bird's Whirly Birdie,False,0
2026-07-31T04:25:18+00:00,Safari of Fun,1513,Elmo's Safari Go-Round,False,0
2026-07-31T04:25:18+00:00,Safari of Fun,1516,Snuffy's Elephant Romp,False,0
2026-07-31T04:25:18+00:00,Safari of Fun,1524,The Count's Zambezi Rally,False,0
2026-07-31T04:25:18+00:00,Safari of Fun,1528,Zoe-Patra's Hippos of the Nile,False,0
2026-07-31T04:25:18+00:00,Stanleyville,1532,Serengeti Express (Stanleyville Station),False,0
2026-07-31T04:25:18+00:00,Stanleyville,6329,SheiKra,False,0
2026-07-31T04:25:18+00:00,Stanleyville,7310,Tigris,False,0
2026-07-31T04:30:15+00:00,Congo,1510,Congo River Rapids,False,0
2026-07-31T04:30:15+00:00,Congo,6333,Kumba,False,0
2026-07-31T04:30:15+00:00,Congo,10532,Ubanga-Banga Bumper Cars,False,0
2026-07-31T04:30:15+00:00,Crown Colony Plaza,6336,Cheetah Hunt,False,0
2026-07-31T04:30:15+00:00,Egypt,6335,Cobra's Curse,False,0
2026-07-31T04:30:15+00:00,Egypt,6334,Montu,False,0
2026-07-31T04:30:15+00:00,Egypt,12538,Skyride (Egypt Station),False,0
2026-07-31T04:30:15+00:00,Jungala,12539,Skyride (Jungala Station),False,0
2026-07-31T04:30:15+00:00,Morocco,1521,Gwazi Gliders,False,0
2026-07-31T04:30:15+00:00,Morocco,10516,Iron Gwazi,False,0
2026-07-31T04:30:15+00:00,Nairobi,1530,Serengeti Express (Nairobi Station),False,0
2026-07-31T04:30:15+00:00,Pantopia,6331,Falcon's Fury,False,0
2026-07-31T04:30:15+00:00,Pantopia,10529,Grand Caravan Carousel,False,0
2026-07-31T04:30:15+00:00,Pantopia,14516,Phoenix Rising,False,0
2026-07-31T04:30:15+00:00,Pantopia,11593,Serengeti Flyer,False,0
2026-07-31T04:30:15+00:00,Safari of Fun,1519,Air Grover,False,0
2026-07-31T04:30:15+00:00,Safari of Fun,1514,Big Bird's Whirly Birdie,False,0
2026-07-31T04:30:15+00:00,Safari of Fun,1513,Elmo's Safari Go-Round,False,0
2026-07-31T04:30:15+00:00,Safari of Fun,1516,Snuffy's Elephant Romp,False,0
2026-07-31T04:30:15+00:00,Safari of Fun,1524,The Count's Zambezi Rally,False,0
2026-07-31T04:30:15+00:00,Safari of Fun,1528,Zoe-Patra's Hippos of the Nile,False,0
2026-07-31T04:30:15+00:00,Stanleyville,1532,Serengeti Express (Stanleyville Station),False,0
2026-07-31T04:30:15+00:00,Stanleyville,6329,SheiKra,False,0
2026-07-31T04:30:15+00:00,Stanleyville,7310,Tigris,False,0
2026-07-31T04:35:10+00:00,Congo,1510,Congo River Rapids,False,0
2026-07-31T04:35:10+00:00,Congo,6333,Kumba,False,0
2026-07-31T04:35:10+00:00,Congo,10532,Ubanga-Banga Bumper Cars,False,0
2026-07-31T04:35:10+00:00,Crown Colony Plaza,6336,Cheetah Hunt,False,0
2026-07-31T04:35:10+00:00,Egypt,6335,Cobra's Curse,False,0
2026-07-31T04:35:10+00:00,Egypt,6334,Montu,False,0
2026-07-31T04:35:10+00:00,Egypt,12538,Skyride (Egypt Station),False,0
2026-07-31T04:35:10+00:00,Jungala,12539,Skyride (Jungala Station),False,0
2026-07-31T04:35:10+00:00,Morocco,1521,Gwazi Gliders,False,0
2026-07-31T04:35:10+00:00,Morocco,10516,Iron Gwazi,False,0
2026-07-31T04:35:10+00:00,Nairobi,1530,Serengeti Express (Nairobi Station),False,0
2026-07-31T04:35:10+00:00,Pantopia,6331,Falcon's Fury,False,0
2026-07-31T04:35:10+00:00,Pantopia,10529,Grand Caravan Carousel,False,0
2026-07-31T04:35:10+00:00,Pantopia,14516,Phoenix Rising,False,0
2026-07-31T04:35:10+00:00,Pantopia,11593,Serengeti Flyer,False,0
2026-07-31T04:35:10+00:00,Safari of Fun,1519,Air Grover,False,0
2026-07-31T04:35:10+00:00,Safari of Fun,1514,Big Bird's Whirly Birdie,False,0
2026-07-31T04:35:10+00:00,Safari of Fun,1513,Elmo's Safari Go-Round,False,0
2026-07-31T04:35:10+00:00,Safari of Fun,1516,Snuffy's Elephant Romp,False,0
2026-07-31T04:35:10+00:00,Safari of Fun,1524,The Count's Zambezi Rally,False,0
2026-07-31T04:35:10+00:00,Safari of Fun,1528,Zoe-Patra's Hippos of the Nile,False,0
2026-07-31T04:35:10+00:00,Stanleyville,1532,Serengeti Express (Stanleyville Station),False,0
2026-07-31T04:35:10+00:00,Stanleyville,6329,SheiKra,False,0
2026-07-31T04:35:10+00:00,Stanleyville,7310,Tigris,False,0
2026-07-31T04:40:15+00:00,Congo,1510,Congo River Rapids,False,0
2026-07-31T04:40:15+00:00,Congo,6333,Kumba,False,0
2026-07-31T04:40:15+00:00,Congo,10532,Ubanga-Banga Bumper Cars,False,0
2026-07-31T04:40:15+00:00,Crown Colony Plaza,6336,Cheetah Hunt,False,0
2026-07-31T04:40:15+00:00,Egypt,6335,Cobra's Curse,False,0
2026-07-31T04:40:15+00:00,Egypt,6334,Montu,False,0
2026-07-31T04:40:15+00:00,Egypt,12538,Skyride (Egypt Station),False,0
2026-07-31T04:40:15+00:00,Jungala,12539,Skyride (Jungala Station),False,0
2026-07-31T04:40:15+00:00,Morocco,1521,Gwazi Gliders,False,0
2026-07-31T04:40:15+00:00,Morocco,10516,Iron Gwazi,False,0
2026-07-31T04:40:15+00:00,Nairobi,1530,Serengeti Express (Nairobi Station),False,0
2026-07-31T04:40:15+00:00,Pantopia,6331,Falcon's Fury,False,0
2026-07-31T04:40:15+00:00,Pantopia,10529,Grand Caravan Carousel,False,0
2026-07-31T04:40:15+00:00,Pantopia,14516,Phoenix Rising,False,0
2026-07-31T04:40:15+00:00,Pantopia,11593,Serengeti Flyer,False,0
2026-07-31T04:40:15+00:00,Safari of Fun,1519,Air Grover,False,0
2026-07-31T04:40:15+00:00,Safari of Fun,1514,Big Bird's Whirly Birdie,False,0
2026-07-31T04:40:15+00:00,Safari of Fun,1513,Elmo's Safari Go-Round,False,0
2026-07-31T04:40:15+00:00,Safari of Fun,1516,Snuffy's Elephant Romp,False,0
2026-07-31T04:40:15+00:00,Safari of Fun,1524,The Count's Zambezi Rally,False,0
2026-07-31T04:40:15+00:00,Safari of Fun,1528,Zoe-Patra's Hippos of the Nile,False,0
2026-07-31T04:40:15+00:00,Stanleyville,1532,Serengeti Express (Stanleyville Station),False,0
2026-07-31T04:40:15+00:00,Stanleyville,6329,SheiKra,False,0
2026-07-31T04:40:15+00:00,Stanleyville,7310,Tigris,False,0
2026-07-31T04:45:12+00:00,Congo,1510,Congo River Rapids,False,0
2026-07-31T04:45:12+00:00,Congo,6333,Kumba,False,0
2026-07-31T04:45:12+00:00,Congo,10532,Ubanga-Banga Bumper Cars,False,0
2026-07-31T04:45:12+00:00,Crown Colony Plaza,6336,Cheetah Hunt,False,0
2026-07-31T04:45:12+00:00,Egypt,6335,Cobra's Curse,False,0
2026-07-31T04:45:12+00:00,Egypt,6334,Montu,False,0
2026-07-31T04:45:12+00:00,Egypt,12538,Skyride (Egypt Station),False,0
2026-07-31T04:45:12+00:00,Jungala,12539,Skyride (Jungala Station),False,0
2026-07-31T04:45:12+00:00,Morocco,1521,Gwazi Gliders,False,0
2026-07-31T04:45:12+00:00,Morocco,10516,Iron Gwazi,False,0
2026-07-31T04:45:12+00:00,Nairobi,1530,Serengeti Express (Nairobi Station),False,0
2026-07-31T04:45:12+00:00,Pantopia,6331,Falcon's Fury,False,0
2026-07-31T04:45:12+00:00,Pantopia,10529,Grand Caravan Carousel,False,0
2026-07-31T04:45:12+00:00,Pantopia,14516,Phoenix Rising,False,0
2026-07-31T04:45:12+00:00,Pantopia,11593,Serengeti Flyer,False,0
2026-07-31T04:45:12+00:00,Safari of Fun,1519,Air Grover,False,0
2026-07-31T04:45:12+00:00,Safari of Fun,1514,Big Bird's Whirly Birdie,False,0
2026-07-31T04:45:12+00:00,Safari of Fun,1513,Elmo's Safari Go-Round,False,0
2026-07-31T04:45:12+00:00,Safari of Fun,1516,Snuffy's Elephant Romp,False,0
2026-07-31T04:45:12+00:00,Safari of Fun,1524,The Count's Zambezi Rally,False,0
2026-07-31T04:45:12+00:00,Safari of Fun,1528,Zoe-Patra's Hippos of the Nile,False,0
2026-07-31T04:45:12+00:00,Stanleyville,1532,Serengeti Express (Stanleyville Station),False,0
2026-07-31T04:45:12+00:00,Stanleyville,6329,SheiKra,False,0
2026-07-31T04:45:12+00:00,Stanleyville,7310,Tigris,False,0
2026-07-31T04:50:19+00:00,Congo,1510,Congo River Rapids,False,0
2026-07-31T04:50:19+00:00,Congo,6333,Kumba,False,0
2026-07-31T04:50:19+00:00,Congo,10532,Ubanga-Banga Bumper Cars,False,0
2026-07-31T04:50:19+00:00,Crown Colony Plaza,6336,Cheetah Hunt,False,0
2026-07-31T04:50:19+00:00,Egypt,6335,Cobra's Curse,False,0
2026-07-31T04:50:19+00:00,Egypt,6334,Montu,False,0
2026-07-31T04:50:19+00:00,Egypt,12538,Skyride (Egypt Station),False,0
2026-07-31T04:50:19+00:00,Jungala,12539,Skyride (Jungala Station),False,0
2026-07-31T04:50:19+00:00,Morocco,1521,Gwazi Gliders,False,0
2026-07-31T04:50:19+00:00,Morocco,10516,Iron Gwazi,False,0
2026-07-31T04:50:19+00:00,Nairobi,1530,Serengeti Express (Nairobi Station),False,0
2026-07-31T04:50:19+00:00,Pantopia,6331,Falcon's Fury,False,0
2026-07-31T04:50:19+00:00,Pantopia,10529,Grand Caravan Carousel,False,0
2026-07-31T04:50:19+00:00,Pantopia,14516,Phoenix Rising,False,0
2026-07-31T04:50:19+00:00,Pantopia,11593,Serengeti Flyer,False,0
2026-07-31T04:50:19+00:00,Safari of Fun,1519,Air Grover,False,0
2026-07-31T04:50:19+00:00,Safari of Fun,1514,Big Bird's Whirly Birdie,False,0
2026-07-31T04:50:19+00:00,Safari of Fun,1513,Elmo's Safari Go-Round,False,0
2026-07-31T04:50:19+00:00,Safari of Fun,1516,Snuffy's Elephant Romp,False,0
2026-07-31T04:50:19+00:00,Safari of Fun,1524,The Count's Zambezi Rally,False,0
2026-07-31T04:50:19+00:00,Safari of Fun,1528,Zoe-Patra's Hippos of the Nile,False,0
2026-07-31T04:50:19+00:00,Stanleyville,1532,Serengeti Express (Stanleyville Station),False,0
2026-07-31T04:50:19+00:00,Stanleyville,6329,SheiKra,False,0
2026-07-31T04:50:19+00:00,Stanleyville,7310,Tigris,False,0
2026-07-31T04:55:10+00:00,Congo,1510,Congo River Rapids,False,0
2026-07-31T04:55:10+00:00,Congo,6333,Kumba,False,0
2026-07-31T04:55:10+00:00,Congo,10532,Ubanga-Banga Bumper Cars,False,0
2026-07-31T04:55:10+00:00,Crown Colony Plaza,6336,Cheetah Hunt,False,0
2026-07-31T04:55:10+00:00,Egypt,6335,Cobra's Curse,False,0
2026-07-31T04:55:10+00:00,Egypt,6334,Montu,False,0
2026-07-31T04:55:10+00:00,Egypt,12538,Skyride (Egypt Station),False,0
2026-07-31T04:55:10+00:00,Jungala,12539,Skyride (Jungala Station),False,0
2026-07-31T04:55:10+00:00,Morocco,1521,Gwazi Gliders,False,0
2026-07-31T04:55:10+00:00,Morocco,10516,Iron Gwazi,False,0
2026-07-31T04:55:10+00:00,Nairobi,1530,Serengeti Express (Nairobi Station),False,0
2026-07-31T04:55:10+00:00,Pantopia,6331,Falcon's Fury,False,0
2026-07-31T04:55:10+00:00,Pantopia,10529,Grand Caravan Carousel,False,0
2026-07-31T04:55:10+00:00,Pantopia,14516,Phoenix Rising,False,0
2026-07-31T04:55:10+00:00,Pantopia,11593,Serengeti Flyer,False,0
2026-07-31T04:55:10+00:00,Safari of Fun,1519,Air Grover,False,0
2026-07-31T04:55:10+00:00,Safari of Fun,1514,Big Bird's Whirly Birdie,False,0
2026-07-31T04:55:10+00:00,Safari of Fun,1513,Elmo's Safari Go-Round,False,0
2026-07-31T04:55:10+00:00,Safari of Fun,1516,Snuffy's Elephant Romp,False,0
2026-07-31T04:55:10+00:00,Safari of Fun,1524,The Count's Zambezi Rally,False,0
2026-07-31T04:55:10+00:00,Safari of Fun,1528,Zoe-Patra's Hippos of the Nile,False,0
2026-07-31T04:55:10+00:00,Stanleyville,1532,Serengeti Express (Stanleyville Station),False,0
2026-07-31T04:55:10+00:00,Stanleyville,6329,SheiKra,False,0
2026-07-31T04:55:10+00:00,Stanleyville,7310,Tigris,False,0
2026-07-31T05:00:19+00:00,Congo,1510,Congo River Rapids,False,0
2026-07-31T05:00:19+00:00,Congo,6333,Kumba,False,0
2026-07-31T05:00:19+00:00,Congo,10532,Ubanga-Banga Bumper Cars,False,0
2026-07-31T05:00:19+00:00,Crown Colony Plaza,6336,Cheetah Hunt,False,0
2026-07-31T05:00:19+00:00,Egypt,6335,Cobra's Curse,False,0
2026-07-31T05:00:19+00:00,Egypt,6334,Montu,False,0
2026-07-31T05:00:19+00:00,Egypt,12538,Skyride (Egypt Station),False,0
2026-07-31T05:00:19+00:00,Jungala,12539,Skyride (Jungala Station),False,0
2026-07-31T05:00:19+00:00,Morocco,1521,Gwazi Gliders,False,0
2026-07-31T05:00:19+00:00,Morocco,10516,Iron Gwazi,False,0
2026-07-31T05:00:19+00:00,Nairobi,1530,Serengeti Express (Nairobi Station),False,0
2026-07-31T05:00:19+00:00,Pantopia,6331,Falcon's Fury,False,0
2026-07-31T05:00:19+00:00,Pantopia,10529,Grand Caravan Carousel,False,0
2026-07-31T05:00:19+00:00,Pantopia,14516,Phoenix Rising,False,0
2026-07-31T05:00:19+00:00,Pantopia,11593,Serengeti Flyer,False,0
2026-07-31T05:00:19+00:00,Safari of Fun,1519,Air Grover,False,0
2026-07-31T05:00:19+00:00,Safari of Fun,1514,Big Bird's Whirly Birdie,False,0
2026-07-31T05:00:19+00:00,Safari of Fun,1513,Elmo's Safari Go-Round,False,0
2026-07-31T05:00:19+00:00,Safari of Fun,1516,Snuffy's Elephant Romp,False,0
2026-07-31T05:00:19+00:00,Safari of Fun,1524,The Count's Zambezi Rally,False,0
2026-07-31T05:00:19+00:00,Safari of Fun,1528,Zoe-Patra's Hippos of the Nile,False,0
2026-07-31T05:00:19+00:00,Stanleyville,1532,Serengeti Express (Stanleyville Station),False,0
2026-07-31T05:00:19+00:00,Stanleyville,6329,SheiKra,False,0
2026-07-31T05:00:19+00:00,Stanleyville,7310,Tigris,False,0
2026-07-31T05:05:12+00:00,Congo,1510,Congo River Rapids,False,0
2026-07-31T05:05:12+00:00,Congo,6333,Kumba,False,0
2026-07-31T05:05:12+00:00,Congo,10532,Ubanga-Banga Bumper Cars,False,0
2026-07-31T05:05:12+00:00,Crown Colony Plaza,6336,Cheetah Hunt,False,0
2026-07-31T05:05:12+00:00,Egypt,6335,Cobra's Curse,False,0
2026-07-31T05:05:12+00:00,Egypt,6334,Montu,False,0
2026-07-31T05:05:12+00:00,Egypt,12538,Skyride (Egypt Station),False,0
2026-07-31T05:05:12+00:00,Jungala,12539,Skyride (Jungala Station),False,0
2026-07-31T05:05:12+00:00,Morocco,1521,Gwazi Gliders,False,0
2026-07-31T05:05:12+00:00,Morocco,10516,Iron Gwazi,False,0
2026-07-31T05:05:12+00:00,Nairobi,1530,Serengeti Express (Nairobi Station),False,0
2026-07-31T05:05:12+00:00,Pantopia,6331,Falcon's Fury,False,0
2026-07-31T05:05:12+00:00,Pantopia,10529,Grand Caravan Carousel,False,0
2026-07-31T05:05:12+00:00,Pantopia,14516,Phoenix Rising,False,0
2026-07-31T05:05:12+00:00,Pantopia,11593,Serengeti Flyer,False,0
2026-07-31T05:05:12+00:00,Safari of Fun,1519,Air Grover,False,0
2026-07-31T05:05:12+00:00,Safari of Fun,1514,Big Bird's Whirly Birdie,False,0
2026-07-31T05:05:12+00:00,Safari of Fun,1513,Elmo's Safari Go-Round,False,0
2026-07-31T05:05:12+00:00,Safari of Fun,1516,Snuffy's Elephant Romp,False,0
2026-07-31T05:05:12+00:00,Safari of Fun,1524,The Count's Zambezi Rally,False,0
2026-07-31T05:05:12+00:00,Safari of Fun,1528,Zoe-Patra's Hippos of the Nile,False,0
2026-07-31T05:05:12+00:00,Stanleyville,1532,Serengeti Express (Stanleyville Station),False,0
2026-07-31T05:05:12+00:00,Stanleyville,6329,SheiKra,False,0
2026-07-31T05:05:12+00:00,Stanleyville,7310,Tigris,False,0
2026-07-31T05:10:12+00:00,Congo,1510,Congo River Rapids,False,0
2026-07-31T05:10:12+00:00,Congo,6333,Kumba,False,0
2026-07-31T05:10:12+00:00,Congo,10532,Ubanga-Banga Bumper Cars,False,0
2026-07-31T05:10:12+00:00,Crown Colony Plaza,6336,Cheetah Hunt,False,0
2026-07-31T05:10:12+00:00,Egypt,6335,Cobra's Curse,False,0
2026-07-31T05:10:12+00:00,Egypt,6334,Montu,False,0
2026-07-31T05:10:12+00:00,Egypt,12538,Skyride (Egypt Station),False,0
2026-07-31T05:10:12+00:00,Jungala,12539,Skyride (Jungala Station),False,0
2026-07-31T05:10:12+00:00,Morocco,1521,Gwazi Gliders,False,0
2026-07-31T05:10:12+00:00,Morocco,10516,Iron Gwazi,False,0
2026-07-31T05:10:12+00:00,Nairobi,1530,Serengeti Express (Nairobi Station),False,0
2026-07-31T05:10:12+00:00,Pantopia,6331,Falcon's Fury,False,0
2026-07-31T05:10:12+00:00,Pantopia,10529,Grand Caravan Carousel,False,0
2026-07-31T05:10:12+00:00,Pantopia,14516,Phoenix Rising,False,0
2026-07-31T05:10:12+00:00,Pantopia,11593,Serengeti Flyer,False,0
2026-07-31T05:10:12+00:00,Safari of Fun,1519,Air Grover,False,0
2026-07-31T05:10:12+00:00,Safari of Fun,1514,Big Bird's Whirly Birdie,False,0
2026-07-31T05:10:12+00:00,Safari of Fun,1513,Elmo's Safari Go-Round,False,0
2026-07-31T05:10:12+00:00,Safari of Fun,1516,Snuffy's Elephant Romp,False,0
2026-07-31T05:10:12+00:00,Safari of Fun,1524,The Count's Zambezi Rally,False,0
2026-07-31T05:10:12+00:00,Safari of Fun,1528,Zoe-Patra's Hippos of the Nile,False,0
2026-07-31T05:10:12+00:00,Stanleyville,1532,Serengeti Express (Stanleyville Station),False,0
2026-07-31T05:10:12+00:00,Stanleyville,6329,SheiKra,False,0
2026-07-31T05:10:12+00:00,Stanleyville,7310,Tigris,False,0
2026-07-31T05:15:20+00:00,Congo,1510,Congo River Rapids,False,0
2026-07-31T05:15:20+00:00,Congo,6333,Kumba,False,0
2026-07-31T05:15:20+00:00,Congo,10532,Ubanga-Banga Bumper Cars,False,0
2026-07-31T05:15:20+00:00,Crown Colony Plaza,6336,Cheetah Hunt,False,0
2026-07-31T05:15:20+00:00,Egypt,6335,Cobra's Curse,False,0
2026-07-31T05:15:20+00:00,Egypt,6334,Montu,False,0
2026-07-31T05:15:20+00:00,Egypt,12538,Skyride (Egypt Station),False,0
2026-07-31T05:15:20+00:00,Jungala,12539,Skyride (Jungala Station),False,0
2026-07-31T05:15:20+00:00,Morocco,1521,Gwazi Gliders,False,0
2026-07-31T05:15:20+00:00,Morocco,10516,Iron Gwazi,False,0
2026-07-31T05:15:20+00:00,Nairobi,1530,Serengeti Express (Nairobi Station),False,0
2026-07-31T05:15:20+00:00,Pantopia,6331,Falcon's Fury,False,0
2026-07-31T05:15:20+00:00,Pantopia,10529,Grand Caravan Carousel,False,0
2026-07-31T05:15:20+00:00,Pantopia,14516,Phoenix Rising,False,0
2026-07-31T05:15:20+00:00,Pantopia,11593,Serengeti Flyer,False,0
2026-07-31T05:15:20+00:00,Safari of Fun,1519,Air Grover,False,0
2026-07-31T05:15:20+00:00,Safari of Fun,1514,Big Bird's Whirly Birdie,False,0
2026-07-31T05:15:20+00:00,Safari of Fun,1513,Elmo's Safari Go-Round,False,0
2026-07-31T05:15:20+00:00,Safari of Fun,1516,Snuffy's Elephant Romp,False,0
2026-07-31T05:15:20+00:00,Safari of Fun,1524,The Count's Zambezi Rally,False,0
2026-07-31T05:15:20+00:00,Safari of Fun,1528,Zoe-Patra's Hippos of the Nile,False,0
2026-07-31T05:15:20+00:00,Stanleyville,1532,Serengeti Express (Stanleyville Station),False,0
2026-07-31T05:15:20+00:00,Stanleyville,6329,SheiKra,False,0
2026-07-31T05:15:20+00:00,Stanleyville,7310,Tigris,False,0
2026-07-31T05:19:09+00:00,Congo,1510,Congo River Rapids,False,0
2026-07-31T05:19:09+00:00,Congo,6333,Kumba,False,0
2026-07-31T05:19:09+00:00,Congo,10532,Ubanga-Banga Bumper Cars,False,0
2026-07-31T05:19:09+00:00,Crown Colony Plaza,6336,Cheetah Hunt,False,0
2026-07-31T05:19:09+00:00,Egypt,6335,Cobra's Curse,False,0
2026-07-31T05:19:09+00:00,Egypt,6334,Montu,False,0
2026-07-31T05:19:09+00:00,Egypt,12538,Skyride (Egypt Station),False,0
2026-07-31T05:19:09+00:00,Jungala,12539,Skyride (Jungala Station),False,0
2026-07-31T05:19:09+00:00,Morocco,1521,Gwazi Gliders,False,0
2026-07-31T05:19:09+00:00,Morocco,10516,Iron Gwazi,False,0
2026-07-31T05:19:09+00:00,Nairobi,1530,Serengeti Express (Nairobi Station),False,0
2026-07-31T05:19:09+00:00,Pantopia,6331,Falcon's Fury,False,0
2026-07-31T05:19:09+00:00,Pantopia,10529,Grand Caravan Carousel,False,0
2026-07-31T05:19:09+00:00,Pantopia,14516,Phoenix Rising,False,0
2026-07-31T05:19:09+00:00,Pantopia,11593,Serengeti Flyer,False,0
2026-07-31T05:19:09+00:00,Safari of Fun,1519,Air Grover,False,0
2026-07-31T05:19:09+00:00,Safari of Fun,1514,Big Bird's Whirly Birdie,False,0
2026-07-31T05:19:09+00:00,Safari of Fun,1513,Elmo's Safari Go-Round,False,0
2026-07-31T05:19:09+00:00,Safari of Fun,1516,Snuffy's Elephant Romp,False,0
2026-07-31T05:19:09+00:00,Safari of Fun,1524,The Count's Zambezi Rally,False,0
2026-07-31T05:19:09+00:00,Safari of Fun,1528,Zoe-Patra's Hippos of the Nile,False,0
2026-07-31T05:19:09+00:00,Stanleyville,1532,Serengeti Express (Stanleyville Station),False,0
2026-07-31T05:19:09+00:00,Stanleyville,6329,SheiKra,False,0
2026-07-31T05:19:09+00:00,Stanleyville,7310,Tigris,False,0
2026-07-31T05:20:12+00:00,Congo,1510,Congo River Rapids,False,0
2026-07-31T05:20:12+00:00,Congo,6333,Kumba,False,0
2026-07-31T05:20:12+00:00,Congo,10532,Ubanga-Banga Bumper Cars,False,0
2026-07-31T05:20:12+00:00,Crown Colony Plaza,6336,Cheetah Hunt,False,0
2026-07-31T05:20:12+00:00,Egypt,6335,Cobra's Curse,False,0
2026-07-31T05:20:12+00:00,Egypt,6334,Montu,False,0
2026-07-31T05:20:12+00:00,Egypt,12538,Skyride (Egypt Station),False,0
2026-07-31T05:20:12+00:00,Jungala,12539,Skyride (Jungala Station),False,0
2026-07-31T05:20:12+00:00,Morocco,1521,Gwazi Gliders,False,0
2026-07-31T05:20:12+00:00,Morocco,10516,Iron Gwazi,False,0
2026-07-31T05:20:12+00:00,Nairobi,1530,Serengeti Express (Nairobi Station),False,0
2026-07-31T05:20:12+00:00,Pantopia,6331,Falcon's Fury,False,0
2026-07-31T05:20:12+00:00,Pantopia,10529,Grand Caravan Carousel,False,0
2026-07-31T05:20:12+00:00,Pantopia,14516,Phoenix Rising,False,0
2026-07-31T05:20:12+00:00,Pantopia,11593,Serengeti Flyer,False,0
2026-07-31T05:20:12+00:00,Safari of Fun,1519,Air Grover,False,0
2026-07-31T05:20:12+00:00,Safari of Fun,1514,Big Bird's Whirly Birdie,False,0
2026-07-31T05:20:12+00:00,Safari of Fun,1513,Elmo's Safari Go-Round,False,0
2026-07-31T05:20:12+00:00,Safari of Fun,1516,Snuffy's Elephant Romp,False,0
2026-07-31T05:20:12+00:00,Safari of Fun,1524,The Count's Zambezi Rally,False,0
2026-07-31T05:20:12+00:00,Safari of Fun,1528,Zoe-Patra's Hippos of the Nile,False,0
2026-07-31T05:20:12+00:00,Stanleyville,1532,Serengeti Express (Stanleyville Station),False,0
2026-07-31T05:20:12+00:00,Stanleyville,6329,SheiKra,False,0
2026-07-31T05:20:12+00:00,Stanleyville,7310,Tigris,False,0
2026-07-31T05:25:17+00:00,Congo,1510,Congo River Rapids,False,0
2026-07-31T05:25:17+00:00,Congo,6333,Kumba,False,0
2026-07-31T05:25:17+00:00,Congo,10532,Ubanga-Banga Bumper Cars,False,0
2026-07-31T05:25:17+00:00,Crown Colony Plaza,6336,Cheetah Hunt,False,0
2026-07-31T05:25:17+00:00,Egypt,6335,Cobra's Curse,False,0
2026-07-31T05:25:17+00:00,Egypt,6334,Montu,False,0
2026-07-31T05:25:17+00:00,Egypt,12538,Skyride (Egypt Station),False,0
2026-07-31T05:25:17+00:00,Jungala,12539,Skyride (Jungala Station),False,0
2026-07-31T05:25:17+00:00,Morocco,1521,Gwazi Gliders,False,0
2026-07-31T05:25:17+00:00,Morocco,10516,Iron Gwazi,False,0
2026-07-31T05:25:17+00:00,Nairobi,1530,Serengeti Express (Nairobi Station),False,0
2026-07-31T05:25:17+00:00,Pantopia,6331,Falcon's Fury,False,0
2026-07-31T05:25:17+00:00,Pantopia,10529,Grand Caravan Carousel,False,0
2026-07-31T05:25:17+00:00,Pantopia,14516,Phoenix Rising,False,0
2026-07-31T05:25:17+00:00,Pantopia,11593,Serengeti Flyer,False,0
2026-07-31T05:25:17+00:00,Safari of Fun,1519,Air Grover,False,0
2026-07-31T05:25:17+00:00,Safari of Fun,1514,Big Bird's Whirly Birdie,False,0
2026-07-31T05:25:17+00:00,Safari of Fun,1513,Elmo's Safari Go-Round,False,0
2026-07-31T05:25:17+00:00,Safari of Fun,1516,Snuffy's Elephant Romp,False,0
2026-07-31T05:25:17+00:00,Safari of Fun,1524,The Count's Zambezi Rally,False,0
2026-07-31T05:25:17+00:00,Safari of Fun,1528,Zoe-Patra's Hippos of the Nile,False,0
2026-07-31T05:25:17+00:00,Stanleyville,1532,Serengeti Express (Stanleyville Station),False,0
2026-07-31T05:25:17+00:00,Stanleyville,6329,SheiKra,False,0
2026-07-31T05:25:17+00:00,Stanleyville,7310,Tigris,False,0
2026-07-31T05:30:15+00:00,Congo,1510,Congo River Rapids,False,0
2026-07-31T05:30:15+00:00,Congo,6333,Kumba,False,0
2026-07-31T05:30:15+00:00,Congo,10532,Ubanga-Banga Bumper Cars,False,0
2026-07-31T05:30:15+00:00,Crown Colony Plaza,6336,Cheetah Hunt,False,0
2026-07-31T05:30:15+00:00,Egypt,6335,Cobra's Curse,False,0
2026-07-31T05:30:15+00:00,Egypt,6334,Montu,False,0
2026-07-31T05:30:15+00:00,Egypt,12538,Skyride (Egypt Station),False,0
2026-07-31T05:30:15+00:00,Jungala,12539,Skyride (Jungala Station),False,0
2026-07-31T05:30:15+00:00,Morocco,1521,Gwazi Gliders,False,0
2026-07-31T05:30:15+00:00,Morocco,10516,Iron Gwazi,False,0
2026-07-31T05:30:15+00:00,Nairobi,1530,Serengeti Express (Nairobi Station),False,0
2026-07-31T05:30:15+00:00,Pantopia,6331,Falcon's Fury,False,0
2026-07-31T05:30:15+00:00,Pantopia,10529,Grand Caravan Carousel,False,0
2026-07-31T05:30:15+00:00,Pantopia,14516,Phoenix Rising,False,0
2026-07-31T05:30:15+00:00,Pantopia,11593,Serengeti Flyer,False,0
2026-07-31T05:30:15+00:00,Safari of Fun,1519,Air Grover,False,0
2026-07-31T05:30:15+00:00,Safari of Fun,1514,Big Bird's Whirly Birdie,False,0
2026-07-31T05:30:15+00:00,Safari of Fun,1513,Elmo's Safari Go-Round,False,0
2026-07-31T05:30:15+00:00,Safari of Fun,1516,Snuffy's Elephant Romp,False,0
2026-07-31T05:30:15+00:00,Safari of Fun,1524,The Count's Zambezi Rally,False,0
2026-07-31T05:30:15+00:00,Safari of Fun,1528,Zoe-Patra's Hippos of the Nile,False,0
2026-07-31T05:30:15+00:00,Stanleyville,1532,Serengeti Express (Stanleyville Station),False,0
2026-07-31T05:30:15+00:00,Stanleyville,6329,SheiKra,False,0
2026-07-31T05:30:15+00:00,Stanleyville,7310,Tigris,False,0
2026-07-31T05:35:12+00:00,Congo,1510,Congo River Rapids,False,0
2026-07-31T05:35:12+00:00,Congo,6333,Kumba,False,0
2026-07-31T05:35:12+00:00,Congo,10532,Ubanga-Banga Bumper Cars,False,0
2026-07-31T05:35:12+00:00,Crown Colony Plaza,6336,Cheetah Hunt,False,0
2026-07-31T05:35:12+00:00,Egypt,6335,Cobra's Curse,False,0
2026-07-31T05:35:12+00:00,Egypt,6334,Montu,False,0
2026-07-31T05:35:12+00:00,Egypt,12538,Skyride (Egypt Station),False,0
2026-07-31T05:35:12+00:00,Jungala,12539,Skyride (Jungala Station),False,0
2026-07-31T05:35:12+00:00,Morocco,1521,Gwazi Gliders,False,0
2026-07-31T05:35:12+00:00,Morocco,10516,Iron Gwazi,False,0
2026-07-31T05:35:12+00:00,Nairobi,1530,Serengeti Express (Nairobi Station),False,0
2026-07-31T05:35:12+00:00,Pantopia,6331,Falcon's Fury,False,0
2026-07-31T05:35:12+00:00,Pantopia,10529,Grand Caravan Carousel,False,0
2026-07-31T05:35:12+00:00,Pantopia,14516,Phoenix Rising,False,0
2026-07-31T05:35:12+00:00,Pantopia,11593,Serengeti Flyer,False,0
2026-07-31T05:35:12+00:00,Safari of Fun,1519,Air Grover,False,0
2026-07-31T05:35:12+00:00,Safari of Fun,1514,Big Bird's Whirly Birdie,False,0
2026-07-31T05:35:12+00:00,Safari of Fun,1513,Elmo's Safari Go-Round,False,0
2026-07-31T05:35:12+00:00,Safari of Fun,1516,Snuffy's Elephant Romp,False,0
2026-07-31T05:35:12+00:00,Safari of Fun,1524,The Count's Zambezi Rally,False,0
2026-07-31T05:35:12+00:00,Safari of Fun,1528,Zoe-Patra's Hippos of the Nile,False,0
2026-07-31T05:35:12+00:00,Stanleyville,1532,Serengeti Express (Stanleyville Station),False,0
2026-07-31T05:35:12+00:00,Stanleyville,6329,SheiKra,False,0
2026-07-31T05:35:12+00:00,Stanleyville,7310,Tigris,False,0
2026-07-31T05:40:12+00:00,Congo,1510,Congo River Rapids,False,0
2026-07-31T05:40:12+00:00,Congo,6333,Kumba,False,0
2026-07-31T05:40:12+00:00,Congo,10532,Ubanga-Banga Bumper Cars,False,0
2026-07-31T05:40:12+00:00,Crown Colony Plaza,6336,Cheetah Hunt,False,0
2026-07-31T05:40:12+00:00,Egypt,6335,Cobra's Curse,False,0
2026-07-31T05:40:12+00:00,Egypt,6334,Montu,False,0
2026-07-31T05:40:12+00:00,Egypt,12538,Skyride (Egypt Station),False,0
2026-07-31T05:40:12+00:00,Jungala,12539,Skyride (Jungala Station),False,0
2026-07-31T05:40:12+00:00,Morocco,1521,Gwazi Gliders,False,0
2026-07-31T05:40:12+00:00,Morocco,10516,Iron Gwazi,False,0
2026-07-31T05:40:12+00:00,Nairobi,1530,Serengeti Express (Nairobi Station),False,0
2026-07-31T05:40:12+00:00,Pantopia,6331,Falcon's Fury,False,0
2026-07-31T05:40:12+00:00,Pantopia,10529,Grand Caravan Carousel,False,0
2026-07-31T05:40:12+00:00,Pantopia,14516,Phoenix Rising,False,0
2026-07-31T05:40:12+00:00,Pantopia,11593,Serengeti Flyer,False,0
2026-07-31T05:40:12+00:00,Safari of Fun,1519,Air Grover,False,0
2026-07-31T05:40:12+00:00,Safari of Fun,1514,Big Bird's Whirly Birdie,False,0
2026-07-31T05:40:12+00:00,Safari of Fun,1513,Elmo's Safari Go-Round,False,0
2026-07-31T05:40:12+00:00,Safari of Fun,1516,Snuffy's Elephant Romp,False,0
2026-07-31T05:40:12+00:00,Safari of Fun,1524,The Count's Zambezi Rally,False,0
2026-07-31T05:40:12+00:00,Safari of Fun,1528,Zoe-Patra's Hippos of the Nile,False,0
2026-07-31T05:40:12+00:00,Stanleyville,1532,Serengeti Express (Stanleyville Station),False,0
2026-07-31T05:40:12+00:00,Stanleyville,6329,SheiKra,False,0
2026-07-31T05:40:12+00:00,Stanleyville,7310,Tigris,False,0
2026-07-31T05:45:13+00:00,Congo,1510,Congo River Rapids,False,0
2026-07-31T05:45:13+00:00,Congo,6333,Kumba,False,0
2026-07-31T05:45:13+00:00,Congo,10532,Ubanga-Banga Bumper Cars,False,0
2026-07-31T05:45:13+00:00,Crown Colony Plaza,6336,Cheetah Hunt,False,0
2026-07-31T05:45:13+00:00,Egypt,6335,Cobra's Curse,False,0
2026-07-31T05:45:13+00:00,Egypt,6334,Montu,False,0
2026-07-31T05:45:13+00:00,Egypt,12538,Skyride (Egypt Station),False,0
2026-07-31T05:45:13+00:00,Jungala,12539,Skyride (Jungala Station),False,0
2026-07-31T05:45:13+00:00,Morocco,1521,Gwazi Gliders,False,0
2026-07-31T05:45:13+00:00,Morocco,10516,Iron Gwazi,False,0
2026-07-31T05:45:13+00:00,Nairobi,1530,Serengeti Express (Nairobi Station),False,0
2026-07-31T05:45:13+00:00,Pantopia,6331,Falcon's Fury,False,0
2026-07-31T05:45:13+00:00,Pantopia,10529,Grand Caravan Carousel,False,0
2026-07-31T05:45:13+00:00,Pantopia,14516,Phoenix Rising,False,0
2026-07-31T05:45:13+00:00,Pantopia,11593,Serengeti Flyer,False,0
2026-07-31T05:45:13+00:00,Safari of Fun,1519,Air Grover,False,0
2026-07-31T05:45:13+00:00,Safari of Fun,1514,Big Bird's Whirly Birdie,False,0
2026-07-31T05:45:13+00:00,Safari of Fun,1513,Elmo's Safari Go-Round,False,0
2026-07-31T05:45:13+00:00,Safari of Fun,1516,Snuffy's Elephant Romp,False,0
2026-07-31T05:45:13+00:00,Safari of Fun,1524,The Count's Zambezi Rally,False,0
2026-07-31T05:45:13+00:00,Safari of Fun,1528,Zoe-Patra's Hippos of the Nile,False,0
2026-07-31T05:45:13+00:00,Stanleyville,1532,Serengeti Express (Stanleyville Station),False,0
2026-07-31T05:45:13+00:00,Stanleyville,6329,SheiKra,False,0
2026-07-31T05:45:13+00:00,Stanleyville,7310,Tigris,False,0
2026-07-31T05:50:14+00:00,Congo,1510,Congo River Rapids,False,0
2026-07-31T05:50:14+00:00,Congo,6333,Kumba,False,0
2026-07-31T05:50:14+00:00,Congo,10532,Ubanga-Banga Bumper Cars,False,0
2026-07-31T05:50:14+00:00,Crown Colony Plaza,6336,Cheetah Hunt,False,0
2026-07-31T05:50:14+00:00,Egypt,6335,Cobra's Curse,False,0
2026-07-31T05:50:14+00:00,Egypt,6334,Montu,False,0
2026-07-31T05:50:14+00:00,Egypt,12538,Skyride (Egypt Station),False,0
2026-07-31T05:50:14+00:00,Jungala,12539,Skyride (Jungala Station),False,0
2026-07-31T05:50:14+00:00,Morocco,1521,Gwazi Gliders,False,0
2026-07-31T05:50:14+00:00,Morocco,10516,Iron Gwazi,False,0
2026-07-31T05:50:14+00:00,Nairobi,1530,Serengeti Express (Nairobi Station),False,0
2026-07-31T05:50:14+00:00,Pantopia,6331,Falcon's Fury,False,0
2026-07-31T05:50:14+00:00,Pantopia,10529,Grand Caravan Carousel,False,0
2026-07-31T05:50:14+00:00,Pantopia,14516,Phoenix Rising,False,0
2026-07-31T05:50:14+00:00,Pantopia,11593,Serengeti Flyer,False,0
2026-07-31T05:50:14+00:00,Safari of Fun,1519,Air Grover,False,0
2026-07-31T05:50:14+00:00,Safari of Fun,1514,Big Bird's Whirly Birdie,False,0
2026-07-31T05:50:14+00:00,Safari of Fun,1513,Elmo's Safari Go-Round,False,0
2026-07-31T05:50:14+00:00,Safari of Fun,1516,Snuffy's Elephant Romp,False,0
2026-07-31T05:50:14+00:00,Safari of Fun,1524,The Count's Zambezi Rally,False,0
2026-07-31T05:50:14+00:00,Safari of Fun,1528,Zoe-Patra's Hippos of the Nile,False,0
2026-07-31T05:50:14+00:00,Stanleyville,1532,Serengeti Express (Stanleyville Station),False,0
2026-07-31T05:50:14+00:00,Stanleyville,6329,SheiKra,False,0
2026-07-31T05:50:14+00:00,Stanleyville,7310,Tigris,False,0
2026-07-31T05:55:10+00:00,Congo,1510,Congo River Rapids,False,0
2026-07-31T05:55:10+00:00,Congo,6333,Kumba,False,0
2026-07-31T05:55:10+00:00,Congo,10532,Ubanga-Banga Bumper Cars,False,0
2026-07-31T05:55:10+00:00,Crown Colony Plaza,6336,Cheetah Hunt,False,0
2026-07-31T05:55:10+00:00,Egypt,6335,Cobra's Curse,False,0
2026-07-31T05:55:10+00:00,Egypt,6334,Montu,False,0
2026-07-31T05:55:10+00:00,Egypt,12538,Skyride (Egypt Station),False,0
2026-07-31T05:55:10+00:00,Jungala,12539,Skyride (Jungala Station),False,0
2026-07-31T05:55:10+00:00,Morocco,1521,Gwazi Gliders,False,0
2026-07-31T05:55:10+00:00,Morocco,10516,Iron Gwazi,False,0
2026-07-31T05:55:10+00:00,Nairobi,1530,Serengeti Express (Nairobi Station),False,0
2026-07-31T05:55:10+00:00,Pantopia,6331,Falcon's Fury,False,0
2026-07-31T05:55:10+00:00,Pantopia,10529,Grand Caravan Carousel,False,0
2026-07-31T05:55:10+00:00,Pantopia,14516,Phoenix Rising,False,0
2026-07-31T05:55:10+00:00,Pantopia,11593,Serengeti Flyer,False,0
2026-07-31T05:55:10+00:00,Safari of Fun,1519,Air Grover,False,0
2026-07-31T05:55:10+00:00,Safari of Fun,1514,Big Bird's Whirly Birdie,False,0
2026-07-31T05:55:10+00:00,Safari of Fun,1513,Elmo's Safari Go-Round,False,0
2026-07-31T05:55:10+00:00,Safari of Fun,1516,Snuffy's Elephant Romp,False,0
2026-07-31T05:55:10+00:00,Safari of Fun,1524,The Count's Zambezi Rally,False,0
2026-07-31T05:55:10+00:00,Safari of Fun,1528,Zoe-Patra's Hippos of the Nile,False,0
2026-07-31T05:55:10+00:00,Stanleyville,1532,Serengeti Express (Stanleyville Station),False,0
2026-07-31T05:55:10+00:00,Stanleyville,6329,SheiKra,False,0
2026-07-31T05:55:10+00:00,Stanleyville,7310,Tigris,False,0
2026-07-31T06:00:20+00:00,Congo,1510,Congo River Rapids,False,0
2026-07-31T06:00:20+00:00,Congo,6333,Kumba,False,0
2026-07-31T06:00:20+00:00,Congo,10532,Ubanga-Banga Bumper Cars,False,0
2026-07-31T06:00:20+00:00,Crown Colony Plaza,6336,Cheetah Hunt,False,0
2026-07-31T06:00:20+00:00,Egypt,6335,Cobra's Curse,False,0
2026-07-31T06:00:20+00:00,Egypt,6334,Montu,False,0
2026-07-31T06:00:20+00:00,Egypt,12538,Skyride (Egypt Station),False,0
2026-07-31T06:00:20+00:00,Jungala,12539,Skyride (Jungala Station),False,0
2026-07-31T06:00:20+00:00,Morocco,1521,Gwazi Gliders,False,0
2026-07-31T06:00:20+00:00,Morocco,10516,Iron Gwazi,False,0
2026-07-31T06:00:20+00:00,Nairobi,1530,Serengeti Express (Nairobi Station),False,0
2026-07-31T06:00:20+00:00,Pantopia,6331,Falcon's Fury,False,0
2026-07-31T06:00:20+00:00,Pantopia,10529,Grand Caravan Carousel,False,0
2026-07-31T06:00:20+00:00,Pantopia,14516,Phoenix Rising,False,0
2026-07-31T06:00:20+00:00,Pantopia,11593,Serengeti Flyer,False,0
2026-07-31T06:00:20+00:00,Safari of Fun,1519,Air Grover,False,0
2026-07-31T06:00:20+00:00,Safari of Fun,1514,Big Bird's Whirly Birdie,False,0
2026-07-31T06:00:20+00:00,Safari of Fun,1513,Elmo's Safari Go-Round,False,0
2026-07-31T06:00:20+00:00,Safari of Fun,1516,Snuffy's Elephant Romp,False,0
2026-07-31T06:00:20+00:00,Safari of Fun,1524,The Count's Zambezi Rally,False,0
2026-07-31T06:00:20+00:00,Safari of Fun,1528,Zoe-Patra's Hippos of the Nile,False,0
2026-07-31T06:00:20+00:00,Stanleyville,1532,Serengeti Express (Stanleyville Station),False,0
2026-07-31T06:00:20+00:00,Stanleyville,6329,SheiKra,False,0
2026-07-31T06:00:20+00:00,Stanleyville,7310,Tigris,False,0
2026-07-31T06:05:11+00:00,Congo,1510,Congo River Rapids,False,0
2026-07-31T06:05:11+00:00,Congo,6333,Kumba,False,0
2026-07-31T06:05:11+00:00,Congo,10532,Ubanga-Banga Bumper Cars,False,0
2026-07-31T06:05:11+00:00,Crown Colony Plaza,6336,Cheetah Hunt,False,0
2026-07-31T06:05:11+00:00,Egypt,6335,Cobra's Curse,False,0
2026-07-31T06:05:11+00:00,Egypt,6334,Montu,False,0
2026-07-31T06:05:11+00:00,Egypt,12538,Skyride (Egypt Station),False,0
2026-07-31T06:05:11+00:00,Jungala,12539,Skyride (Jungala Station),False,0
2026-07-31T06:05:11+00:00,Morocco,1521,Gwazi Gliders,False,0
2026-07-31T06:05:11+00:00,Morocco,10516,Iron Gwazi,False,0
2026-07-31T06:05:11+00:00,Nairobi,1530,Serengeti Express (Nairobi Station),False,0
2026-07-31T06:05:11+00:00,Pantopia,6331,Falcon's Fury,False,0
2026-07-31T06:05:11+00:00,Pantopia,10529,Grand Caravan Carousel,False,0
2026-07-31T06:05:11+00:00,Pantopia,14516,Phoenix Rising,False,0
2026-07-31T06:05:11+00:00,Pantopia,11593,Serengeti Flyer,False,0
2026-07-31T06:05:11+00:00,Safari of Fun,1519,Air Grover,False,0
2026-07-31T06:05:11+00:00,Safari of Fun,1514,Big Bird's Whirly Birdie,False,0
2026-07-31T06:05:11+00:00,Safari of Fun,1513,Elmo's Safari Go-Round,False,0
2026-07-31T06:05:11+00:00,Safari of Fun,1516,Snuffy's Elephant Romp,False,0
2026-07-31T06:05:11+00:00,Safari of Fun,1524,The Count's Zambezi Rally,False,0
2026-07-31T06:05:11+00:00,Safari of Fun,1528,Zoe-Patra's Hippos of the Nile,False,0
2026-07-31T06:05:11+00:00,Stanleyville,1532,Serengeti Express (Stanleyville Station),False,0
2026-07-31T06:05:11+00:00,Stanleyville,6329,SheiKra,False,0
2026-07-31T06:05:11+00:00,Stanleyville,7310,Tigris,False,0
2026-07-31T06:10:12+00:00,Congo,1510,Congo River Rapids,False,0
2026-07-31T06:10:12+00:00,Congo,6333,Kumba,False,0
2026-07-31T06:10:12+00:00,Congo,10532,Ubanga-Banga Bumper Cars,False,0
2026-07-31T06:10:12+00:00,Crown Colony Plaza,6336,Cheetah Hunt,False,0
2026-07-31T06:10:12+00:00,Egypt,6335,Cobra's Curse,False,0
2026-07-31T06:10:12+00:00,Egypt,6334,Montu,False,0
2026-07-31T06:10:12+00:00,Egypt,12538,Skyride (Egypt Station),False,0
2026-07-31T06:10:12+00:00,Jungala,12539,Skyride (Jungala Station),False,0
2026-07-31T06:10:12+00:00,Morocco,1521,Gwazi Gliders,False,0
2026-07-31T06:10:12+00:00,Morocco,10516,Iron Gwazi,False,0
2026-07-31T06:10:12+00:00,Nairobi,1530,Serengeti Express (Nairobi Station),False,0
2026-07-31T06:10:12+00:00,Pantopia,6331,Falcon's Fury,False,0
2026-07-31T06:10:12+00:00,Pantopia,10529,Grand Caravan Carousel,False,0
2026-07-31T06:10:12+00:00,Pantopia,14516,Phoenix Rising,False,0
2026-07-31T06:10:12+00:00,Pantopia,11593,Serengeti Flyer,False,0
2026-07-31T06:10:12+00:00,Safari of Fun,1519,Air Grover,False,0
2026-07-31T06:10:12+00:00,Safari of Fun,1514,Big Bird's Whirly Birdie,False,0
2026-07-31T06:10:12+00:00,Safari of Fun,1513,Elmo's Safari Go-Round,False,0
2026-07-31T06:10:12+00:00,Safari of Fun,1516,Snuffy's Elephant Romp,False,0
2026-07-31T06:10:12+00:00,Safari of Fun,1524,The Count's Zambezi Rally,False,0
2026-07-31T06:10:12+00:00,Safari of Fun,1528,Zoe-Patra's Hippos of the Nile,False,0
2026-07-31T06:10:12+00:00,Stanleyville,1532,Serengeti Express (Stanleyville Station),False,0
2026-07-31T06:10:12+00:00,Stanleyville,6329,SheiKra,False,0
2026-07-31T06:10:12+00:00,Stanleyville,7310,Tigris,False,0
2026-07-31T06:15:12+00:00,Congo,1510,Congo River Rapids,False,0
2026-07-31T06:15:12+00:00,Congo,6333,Kumba,False,0
2026-07-31T06:15:12+00:00,Congo,10532,Ubanga-Banga Bumper Cars,False,0
2026-07-31T06:15:12+00:00,Crown Colony Plaza,6336,Cheetah Hunt,False,0
2026-07-31T06:15:12+00:00,Egypt,6335,Cobra's Curse,False,0
2026-07-31T06:15:12+00:00,Egypt,6334,Montu,False,0
2026-07-31T06:15:12+00:00,Egypt,12538,Skyride (Egypt Station),False,0
2026-07-31T06:15:12+00:00,Jungala,12539,Skyride (Jungala Station),False,0
2026-07-31T06:15:12+00:00,Morocco,1521,Gwazi Gliders,False,0
2026-07-31T06:15:12+00:00,Morocco,10516,Iron Gwazi,False,0
2026-07-31T06:15:12+00:00,Nairobi,1530,Serengeti Express (Nairobi Station),False,0
2026-07-31T06:15:12+00:00,Pantopia,6331,Falcon's Fury,False,0
2026-07-31T06:15:12+00:00,Pantopia,10529,Grand Caravan Carousel,False,0
2026-07-31T06:15:12+00:00,Pantopia,14516,Phoenix Rising,False,0
2026-07-31T06:15:12+00:00,Pantopia,11593,Serengeti Flyer,False,0
2026-07-31T06:15:12+00:00,Safari of Fun,1519,Air Grover,False,0
2026-07-31T06:15:12+00:00,Safari of Fun,1514,Big Bird's Whirly Birdie,False,0
2026-07-31T06:15:12+00:00,Safari of Fun,1513,Elmo's Safari Go-Round,False,0
2026-07-31T06:15:12+00:00,Safari of Fun,1516,Snuffy's Elephant Romp,False,0
2026-07-31T06:15:12+00:00,Safari of Fun,1524,The Count's Zambezi Rally,False,0
2026-07-31T06:15:12+00:00,Safari of Fun,1528,Zoe-Patra's Hippos of the Nile,False,0
2026-07-31T06:15:12+00:00,Stanleyville,1532,Serengeti Express (Stanleyville Station),False,0
2026-07-31T06:15:12+00:00,Stanleyville,6329,SheiKra,False,0
2026-07-31T06:15:12+00:00,Stanleyville,7310,Tigris,False,0
2026-07-31T06:20:12+00:00,Congo,1510,Congo River Rapids,False,0
2026-07-31T06:20:12+00:00,Congo,6333,Kumba,False,0
2026-07-31T06:20:12+00:00,Congo,10532,Ubanga-Banga Bumper Cars,False,0
2026-07-31T06:20:12+00:00,Crown Colony Plaza,6336,Cheetah Hunt,False,0
2026-07-31T06:20:12+00:00,Egypt,6335,Cobra's Curse,False,0
2026-07-31T06:20:12+00:00,Egypt,6334,Montu,False,0
2026-07-31T06:20:12+00:00,Egypt,12538,Skyride (Egypt Station),False,0
2026-07-31T06:20:12+00:00,Jungala,12539,Skyride (Jungala Station),False,0
2026-07-31T06:20:12+00:00,Morocco,1521,Gwazi Gliders,False,0
2026-07-31T06:20:12+00:00,Morocco,10516,Iron Gwazi,False,0
2026-07-31T06:20:12+00:00,Nairobi,1530,Serengeti Express (Nairobi Station),False,0
2026-07-31T06:20:12+00:00,Pantopia,6331,Falcon's Fury,False,0
2026-07-31T06:20:12+00:00,Pantopia,10529,Grand Caravan Carousel,False,0
2026-07-31T06:20:12+00:00,Pantopia,14516,Phoenix Rising,False,0
2026-07-31T06:20:12+00:00,Pantopia,11593,Serengeti Flyer,False,0
2026-07-31T06:20:12+00:00,Safari of Fun,1519,Air Grover,False,0
2026-07-31T06:20:12+00:00,Safari of Fun,1514,Big Bird's Whirly Birdie,False,0
2026-07-31T06:20:12+00:00,Safari of Fun,1513,Elmo's Safari Go-Round,False,0
2026-07-31T06:20:12+00:00,Safari of Fun,1516,Snuffy's Elephant Romp,False,0
2026-07-31T06:20:12+00:00,Safari of Fun,1524,The Count's Zambezi Rally,False,0
2026-07-31T06:20:12+00:00,Safari of Fun,1528,Zoe-Patra's Hippos of the Nile,False,0
2026-07-31T06:20:12+00:00,Stanleyville,1532,Serengeti Express (Stanleyville Station),False,0
2026-07-31T06:20:12+00:00,Stanleyville,6329,SheiKra,False,0
2026-07-31T06:20:12+00:00,Stanleyville,7310,Tigris,False,0
2026-07-31T06:25:10+00:00,Congo,1510,Congo River Rapids,False,0
2026-07-31T06:25:10+00:00,Congo,6333,Kumba,False,0
2026-07-31T06:25:10+00:00,Congo,10532,Ubanga-Banga Bumper Cars,False,0
2026-07-31T06:25:10+00:00,Crown Colony Plaza,6336,Cheetah Hunt,False,0
2026-07-31T06:25:10+00:00,Egypt,6335,Cobra's Curse,False,0
2026-07-31T06:25:10+00:00,Egypt,6334,Montu,False,0
2026-07-31T06:25:10+00:00,Egypt,12538,Skyride (Egypt Station),False,0
2026-07-31T06:25:10+00:00,Jungala,12539,Skyride (Jungala Station),False,0
2026-07-31T06:25:10+00:00,Morocco,1521,Gwazi Gliders,False,0
2026-07-31T06:25:10+00:00,Morocco,10516,Iron Gwazi,False,0
2026-07-31T06:25:10+00:00,Nairobi,1530,Serengeti Express (Nairobi Station),False,0
2026-07-31T06:25:10+00:00,Pantopia,6331,Falcon's Fury,False,0
2026-07-31T06:25:10+00:00,Pantopia,10529,Grand Caravan Carousel,False,0
2026-07-31T06:25:10+00:00,Pantopia,14516,Phoenix Rising,False,0
2026-07-31T06:25:10+00:00,Pantopia,11593,Serengeti Flyer,False,0
2026-07-31T06:25:10+00:00,Safari of Fun,1519,Air Grover,False,0
2026-07-31T06:25:10+00:00,Safari of Fun,1514,Big Bird's Whirly Birdie,False,0
2026-07-31T06:25:10+00:00,Safari of Fun,1513,Elmo's Safari Go-Round,False,0
2026-07-31T06:25:10+00:00,Safari of Fun,1516,Snuffy's Elephant Romp,False,0
2026-07-31T06:25:10+00:00,Safari of Fun,1524,The Count's Zambezi Rally,False,0
2026-07-31T06:25:10+00:00,Safari of Fun,1528,Zoe-Patra's Hippos of the Nile,False,0
2026-07-31T06:25:10+00:00,Stanleyville,1532,Serengeti Express (Stanleyville Station),False,0
2026-07-31T06:25:10+00:00,Stanleyville,6329,SheiKra,False,0
2026-07-31T06:25:10+00:00,Stanleyville,7310,Tigris,False,0
2026-07-31T06:30:15+00:00,Congo,1510,Congo River Rapids,False,0
2026-07-31T06:30:15+00:00,Congo,6333,Kumba,False,0
2026-07-31T06:30:15+00:00,Congo,10532,Ubanga-Banga Bumper Cars,False,0
2026-07-31T06:30:15+00:00,Crown Colony Plaza,6336,Cheetah Hunt,False,0
2026-07-31T06:30:15+00:00,Egypt,6335,Cobra's Curse,False,0
2026-07-31T06:30:15+00:00,Egypt,6334,Montu,False,0
2026-07-31T06:30:15+00:00,Egypt,12538,Skyride (Egypt Station),False,0
2026-07-31T06:30:15+00:00,Jungala,12539,Skyride (Jungala Station),False,0
2026-07-31T06:30:15+00:00,Morocco,1521,Gwazi Gliders,False,0
2026-07-31T06:30:15+00:00,Morocco,10516,Iron Gwazi,False,0
2026-07-31T06:30:15+00:00,Nairobi,1530,Serengeti Express (Nairobi Station),False,0
2026-07-31T06:30:15+00:00,Pantopia,6331,Falcon's Fury,False,0
2026-07-31T06:30:15+00:00,Pantopia,10529,Grand Caravan Carousel,False,0
2026-07-31T06:30:15+00:00,Pantopia,14516,Phoenix Rising,False,0
2026-07-31T06:30:15+00:00,Pantopia,11593,Serengeti Flyer,False,0
2026-07-31T06:30:15+00:00,Safari of Fun,1519,Air Grover,False,0
2026-07-31T06:30:15+00:00,Safari of Fun,1514,Big Bird's Whirly Birdie,False,0
2026-07-31T06:30:15+00:00,Safari of Fun,1513,Elmo's Safari Go-Round,False,0
2026-07-31T06:30:15+00:00,Safari of Fun,1516,Snuffy's Elephant Romp,False,0
2026-07-31T06:30:15+00:00,Safari of Fun,1524,The Count's Zambezi Rally,False,0
2026-07-31T06:30:15+00:00,Safari of Fun,1528,Zoe-Patra's Hippos of the Nile,False,0
2026-07-31T06:30:15+00:00,Stanleyville,1532,Serengeti Express (Stanleyville Station),False,0
2026-07-31T06:30:15+00:00,Stanleyville,6329,SheiKra,False,0
2026-07-31T06:30:15+00:00,Stanleyville,7310,Tigris,False,0
2026-07-31T06:35:10+00:00,Congo,1510,Congo River Rapids,False,0
2026-07-31T06:35:10+00:00,Congo,6333,Kumba,False,0
2026-07-31T06:35:10+00:00,Congo,10532,Ubanga-Banga Bumper Cars,False,0
2026-07-31T06:35:10+00:00,Crown Colony Plaza,6336,Cheetah Hunt,False,0
2026-07-31T06:35:10+00:00,Egypt,6335,Cobra's Curse,False,0
2026-07-31T06:35:10+00:00,Egypt,6334,Montu,False,0
2026-07-31T06:35:10+00:00,Egypt,12538,Skyride (Egypt Station),False,0
2026-07-31T06:35:10+00:00,Jungala,12539,Skyride (Jungala Station),False,0
2026-07-31T06:35:10+00:00,Morocco,1521,Gwazi Gliders,False,0
2026-07-31T06:35:10+00:00,Morocco,10516,Iron Gwazi,False,0
2026-07-31T06:35:10+00:00,Nairobi,1530,Serengeti Express (Nairobi Station),False,0
2026-07-31T06:35:10+00:00,Pantopia,6331,Falcon's Fury,False,0
2026-07-31T06:35:10+00:00,Pantopia,10529,Grand Caravan Carousel,False,0
2026-07-31T06:35:10+00:00,Pantopia,14516,Phoenix Rising,False,0
2026-07-31T06:35:10+00:00,Pantopia,11593,Serengeti Flyer,False,0
2026-07-31T06:35:10+00:00,Safari of Fun,1519,Air Grover,False,0
2026-07-31T06:35:10+00:00,Safari of Fun,1514,Big Bird's Whirly Birdie,False,0
2026-07-31T06:35:10+00:00,Safari of Fun,1513,Elmo's Safari Go-Round,False,0
2026-07-31T06:35:10+00:00,Safari of Fun,1516,Snuffy's Elephant Romp,False,0
2026-07-31T06:35:10+00:00,Safari of Fun,1524,The Count's Zambezi Rally,False,0
2026-07-31T06:35:10+00:00,Safari of Fun,1528,Zoe-Patra's Hippos of the Nile,False,0
2026-07-31T06:35:10+00:00,Stanleyville,1532,Serengeti Express (Stanleyville Station),False,0
2026-07-31T06:35:10+00:00,Stanleyville,6329,SheiKra,False,0
2026-07-31T06:35:10+00:00,Stanleyville,7310,Tigris,False,0
2026-07-31T06:40:18+00:00,Congo,1510,Congo River Rapids,False,0
2026-07-31T06:40:18+00:00,Congo,6333,Kumba,False,0
2026-07-31T06:40:18+00:00,Congo,10532,Ubanga-Banga Bumper Cars,False,0
2026-07-31T06:40:18+00:00,Crown Colony Plaza,6336,Cheetah Hunt,False,0
2026-07-31T06:40:18+00:00,Egypt,6335,Cobra's Curse,False,0
2026-07-31T06:40:18+00:00,Egypt,6334,Montu,False,0
2026-07-31T06:40:18+00:00,Egypt,12538,Skyride (Egypt Station),False,0
2026-07-31T06:40:18+00:00,Jungala,12539,Skyride (Jungala Station),False,0
2026-07-31T06:40:18+00:00,Morocco,1521,Gwazi Gliders,False,0
2026-07-31T06:40:18+00:00,Morocco,10516,Iron Gwazi,False,0
2026-07-31T06:40:18+00:00,Nairobi,1530,Serengeti Express (Nairobi Station),False,0
2026-07-31T06:40:18+00:00,Pantopia,6331,Falcon's Fury,False,0
2026-07-31T06:40:18+00:00,Pantopia,10529,Grand Caravan Carousel,False,0
2026-07-31T06:40:18+00:00,Pantopia,14516,Phoenix Rising,False,0
2026-07-31T06:40:18+00:00,Pantopia,11593,Serengeti Flyer,False,0
2026-07-31T06:40:18+00:00,Safari of Fun,1519,Air Grover,False,0
2026-07-31T06:40:18+00:00,Safari of Fun,1514,Big Bird's Whirly Birdie,False,0
2026-07-31T06:40:18+00:00,Safari of Fun,1513,Elmo's Safari Go-Round,False,0
2026-07-31T06:40:18+00:00,Safari of Fun,1516,Snuffy's Elephant Romp,False,0
2026-07-31T06:40:18+00:00,Safari of Fun,1524,The Count's Zambezi Rally,False,0
2026-07-31T06:40:18+00:00,Safari of Fun,1528,Zoe-Patra's Hippos of the Nile,False,0
2026-07-31T06:40:18+00:00,Stanleyville,1532,Serengeti Express (Stanleyville Station),False,0
2026-07-31T06:40:18+00:00,Stanleyville,6329,SheiKra,False,0
2026-07-31T06:40:18+00:00,Stanleyville,7310,Tigris,False,0
2026-07-31T06:45:13+00:00,Congo,1510,Congo River Rapids,False,0
2026-07-31T06:45:13+00:00,Congo,6333,Kumba,False,0
2026-07-31T06:45:13+00:00,Congo,10532,Ubanga-Banga Bumper Cars,False,0
2026-07-31T06:45:13+00:00,Crown Colony Plaza,6336,Cheetah Hunt,False,0
2026-07-31T06:45:13+00:00,Egypt,6335,Cobra's Curse,False,0
2026-07-31T06:45:13+00:00,Egypt,6334,Montu,False,0
2026-07-31T06:45:13+00:00,Egypt,12538,Skyride (Egypt Station),False,0
2026-07-31T06:45:13+00:00,Jungala,12539,Skyride (Jungala Station),False,0
2026-07-31T06:45:13+00:00,Morocco,1521,Gwazi Gliders,False,0
2026-07-31T06:45:13+00:00,Morocco,10516,Iron Gwazi,False,0
2026-07-31T06:45:13+00:00,Nairobi,1530,Serengeti Express (Nairobi Station),False,0
2026-07-31T06:45:13+00:00,Pantopia,6331,Falcon's Fury,False,0
2026-07-31T06:45:13+00:00,Pantopia,10529,Grand Caravan Carousel,False,0
2026-07-31T06:45:13+00:00,Pantopia,14516,Phoenix Rising,False,0
2026-07-31T06:45:13+00:00,Pantopia,11593,Serengeti Flyer,False,0
2026-07-31T06:45:13+00:00,Safari of Fun,1519,Air Grover,False,0
2026-07-31T06:45:13+00:00,Safari of Fun,1514,Big Bird's Whirly Birdie,False,0
2026-07-31T06:45:13+00:00,Safari of Fun,1513,Elmo's Safari Go-Round,False,0
2026-07-31T06:45:13+00:00,Safari of Fun,1516,Snuffy's Elephant Romp,False,0
2026-07-31T06:45:13+00:00,Safari of Fun,1524,The Count's Zambezi Rally,False,0
2026-07-31T06:45:13+00:00,Safari of Fun,1528,Zoe-Patra's Hippos of the Nile,False,0
2026-07-31T06:45:13+00:00,Stanleyville,1532,Serengeti Express (Stanleyville Station),False,0
2026-07-31T06:45:13+00:00,Stanleyville,6329,SheiKra,False,0
2026-07-31T06:45:13+00:00,Stanleyville,7310,Tigris,False,0
2026-07-31T06:50:15+00:00,Congo,1510,Congo River Rapids,False,0
2026-07-31T06:50:15+00:00,Congo,6333,Kumba,False,0
2026-07-31T06:50:15+00:00,Congo,10532,Ubanga-Banga Bumper Cars,False,0
2026-07-31T06:50:15+00:00,Crown Colony Plaza,6336,Cheetah Hunt,False,0
2026-07-31T06:50:15+00:00,Egypt,6335,Cobra's Curse,False,0
2026-07-31T06:50:15+00:00,Egypt,6334,Montu,False,0
2026-07-31T06:50:15+00:00,Egypt,12538,Skyride (Egypt Station),False,0
2026-07-31T06:50:15+00:00,Jungala,12539,Skyride (Jungala Station),False,0
2026-07-31T06:50:15+00:00,Morocco,1521,Gwazi Gliders,False,0
2026-07-31T06:50:15+00:00,Morocco,10516,Iron Gwazi,False,0
2026-07-31T06:50:15+00:00,Nairobi,1530,Serengeti Express (Nairobi Station),False,0
2026-07-31T06:50:15+00:00,Pantopia,6331,Falcon's Fury,False,0
2026-07-31T06:50:15+00:00,Pantopia,10529,Grand Caravan Carousel,False,0
2026-07-31T06:50:15+00:00,Pantopia,14516,Phoenix Rising,False,0
2026-07-31T06:50:15+00:00,Pantopia,11593,Serengeti Flyer,False,0
2026-07-31T06:50:15+00:00,Safari of Fun,1519,Air Grover,False,0
2026-07-31T06:50:15+00:00,Safari of Fun,1514,Big Bird's Whirly Birdie,False,0
2026-07-31T06:50:15+00:00,Safari of Fun,1513,Elmo's Safari Go-Round,False,0
2026-07-31T06:50:15+00:00,Safari of Fun,1516,Snuffy's Elephant Romp,False,0
2026-07-31T06:50:15+00:00,Safari of Fun,1524,The Count's Zambezi Rally,False,0
2026-07-31T06:50:15+00:00,Safari of Fun,1528,Zoe-Patra's Hippos of the Nile,False,0
2026-07-31T06:50:15+00:00,Stanleyville,1532,Serengeti Express (Stanleyville Station),False,0
2026-07-31T06:50:15+00:00,Stanleyville,6329,SheiKra,False,0
2026-07-31T06:50:15+00:00,Stanleyville,7310,Tigris,False,0
2026-07-31T06:55:12+00:00,Congo,1510,Congo River Rapids,False,0
2026-07-31T06:55:12+00:00,Congo,6333,Kumba,False,0
2026-07-31T06:55:12+00:00,Congo,10532,Ubanga-Banga Bumper Cars,False,0
2026-07-31T06:55:12+00:00,Crown Colony Plaza,6336,Cheetah Hunt,False,0
2026-07-31T06:55:12+00:00,Egypt,6335,Cobra's Curse,False,0
2026-07-31T06:55:12+00:00,Egypt,6334,Montu,False,0
2026-07-31T06:55:12+00:00,Egypt,12538,Skyride (Egypt Station),False,0
2026-07-31T06:55:12+00:00,Jungala,12539,Skyride (Jungala Station),False,0
2026-07-31T06:55:12+00:00,Morocco,1521,Gwazi Gliders,False,0
2026-07-31T06:55:12+00:00,Morocco,10516,Iron Gwazi,False,0
2026-07-31T06:55:12+00:00,Nairobi,1530,Serengeti Express (Nairobi Station),False,0
2026-07-31T06:55:12+00:00,Pantopia,6331,Falcon's Fury,False,0
2026-07-31T06:55:12+00:00,Pantopia,10529,Grand Caravan Carousel,False,0
2026-07-31T06:55:12+00:00,Pantopia,14516,Phoenix Rising,False,0
2026-07-31T06:55:12+00:00,Pantopia,11593,Serengeti Flyer,False,0
2026-07-31T06:55:12+00:00,Safari of Fun,1519,Air Grover,False,0
2026-07-31T06:55:12+00:00,Safari of Fun,1514,Big Bird's Whirly Birdie,False,0
2026-07-31T06:55:12+00:00,Safari of Fun,1513,Elmo's Safari Go-Round,False,0
2026-07-31T06:55:12+00:00,Safari of Fun,1516,Snuffy's Elephant Romp,False,0
2026-07-31T06:55:12+00:00,Safari of Fun,1524,The Count's Zambezi Rally,False,0
2026-07-31T06:55:12+00:00,Safari of Fun,1528,Zoe-Patra's Hippos of the Nile,False,0
2026-07-31T06:55:12+00:00,Stanleyville,1532,Serengeti Express (Stanleyville Station),False,0
2026-07-31T06:55:12+00:00,Stanleyville,6329,SheiKra,False,0
2026-07-31T06:55:12+00:00,Stanleyville,7310,Tigris,False,0
2026-07-31T07:00:19+00:00,Congo,1510,Congo River Rapids,False,0
2026-07-31T07:00:19+00:00,Congo,6333,Kumba,False,0
2026-07-31T07:00:19+00:00,Congo,10532,Ubanga-Banga Bumper Cars,False,0
2026-07-31T07:00:19+00:00,Crown Colony Plaza,6336,Cheetah Hunt,False,0
2026-07-31T07:00:19+00:00,Egypt,6335,Cobra's Curse,False,0
2026-07-31T07:00:19+00:00,Egypt,6334,Montu,False,0
2026-07-31T07:00:19+00:00,Egypt,12538,Skyride (Egypt Station),False,0
2026-07-31T07:00:19+00:00,Jungala,12539,Skyride (Jungala Station),False,0
2026-07-31T07:00:19+00:00,Morocco,1521,Gwazi Gliders,False,0
2026-07-31T07:00:19+00:00,Morocco,10516,Iron Gwazi,False,0
2026-07-31T07:00:19+00:00,Nairobi,1530,Serengeti Express (Nairobi Station),False,0
2026-07-31T07:00:19+00:00,Pantopia,6331,Falcon's Fury,False,0
2026-07-31T07:00:19+00:00,Pantopia,10529,Grand Caravan Carousel,False,0
2026-07-31T07:00:19+00:00,Pantopia,14516,Phoenix Rising,False,0
2026-07-31T07:00:19+00:00,Pantopia,11593,Serengeti Flyer,False,0
2026-07-31T07:00:19+00:00,Safari of Fun,1519,Air Grover,False,0
2026-07-31T07:00:19+00:00,Safari of Fun,1514,Big Bird's Whirly Birdie,False,0
2026-07-31T07:00:19+00:00,Safari of Fun,1513,Elmo's Safari Go-Round,False,0
2026-07-31T07:00:19+00:00,Safari of Fun,1516,Snuffy's Elephant Romp,False,0
2026-07-31T07:00:19+00:00,Safari of Fun,1524,The Count's Zambezi Rally,False,0
2026-07-31T07:00:19+00:00,Safari of Fun,1528,Zoe-Patra's Hippos of the Nile,False,0
2026-07-31T07:00:19+00:00,Stanleyville,1532,Serengeti Express (Stanleyville Station),False,0
2026-07-31T07:00:19+00:00,Stanleyville,6329,SheiKra,False,0
2026-07-31T07:00:19+00:00,Stanleyville,7310,Tigris,False,0
2026-07-31T07:05:12+00:00,Congo,1510,Congo River Rapids,False,0
2026-07-31T07:05:12+00:00,Congo,6333,Kumba,False,0
2026-07-31T07:05:12+00:00,Congo,10532,Ubanga-Banga Bumper Cars,False,0
2026-07-31T07:05:12+00:00,Crown Colony Plaza,6336,Cheetah Hunt,False,0
2026-07-31T07:05:12+00:00,Egypt,6335,Cobra's Curse,False,0
2026-07-31T07:05:12+00:00,Egypt,6334,Montu,False,0
2026-07-31T07:05:12+00:00,Egypt,12538,Skyride (Egypt Station),False,0
2026-07-31T07:05:12+00:00,Jungala,12539,Skyride (Jungala Station),False,0
2026-07-31T07:05:12+00:00,Morocco,1521,Gwazi Gliders,False,0
2026-07-31T07:05:12+00:00,Morocco,10516,Iron Gwazi,False,0
2026-07-31T07:05:12+00:00,Nairobi,1530,Serengeti Express (Nairobi Station),False,0
2026-07-31T07:05:12+00:00,Pantopia,6331,Falcon's Fury,False,0
2026-07-31T07:05:12+00:00,Pantopia,10529,Grand Caravan Carousel,False,0
2026-07-31T07:05:12+00:00,Pantopia,14516,Phoenix Rising,False,0
2026-07-31T07:05:12+00:00,Pantopia,11593,Serengeti Flyer,False,0
2026-07-31T07:05:12+00:00,Safari of Fun,1519,Air Grover,False,0
2026-07-31T07:05:12+00:00,Safari of Fun,1514,Big Bird's Whirly Birdie,False,0
2026-07-31T07:05:12+00:00,Safari of Fun,1513,Elmo's Safari Go-Round,False,0
2026-07-31T07:05:12+00:00,Safari of Fun,1516,Snuffy's Elephant Romp,False,0
2026-07-31T07:05:12+00:00,Safari of Fun,1524,The Count's Zambezi Rally,False,0
2026-07-31T07:05:12+00:00,Safari of Fun,1528,Zoe-Patra's Hippos of the Nile,False,0
2026-07-31T07:05:12+00:00,Stanleyville,1532,Serengeti Express (Stanleyville Station),False,0
2026-07-31T07:05:12+00:00,Stanleyville,6329,SheiKra,False,0
2026-07-31T07:05:12+00:00,Stanleyville,7310,Tigris,False,0
2026-07-31T07:10:15+00:00,Congo,1510,Congo River Rapids,False,0
2026-07-31T07:10:15+00:00,Congo,6333,Kumba,False,0
2026-07-31T07:10:15+00:00,Congo,10532,Ubanga-Banga Bumper Cars,False,0
2026-07-31T07:10:15+00:00,Crown Colony Plaza,6336,Cheetah Hunt,False,0
2026-07-31T07:10:15+00:00,Egypt,6335,Cobra's Curse,False,0
2026-07-31T07:10:15+00:00,Egypt,6334,Montu,False,0
2026-07-31T07:10:15+00:00,Egypt,12538,Skyride (Egypt Station),False,0
2026-07-31T07:10:15+00:00,Jungala,12539,Skyride (Jungala Station),False,0
2026-07-31T07:10:15+00:00,Morocco,1521,Gwazi Gliders,False,0
2026-07-31T07:10:15+00:00,Morocco,10516,Iron Gwazi,False,0
2026-07-31T07:10:15+00:00,Nairobi,1530,Serengeti Express (Nairobi Station),False,0
2026-07-31T07:10:15+00:00,Pantopia,6331,Falcon's Fury,False,0
2026-07-31T07:10:15+00:00,Pantopia,10529,Grand Caravan Carousel,False,0
2026-07-31T07:10:15+00:00,Pantopia,14516,Phoenix Rising,False,0
2026-07-31T07:10:15+00:00,Pantopia,11593,Serengeti Flyer,False,0
2026-07-31T07:10:15+00:00,Safari of Fun,1519,Air Grover,False,0
2026-07-31T07:10:15+00:00,Safari of Fun,1514,Big Bird's Whirly Birdie,False,0
2026-07-31T07:10:15+00:00,Safari of Fun,1513,Elmo's Safari Go-Round,False,0
2026-07-31T07:10:15+00:00,Safari of Fun,1516,Snuffy's Elephant Romp,False,0
2026-07-31T07:10:15+00:00,Safari of Fun,1524,The Count's Zambezi Rally,False,0
2026-07-31T07:10:15+00:00,Safari of Fun,1528,Zoe-Patra's Hippos of the Nile,False,0
2026-07-31T07:10:15+00:00,Stanleyville,1532,Serengeti Express (Stanleyville Station),False,0
2026-07-31T07:10:15+00:00,Stanleyville,6329,SheiKra,False,0
2026-07-31T07:10:15+00:00,Stanleyville,7310,Tigris,False,0
2026-07-31T07:15:12+00:00,Congo,1510,Congo River Rapids,False,0
2026-07-31T07:15:12+00:00,Congo,6333,Kumba,False,0
2026-07-31T07:15:12+00:00,Congo,10532,Ubanga-Banga Bumper Cars,False,0
2026-07-31T07:15:12+00:00,Crown Colony Plaza,6336,Cheetah Hunt,False,0
2026-07-31T07:15:12+00:00,Egypt,6335,Cobra's Curse,False,0
2026-07-31T07:15:12+00:00,Egypt,6334,Montu,False,0
2026-07-31T07:15:12+00:00,Egypt,12538,Skyride (Egypt Station),False,0
2026-07-31T07:15:12+00:00,Jungala,12539,Skyride (Jungala Station),False,0
2026-07-31T07:15:12+00:00,Morocco,1521,Gwazi Gliders,False,0
2026-07-31T07:15:12+00:00,Morocco,10516,Iron Gwazi,False,0
2026-07-31T07:15:12+00:00,Nairobi,1530,Serengeti Express (Nairobi Station),False,0
2026-07-31T07:15:12+00:00,Pantopia,6331,Falcon's Fury,False,0
2026-07-31T07:15:12+00:00,Pantopia,10529,Grand Caravan Carousel,False,0
2026-07-31T07:15:12+00:00,Pantopia,14516,Phoenix Rising,False,0
2026-07-31T07:15:12+00:00,Pantopia,11593,Serengeti Flyer,False,0
2026-07-31T07:15:12+00:00,Safari of Fun,1519,Air Grover,False,0
2026-07-31T07:15:12+00:00,Safari of Fun,1514,Big Bird's Whirly Birdie,False,0
2026-07-31T07:15:12+00:00,Safari of Fun,1513,Elmo's Safari Go-Round,False,0
2026-07-31T07:15:12+00:00,Safari of Fun,1516,Snuffy's Elephant Romp,False,0
2026-07-31T07:15:12+00:00,Safari of Fun,1524,The Count's Zambezi Rally,False,0
2026-07-31T07:15:12+00:00,Safari of Fun,1528,Zoe-Patra's Hippos of the Nile,False,0
2026-07-31T07:15:12+00:00,Stanleyville,1532,Serengeti Express (Stanleyville Station),False,0
2026-07-31T07:15:12+00:00,Stanleyville,6329,SheiKra,False,0
2026-07-31T07:15:12+00:00,Stanleyville,7310,Tigris,False,0
2026-07-31T07:20:15+00:00,Congo,1510,Congo River Rapids,False,0
2026-07-31T07:20:15+00:00,Congo,6333,Kumba,False,0
2026-07-31T07:20:15+00:00,Congo,10532,Ubanga-Banga Bumper Cars,False,0
2026-07-31T07:20:15+00:00,Crown Colony Plaza,6336,Cheetah Hunt,False,0
2026-07-31T07:20:15+00:00,Egypt,6335,Cobra's Curse,False,0
2026-07-31T07:20:15+00:00,Egypt,6334,Montu,False,0
2026-07-31T07:20:15+00:00,Egypt,12538,Skyride (Egypt Station),False,0
2026-07-31T07:20:15+00:00,Jungala,12539,Skyride (Jungala Station),False,0
2026-07-31T07:20:15+00:00,Morocco,1521,Gwazi Gliders,False,0
2026-07-31T07:20:15+00:00,Morocco,10516,Iron Gwazi,False,0
2026-07-31T07:20:15+00:00,Nairobi,1530,Serengeti Express (Nairobi Station),False,0
2026-07-31T07:20:15+00:00,Pantopia,6331,Falcon's Fury,False,0
2026-07-31T07:20:15+00:00,Pantopia,10529,Grand Caravan Carousel,False,0
2026-07-31T07:20:15+00:00,Pantopia,14516,Phoenix Rising,False,0
2026-07-31T07:20:15+00:00,Pantopia,11593,Serengeti Flyer,False,0
2026-07-31T07:20:15+00:00,Safari of Fun,1519,Air Grover,False,0
2026-07-31T07:20:15+00:00,Safari of Fun,1514,Big Bird's Whirly Birdie,False,0
2026-07-31T07:20:15+00:00,Safari of Fun,1513,Elmo's Safari Go-Round,False,0
2026-07-31T07:20:15+00:00,Safari of Fun,1516,Snuffy's Elephant Romp,False,0
2026-07-31T07:20:15+00:00,Safari of Fun,1524,The Count's Zambezi Rally,False,0
2026-07-31T07:20:15+00:00,Safari of Fun,1528,Zoe-Patra's Hippos of the Nile,False,0
2026-07-31T07:20:15+00:00,Stanleyville,1532,Serengeti Express (Stanleyville Station),False,0
2026-07-31T07:20:15+00:00,Stanleyville,6329,SheiKra,False,0
2026-07-31T07:20:15+00:00,Stanleyville,7310,Tigris,False,0
2026-07-31T07:25:12+00:00,Congo,1510,Congo River Rapids,False,0
2026-07-31T07:25:12+00:00,Congo,6333,Kumba,False,0
2026-07-31T07:25:12+00:00,Congo,10532,Ubanga-Banga Bumper Cars,False,0
2026-07-31T07:25:12+00:00,Crown Colony Plaza,6336,Cheetah Hunt,False,0
2026-07-31T07:25:12+00:00,Egypt,6335,Cobra's Curse,False,0
2026-07-31T07:25:12+00:00,Egypt,6334,Montu,False,0
2026-07-31T07:25:12+00:00,Egypt,12538,Skyride (Egypt Station),False,0
2026-07-31T07:25:12+00:00,Jungala,12539,Skyride (Jungala Station),False,0
2026-07-31T07:25:12+00:00,Morocco,1521,Gwazi Gliders,False,0
2026-07-31T07:25:12+00:00,Morocco,10516,Iron Gwazi,False,0
2026-07-31T07:25:12+00:00,Nairobi,1530,Serengeti Express (Nairobi Station),False,0
2026-07-31T07:25:12+00:00,Pantopia,6331,Falcon's Fury,False,0
2026-07-31T07:25:12+00:00,Pantopia,10529,Grand Caravan Carousel,False,0
2026-07-31T07:25:12+00:00,Pantopia,14516,Phoenix Rising,False,0
2026-07-31T07:25:12+00:00,Pantopia,11593,Serengeti Flyer,False,0
2026-07-31T07:25:12+00:00,Safari of Fun,1519,Air Grover,False,0
2026-07-31T07:25:12+00:00,Safari of Fun,1514,Big Bird's Whirly Birdie,False,0
2026-07-31T07:25:12+00:00,Safari of Fun,1513,Elmo's Safari Go-Round,False,0
2026-07-31T07:25:12+00:00,Safari of Fun,1516,Snuffy's Elephant Romp,False,0
2026-07-31T07:25:12+00:00,Safari of Fun,1524,The Count's Zambezi Rally,False,0
2026-07-31T07:25:12+00:00,Safari of Fun,1528,Zoe-Patra's Hippos of the Nile,False,0
2026-07-31T07:25:12+00:00,Stanleyville,1532,Serengeti Express (Stanleyville Station),False,0
2026-07-31T07:25:12+00:00,Stanleyville,6329,SheiKra,False,0
2026-07-31T07:25:12+00:00,Stanleyville,7310,Tigris,False,0
2026-07-31T07:30:26+00:00,Congo,1510,Congo River Rapids,False,0
2026-07-31T07:30:26+00:00,Congo,6333,Kumba,False,0
2026-07-31T07:30:26+00:00,Congo,10532,Ubanga-Banga Bumper Cars,False,0
2026-07-31T07:30:26+00:00,Crown Colony Plaza,6336,Cheetah Hunt,False,0
2026-07-31T07:30:26+00:00,Egypt,6335,Cobra's Curse,False,0
2026-07-31T07:30:26+00:00,Egypt,6334,Montu,False,0
2026-07-31T07:30:26+00:00,Egypt,12538,Skyride (Egypt Station),False,0
2026-07-31T07:30:26+00:00,Jungala,12539,Skyride (Jungala Station),False,0
2026-07-31T07:30:26+00:00,Morocco,1521,Gwazi Gliders,False,0
2026-07-31T07:30:26+00:00,Morocco,10516,Iron Gwazi,False,0
2026-07-31T07:30:26+00:00,Nairobi,1530,Serengeti Express (Nairobi Station),False,0
2026-07-31T07:30:26+00:00,Pantopia,6331,Falcon's Fury,False,0
2026-07-31T07:30:26+00:00,Pantopia,10529,Grand Caravan Carousel,False,0
2026-07-31T07:30:26+00:00,Pantopia,14516,Phoenix Rising,False,0
2026-07-31T07:30:26+00:00,Pantopia,11593,Serengeti Flyer,False,0
2026-07-31T07:30:26+00:00,Safari of Fun,1519,Air Grover,False,0
2026-07-31T07:30:26+00:00,Safari of Fun,1514,Big Bird's Whirly Birdie,False,0
2026-07-31T07:30:26+00:00,Safari of Fun,1513,Elmo's Safari Go-Round,False,0
2026-07-31T07:30:26+00:00,Safari of Fun,1516,Snuffy's Elephant Romp,False,0
2026-07-31T07:30:26+00:00,Safari of Fun,1524,The Count's Zambezi Rally,False,0
2026-07-31T07:30:26+00:00,Safari of Fun,1528,Zoe-Patra's Hippos of the Nile,False,0
2026-07-31T07:30:26+00:00,Stanleyville,1532,Serengeti Express (Stanleyville Station),False,0
2026-07-31T07:30:26+00:00,Stanleyville,6329,SheiKra,False,0
2026-07-31T07:30:26+00:00,Stanleyville,7310,Tigris,False,0
2026-07-31T07:35:13+00:00,Congo,1510,Congo River Rapids,False,0
2026-07-31T07:35:13+00:00,Congo,6333,Kumba,False,0
2026-07-31T07:35:13+00:00,Congo,10532,Ubanga-Banga Bumper Cars,False,0
2026-07-31T07:35:13+00:00,Crown Colony Plaza,6336,Cheetah Hunt,False,0
2026-07-31T07:35:13+00:00,Egypt,6335,Cobra's Curse,False,0
2026-07-31T07:35:13+00:00,Egypt,6334,Montu,False,0
2026-07-31T07:35:13+00:00,Egypt,12538,Skyride (Egypt Station),False,0
2026-07-31T07:35:13+00:00,Jungala,12539,Skyride (Jungala Station),False,0
2026-07-31T07:35:13+00:00,Morocco,1521,Gwazi Gliders,False,0
2026-07-31T07:35:13+00:00,Morocco,10516,Iron Gwazi,False,0
2026-07-31T07:35:13+00:00,Nairobi,1530,Serengeti Express (Nairobi Station),False,0
2026-07-31T07:35:13+00:00,Pantopia,6331,Falcon's Fury,False,0
2026-07-31T07:35:13+00:00,Pantopia,10529,Grand Caravan Carousel,False,0
2026-07-31T07:35:13+00:00,Pantopia,14516,Phoenix Rising,False,0
2026-07-31T07:35:13+00:00,Pantopia,11593,Serengeti Flyer,False,0
2026-07-31T07:35:13+00:00,Safari of Fun,1519,Air Grover,False,0
2026-07-31T07:35:13+00:00,Safari of Fun,1514,Big Bird's Whirly Birdie,False,0
2026-07-31T07:35:13+00:00,Safari of Fun,1513,Elmo's Safari Go-Round,False,0
2026-07-31T07:35:13+00:00,Safari of Fun,1516,Snuffy's Elephant Romp,False,0
2026-07-31T07:35:13+00:00,Safari of Fun,1524,The Count's Zambezi Rally,False,0
2026-07-31T07:35:13+00:00,Safari of Fun,1528,Zoe-Patra's Hippos of the Nile,False,0
2026-07-31T07:35:13+00:00,Stanleyville,1532,Serengeti Express (Stanleyville Station),False,0
2026-07-31T07:35:13+00:00,Stanleyville,6329,SheiKra,False,0
2026-07-31T07:35:13+00:00,Stanleyville,7310,Tigris,False,0
2026-07-31T07:40:13+00:00,Congo,1510,Congo River Rapids,False,0
2026-07-31T07:40:13+00:00,Congo,6333,Kumba,False,0
2026-07-31T07:40:13+00:00,Congo,10532,Ubanga-Banga Bumper Cars,False,0
2026-07-31T07:40:13+00:00,Crown Colony Plaza,6336,Cheetah Hunt,False,0
2026-07-31T07:40:13+00:00,Egypt,6335,Cobra's Curse,False,0
2026-07-31T07:40:13+00:00,Egypt,6334,Montu,False,0
2026-07-31T07:40:13+00:00,Egypt,12538,Skyride (Egypt Station),False,0
2026-07-31T07:40:13+00:00,Jungala,12539,Skyride (Jungala Station),False,0
2026-07-31T07:40:13+00:00,Morocco,1521,Gwazi Gliders,False,0
2026-07-31T07:40:13+00:00,Morocco,10516,Iron Gwazi,False,0
2026-07-31T07:40:13+00:00,Nairobi,1530,Serengeti Express (Nairobi Station),False,0
2026-07-31T07:40:13+00:00,Pantopia,6331,Falcon's Fury,False,0
2026-07-31T07:40:13+00:00,Pantopia,10529,Grand Caravan Carousel,False,0
2026-07-31T07:40:13+00:00,Pantopia,14516,Phoenix Rising,False,0
2026-07-31T07:40:13+00:00,Pantopia,11593,Serengeti Flyer,False,0
2026-07-31T07:40:13+00:00,Safari of Fun,1519,Air Grover,False,0
2026-07-31T07:40:13+00:00,Safari of Fun,1514,Big Bird's Whirly Birdie,False,0
2026-07-31T07:40:13+00:00,Safari of Fun,1513,Elmo's Safari Go-Round,False,0
2026-07-31T07:40:13+00:00,Safari of Fun,1516,Snuffy's Elephant Romp,False,0
2026-07-31T07:40:13+00:00,Safari of Fun,1524,The Count's Zambezi Rally,False,0
2026-07-31T07:40:13+00:00,Safari of Fun,1528,Zoe-Patra's Hippos of the Nile,False,0
2026-07-31T07:40:13+00:00,Stanleyville,1532,Serengeti Express (Stanleyville Station),False,0
2026-07-31T07:40:13+00:00,Stanleyville,6329,SheiKra,False,0
2026-07-31T07:40:13+00:00,Stanleyville,7310,Tigris,False,0
2026-07-31T07:45:13+00:00,Congo,1510,Congo River Rapids,False,0
2026-07-31T07:45:13+00:00,Congo,6333,Kumba,False,0
2026-07-31T07:45:13+00:00,Congo,10532,Ubanga-Banga Bumper Cars,False,0
2026-07-31T07:45:13+00:00,Crown Colony Plaza,6336,Cheetah Hunt,False,0
2026-07-31T07:45:13+00:00,Egypt,6335,Cobra's Curse,False,0
2026-07-31T07:45:13+00:00,Egypt,6334,Montu,False,0
2026-07-31T07:45:13+00:00,Egypt,12538,Skyride (Egypt Station),False,0
2026-07-31T07:45:13+00:00,Jungala,12539,Skyride (Jungala Station),False,0
2026-07-31T07:45:13+00:00,Morocco,1521,Gwazi Gliders,False,0
2026-07-31T07:45:13+00:00,Morocco,10516,Iron Gwazi,False,0
2026-07-31T07:45:13+00:00,Nairobi,1530,Serengeti Express (Nairobi Station),False,0
2026-07-31T07:45:13+00:00,Pantopia,6331,Falcon's Fury,False,0
2026-07-31T07:45:13+00:00,Pantopia,10529,Grand Caravan Carousel,False,0
2026-07-31T07:45:13+00:00,Pantopia,14516,Phoenix Rising,False,0
2026-07-31T07:45:13+00:00,Pantopia,11593,Serengeti Flyer,False,0
2026-07-31T07:45:13+00:00,Safari of Fun,1519,Air Grover,False,0
2026-07-31T07:45:13+00:00,Safari of Fun,1514,Big Bird's Whirly Birdie,False,0
2026-07-31T07:45:13+00:00,Safari of Fun,1513,Elmo's Safari Go-Round,False,0
2026-07-31T07:45:13+00:00,Safari of Fun,1516,Snuffy's Elephant Romp,False,0
2026-07-31T07:45:13+00:00,Safari of Fun,1524,The Count's Zambezi Rally,False,0
2026-07-31T07:45:13+00:00,Safari of Fun,1528,Zoe-Patra's Hippos of the Nile,False,0
2026-07-31T07:45:13+00:00,Stanleyville,1532,Serengeti Express (Stanleyville Station),False,0
2026-07-31T07:45:13+00:00,Stanleyville,6329,SheiKra,False,0
2026-07-31T07:45:13+00:00,Stanleyville,7310,Tigris,False,0
2026-07-31T07:50:12+00:00,Congo,1510,Congo River Rapids,False,0
2026-07-31T07:50:12+00:00,Congo,6333,Kumba,False,0
2026-07-31T07:50:12+00:00,Congo,10532,Ubanga-Banga Bumper Cars,False,0
2026-07-31T07:50:12+00:00,Crown Colony Plaza,6336,Cheetah Hunt,False,0
2026-07-31T07:50:12+00:00,Egypt,6335,Cobra's Curse,False,0
2026-07-31T07:50:12+00:00,Egypt,6334,Montu,False,0
2026-07-31T07:50:12+00:00,Egypt,12538,Skyride (Egypt Station),False,0
2026-07-31T07:50:12+00:00,Jungala,12539,Skyride (Jungala Station),False,0
2026-07-31T07:50:12+00:00,Morocco,1521,Gwazi Gliders,False,0
2026-07-31T07:50:12+00:00,Morocco,10516,Iron Gwazi,False,0
2026-07-31T07:50:12+00:00,Nairobi,1530,Serengeti Express (Nairobi Station),False,0
2026-07-31T07:50:12+00:00,Pantopia,6331,Falcon's Fury,False,0
2026-07-31T07:50:12+00:00,Pantopia,10529,Grand Caravan Carousel,False,0
2026-07-31T07:50:12+00:00,Pantopia,14516,Phoenix Rising,False,0
2026-07-31T07:50:12+00:00,Pantopia,11593,Serengeti Flyer,False,0
2026-07-31T07:50:12+00:00,Safari of Fun,1519,Air Grover,False,0
2026-07-31T07:50:12+00:00,Safari of Fun,1514,Big Bird's Whirly Birdie,False,0
2026-07-31T07:50:12+00:00,Safari of Fun,1513,Elmo's Safari Go-Round,False,0
2026-07-31T07:50:12+00:00,Safari of Fun,1516,Snuffy's Elephant Romp,False,0
2026-07-31T07:50:12+00:00,Safari of Fun,1524,The Count's Zambezi Rally,False,0
2026-07-31T07:50:12+00:00,Safari of Fun,1528,Zoe-Patra's Hippos of the Nile,False,0
2026-07-31T07:50:12+00:00,Stanleyville,1532,Serengeti Express (Stanleyville Station),False,0
2026-07-31T07:50:12+00:00,Stanleyville,6329,SheiKra,False,0
2026-07-31T07:50:12+00:00,Stanleyville,7310,Tigris,False,0
2026-07-31T07:55:18+00:00,Congo,1510,Congo River Rapids,False,0
2026-07-31T07:55:18+00:00,Congo,6333,Kumba,False,0
2026-07-31T07:55:18+00:00,Congo,10532,Ubanga-Banga Bumper Cars,False,0
2026-07-31T07:55:18+00:00,Crown Colony Plaza,6336,Cheetah Hunt,False,0
2026-07-31T07:55:18+00:00,Egypt,6335,Cobra's Curse,False,0
2026-07-31T07:55:18+00:00,Egypt,6334,Montu,False,0
2026-07-31T07:55:18+00:00,Egypt,12538,Skyride (Egypt Station),False,0
2026-07-31T07:55:18+00:00,Jungala,12539,Skyride (Jungala Station),False,0
2026-07-31T07:55:18+00:00,Morocco,1521,Gwazi Gliders,False,0
2026-07-31T07:55:18+00:00,Morocco,10516,Iron Gwazi,False,0
2026-07-31T07:55:18+00:00,Nairobi,1530,Serengeti Express (Nairobi Station),False,0
2026-07-31T07:55:18+00:00,Pantopia,6331,Falcon's Fury,False,0
2026-07-31T07:55:18+00:00,Pantopia,10529,Grand Caravan Carousel,False,0
2026-07-31T07:55:18+00:00,Pantopia,14516,Phoenix Rising,False,0
2026-07-31T07:55:18+00:00,Pantopia,11593,Serengeti Flyer,False,0
2026-07-31T07:55:18+00:00,Safari of Fun,1519,Air Grover,False,0
2026-07-31T07:55:18+00:00,Safari of Fun,1514,Big Bird's Whirly Birdie,False,0
2026-07-31T07:55:18+00:00,Safari of Fun,1513,Elmo's Safari Go-Round,False,0
2026-07-31T07:55:18+00:00,Safari of Fun,1516,Snuffy's Elephant Romp,False,0
2026-07-31T07:55:18+00:00,Safari of Fun,1524,The Count's Zambezi Rally,False,0
2026-07-31T07:55:18+00:00,Safari of Fun,1528,Zoe-Patra's Hippos of the Nile,False,0
2026-07-31T07:55:18+00:00,Stanleyville,1532,Serengeti Express (Stanleyville Station),False,0
2026-07-31T07:55:18+00:00,Stanleyville,6329,SheiKra,False,0
2026-07-31T07:55:18+00:00,Stanleyville,7310,Tigris,False,0
2026-07-31T08:00:23+00:00,Congo,1510,Congo River Rapids,False,0
2026-07-31T08:00:23+00:00,Congo,6333,Kumba,False,0
2026-07-31T08:00:23+00:00,Congo,10532,Ubanga-Banga Bumper Cars,False,0
2026-07-31T08:00:23+00:00,Crown Colony Plaza,6336,Cheetah Hunt,False,0
2026-07-31T08:00:23+00:00,Egypt,6335,Cobra's Curse,False,0
2026-07-31T08:00:23+00:00,Egypt,6334,Montu,False,0
2026-07-31T08:00:23+00:00,Egypt,12538,Skyride (Egypt Station),False,0
2026-07-31T08:00:23+00:00,Jungala,12539,Skyride (Jungala Station),False,0
2026-07-31T08:00:23+00:00,Morocco,1521,Gwazi Gliders,False,0
2026-07-31T08:00:23+00:00,Morocco,10516,Iron Gwazi,False,0
2026-07-31T08:00:23+00:00,Nairobi,1530,Serengeti Express (Nairobi Station),False,0
2026-07-31T08:00:23+00:00,Pantopia,6331,Falcon's Fury,False,0
2026-07-31T08:00:23+00:00,Pantopia,10529,Grand Caravan Carousel,False,0
2026-07-31T08:00:23+00:00,Pantopia,14516,Phoenix Rising,False,0
2026-07-31T08:00:23+00:00,Pantopia,11593,Serengeti Flyer,False,0
2026-07-31T08:00:23+00:00,Safari of Fun,1519,Air Grover,False,0
2026-07-31T08:00:23+00:00,Safari of Fun,1514,Big Bird's Whirly Birdie,False,0
2026-07-31T08:00:23+00:00,Safari of Fun,1513,Elmo's Safari Go-Round,False,0
2026-07-31T08:00:23+00:00,Safari of Fun,1516,Snuffy's Elephant Romp,False,0
2026-07-31T08:00:23+00:00,Safari of Fun,1524,The Count's Zambezi Rally,False,0
2026-07-31T08:00:23+00:00,Safari of Fun,1528,Zoe-Patra's Hippos of the Nile,False,0
2026-07-31T08:00:23+00:00,Stanleyville,1532,Serengeti Express (Stanleyville Station),False,0
2026-07-31T08:00:23+00:00,Stanleyville,6329,SheiKra,False,0
2026-07-31T08:00:23+00:00,Stanleyville,7310,Tigris,False,0
2026-07-31T08:05:11+00:00,Congo,1510,Congo River Rapids,False,0
2026-07-31T08:05:11+00:00,Congo,6333,Kumba,False,0
2026-07-31T08:05:11+00:00,Congo,10532,Ubanga-Banga Bumper Cars,False,0
2026-07-31T08:05:11+00:00,Crown Colony Plaza,6336,Cheetah Hunt,False,0
2026-07-31T08:05:11+00:00,Egypt,6335,Cobra's Curse,False,0
2026-07-31T08:05:11+00:00,Egypt,6334,Montu,False,0
2026-07-31T08:05:11+00:00,Egypt,12538,Skyride (Egypt Station),False,0
2026-07-31T08:05:11+00:00,Jungala,12539,Skyride (Jungala Station),False,0
2026-07-31T08:05:11+00:00,Morocco,1521,Gwazi Gliders,False,0
2026-07-31T08:05:11+00:00,Morocco,10516,Iron Gwazi,False,0
2026-07-31T08:05:11+00:00,Nairobi,1530,Serengeti Express (Nairobi Station),False,0
2026-07-31T08:05:11+00:00,Pantopia,6331,Falcon's Fury,False,0
2026-07-31T08:05:11+00:00,Pantopia,10529,Grand Caravan Carousel,False,0
2026-07-31T08:05:11+00:00,Pantopia,14516,Phoenix Rising,False,0
2026-07-31T08:05:11+00:00,Pantopia,11593,Serengeti Flyer,False,0
2026-07-31T08:05:11+00:00,Safari of Fun,1519,Air Grover,False,0
2026-07-31T08:05:11+00:00,Safari of Fun,1514,Big Bird's Whirly Birdie,False,0
2026-07-31T08:05:11+00:00,Safari of Fun,1513,Elmo's Safari Go-Round,False,0
2026-07-31T08:05:11+00:00,Safari of Fun,1516,Snuffy's Elephant Romp,False,0
2026-07-31T08:05:11+00:00,Safari of Fun,1524,The Count's Zambezi Rally,False,0
2026-07-31T08:05:11+00:00,Safari of Fun,1528,Zoe-Patra's Hippos of the Nile,False,0
2026-07-31T08:05:11+00:00,Stanleyville,1532,Serengeti Express (Stanleyville Station),False,0
2026-07-31T08:05:11+00:00,Stanleyville,6329,SheiKra,False,0
2026-07-31T08:05:11+00:00,Stanleyville,7310,Tigris,False,0
2026-07-31T08:10:19+00:00,Congo,1510,Congo River Rapids,False,0
2026-07-31T08:10:19+00:00,Congo,6333,Kumba,False,0
2026-07-31T08:10:19+00:00,Congo,10532,Ubanga-Banga Bumper Cars,False,0
2026-07-31T08:10:19+00:00,Crown Colony Plaza,6336,Cheetah Hunt,False,0
2026-07-31T08:10:19+00:00,Egypt,6335,Cobra's Curse,False,0
2026-07-31T08:10:19+00:00,Egypt,6334,Montu,False,0
2026-07-31T08:10:19+00:00,Egypt,12538,Skyride (Egypt Station),False,0
2026-07-31T08:10:19+00:00,Jungala,12539,Skyride (Jungala Station),False,0
2026-07-31T08:10:19+00:00,Morocco,1521,Gwazi Gliders,False,0
2026-07-31T08:10:19+00:00,Morocco,10516,Iron Gwazi,False,0
2026-07-31T08:10:19+00:00,Nairobi,1530,Serengeti Express (Nairobi Station),False,0
2026-07-31T08:10:19+00:00,Pantopia,6331,Falcon's Fury,False,0
2026-07-31T08:10:19+00:00,Pantopia,10529,Grand Caravan Carousel,False,0
2026-07-31T08:10:19+00:00,Pantopia,14516,Phoenix Rising,False,0
2026-07-31T08:10:19+00:00,Pantopia,11593,Serengeti Flyer,False,0
2026-07-31T08:10:19+00:00,Safari of Fun,1519,Air Grover,False,0
2026-07-31T08:10:19+00:00,Safari of Fun,1514,Big Bird's Whirly Birdie,False,0
2026-07-31T08:10:19+00:00,Safari of Fun,1513,Elmo's Safari Go-Round,False,0
2026-07-31T08:10:19+00:00,Safari of Fun,1516,Snuffy's Elephant Romp,False,0
2026-07-31T08:10:19+00:00,Safari of Fun,1524,The Count's Zambezi Rally,False,0
2026-07-31T08:10:19+00:00,Safari of Fun,1528,Zoe-Patra's Hippos of the Nile,False,0
2026-07-31T08:10:19+00:00,Stanleyville,1532,Serengeti Express (Stanleyville Station),False,0
2026-07-31T08:10:19+00:00,Stanleyville,6329,SheiKra,False,0
2026-07-31T08:10:19+00:00,Stanleyville,7310,Tigris,False,0
2026-07-31T08:12:18+00:00,Congo,1510,Congo River Rapids,False,0
2026-07-31T08:12:18+00:00,Congo,6333,Kumba,False,0
2026-07-31T08:12:18+00:00,Congo,10532,Ubanga-Banga Bumper Cars,False,0
2026-07-31T08:12:18+00:00,Crown Colony Plaza,6336,Cheetah Hunt,False,0
2026-07-31T08:12:18+00:00,Egypt,6335,Cobra's Curse,False,0
2026-07-31T08:12:18+00:00,Egypt,6334,Montu,False,0
2026-07-31T08:12:18+00:00,Egypt,12538,Skyride (Egypt Station),False,0
2026-07-31T08:12:18+00:00,Jungala,12539,Skyride (Jungala Station),False,0
2026-07-31T08:12:18+00:00,Morocco,1521,Gwazi Gliders,False,0
2026-07-31T08:12:18+00:00,Morocco,10516,Iron Gwazi,False,0
2026-07-31T08:12:18+00:00,Nairobi,1530,Serengeti Express (Nairobi Station),False,0
2026-07-31T08:12:18+00:00,Pantopia,6331,Falcon's Fury,False,0
2026-07-31T08:12:18+00:00,Pantopia,10529,Grand Caravan Carousel,False,0
2026-07-31T08:12:18+00:00,Pantopia,14516,Phoenix Rising,False,0
2026-07-31T08:12:18+00:00,Pantopia,11593,Serengeti Flyer,False,0
2026-07-31T08:12:18+00:00,Safari of Fun,1519,Air Grover,False,0
2026-07-31T08:12:18+00:00,Safari of Fun,1514,Big Bird's Whirly Birdie,False,0
2026-07-31T08:12:18+00:00,Safari of Fun,1513,Elmo's Safari Go-Round,False,0
2026-07-31T08:12:18+00:00,Safari of Fun,1516,Snuffy's Elephant Romp,False,0
2026-07-31T08:12:18+00:00,Safari of Fun,1524,The Count's Zambezi Rally,False,0
2026-07-31T08:12:18+00:00,Safari of Fun,1528,Zoe-Patra's Hippos of the Nile,False,0
2026-07-31T08:12:18+00:00,Stanleyville,1532,Serengeti Express (Stanleyville Station),False,0
2026-07-31T08:12:18+00:00,Stanleyville,6329,SheiKra,False,0
2026-07-31T08:12:18+00:00,Stanleyville,7310,Tigris,False,0
2026-07-31T08:15:12+00:00,Congo,1510,Congo River Rapids,False,0
2026-07-31T08:15:12+00:00,Congo,6333,Kumba,False,0
2026-07-31T08:15:12+00:00,Congo,10532,Ubanga-Banga Bumper Cars,False,0
2026-07-31T08:15:12+00:00,Crown Colony Plaza,6336,Cheetah Hunt,False,0
2026-07-31T08:15:12+00:00,Egypt,6335,Cobra's Curse,False,0
2026-07-31T08:15:12+00:00,Egypt,6334,Montu,False,0
2026-07-31T08:15:12+00:00,Egypt,12538,Skyride (Egypt Station),False,0
2026-07-31T08:15:12+00:00,Jungala,12539,Skyride (Jungala Station),False,0
2026-07-31T08:15:12+00:00,Morocco,1521,Gwazi Gliders,False,0
2026-07-31T08:15:12+00:00,Morocco,10516,Iron Gwazi,False,0
2026-07-31T08:15:12+00:00,Nairobi,1530,Serengeti Express (Nairobi Station),False,0
2026-07-31T08:15:12+00:00,Pantopia,6331,Falcon's Fury,False,0
2026-07-31T08:15:12+00:00,Pantopia,10529,Grand Caravan Carousel,False,0
2026-07-31T08:15:12+00:00,Pantopia,14516,Phoenix Rising,False,0
2026-07-31T08:15:12+00:00,Pantopia,11593,Serengeti Flyer,False,0
2026-07-31T08:15:12+00:00,Safari of Fun,1519,Air Grover,False,0
2026-07-31T08:15:12+00:00,Safari of Fun,1514,Big Bird's Whirly Birdie,False,0
2026-07-31T08:15:12+00:00,Safari of Fun,1513,Elmo's Safari Go-Round,False,0
2026-07-31T08:15:12+00:00,Safari of Fun,1516,Snuffy's Elephant Romp,False,0
2026-07-31T08:15:12+00:00,Safari of Fun,1524,The Count's Zambezi Rally,False,0
2026-07-31T08:15:12+00:00,Safari of Fun,1528,Zoe-Patra's Hippos of the Nile,False,0
2026-07-31T08:15:12+00:00,Stanleyville,1532,Serengeti Express (Stanleyville Station),False,0
2026-07-31T08:15:12+00:00,Stanleyville,6329,SheiKra,False,0
2026-07-31T08:15:12+00:00,Stanleyville,7310,Tigris,False,0
2026-07-31T08:20:12+00:00,Congo,1510,Congo River Rapids,False,0
2026-07-31T08:20:12+00:00,Congo,6333,Kumba,False,0
2026-07-31T08:20:12+00:00,Congo,10532,Ubanga-Banga Bumper Cars,False,0
2026-07-31T08:20:12+00:00,Crown Colony Plaza,6336,Cheetah Hunt,False,0
2026-07-31T08:20:12+00:00,Egypt,6335,Cobra's Curse,False,0
2026-07-31T08:20:12+00:00,Egypt,6334,Montu,False,0
2026-07-31T08:20:12+00:00,Egypt,12538,Skyride (Egypt Station),False,0
2026-07-31T08:20:12+00:00,Jungala,12539,Skyride (Jungala Station),False,0
2026-07-31T08:20:12+00:00,Morocco,1521,Gwazi Gliders,False,0
2026-07-31T08:20:12+00:00,Morocco,10516,Iron Gwazi,False,0
2026-07-31T08:20:12+00:00,Nairobi,1530,Serengeti Express (Nairobi Station),False,0
2026-07-31T08:20:12+00:00,Pantopia,6331,Falcon's Fury,False,0
2026-07-31T08:20:12+00:00,Pantopia,10529,Grand Caravan Carousel,False,0
2026-07-31T08:20:12+00:00,Pantopia,14516,Phoenix Rising,False,0
2026-07-31T08:20:12+00:00,Pantopia,11593,Serengeti Flyer,False,0
2026-07-31T08:20:12+00:00,Safari of Fun,1519,Air Grover,False,0
2026-07-31T08:20:12+00:00,Safari of Fun,1514,Big Bird's Whirly Birdie,False,0
2026-07-31T08:20:12+00:00,Safari of Fun,1513,Elmo's Safari Go-Round,False,0
2026-07-31T08:20:12+00:00,Safari of Fun,1516,Snuffy's Elephant Romp,False,0
2026-07-31T08:20:12+00:00,Safari of Fun,1524,The Count's Zambezi Rally,False,0
2026-07-31T08:20:12+00:00,Safari of Fun,1528,Zoe-Patra's Hippos of the Nile,False,0
2026-07-31T08:20:12+00:00,Stanleyville,1532,Serengeti Express (Stanleyville Station),False,0
2026-07-31T08:20:12+00:00,Stanleyville,6329,SheiKra,False,0
2026-07-31T08:20:12+00:00,Stanleyville,7310,Tigris,False,0
2026-07-31T08:25:17+00:00,Congo,1510,Congo River Rapids,False,0
2026-07-31T08:25:17+00:00,Congo,6333,Kumba,False,0
2026-07-31T08:25:17+00:00,Congo,10532,Ubanga-Banga Bumper Cars,False,0
2026-07-31T08:25:17+00:00,Crown Colony Plaza,6336,Cheetah Hunt,False,0
2026-07-31T08:25:17+00:00,Egypt,6335,Cobra's Curse,False,0
2026-07-31T08:25:17+00:00,Egypt,6334,Montu,False,0
2026-07-31T08:25:17+00:00,Egypt,12538,Skyride (Egypt Station),False,0
2026-07-31T08:25:17+00:00,Jungala,12539,Skyride (Jungala Station),False,0
2026-07-31T08:25:17+00:00,Morocco,1521,Gwazi Gliders,False,0
2026-07-31T08:25:17+00:00,Morocco,10516,Iron Gwazi,False,0
2026-07-31T08:25:17+00:00,Nairobi,1530,Serengeti Express (Nairobi Station),False,0
2026-07-31T08:25:17+00:00,Pantopia,6331,Falcon's Fury,False,0
2026-07-31T08:25:17+00:00,Pantopia,10529,Grand Caravan Carousel,False,0
2026-07-31T08:25:17+00:00,Pantopia,14516,Phoenix Rising,False,0
2026-07-31T08:25:17+00:00,Pantopia,11593,Serengeti Flyer,False,0
2026-07-31T08:25:17+00:00,Safari of Fun,1519,Air Grover,False,0
2026-07-31T08:25:17+00:00,Safari of Fun,1514,Big Bird's Whirly Birdie,False,0
2026-07-31T08:25:17+00:00,Safari of Fun,1513,Elmo's Safari Go-Round,False,0
2026-07-31T08:25:17+00:00,Safari of Fun,1516,Snuffy's Elephant Romp,False,0
2026-07-31T08:25:17+00:00,Safari of Fun,1524,The Count's Zambezi Rally,False,0
2026-07-31T08:25:17+00:00,Safari of Fun,1528,Zoe-Patra's Hippos of the Nile,False,0
2026-07-31T08:25:17+00:00,Stanleyville,1532,Serengeti Express (Stanleyville Station),False,0
2026-07-31T08:25:17+00:00,Stanleyville,6329,SheiKra,False,0
2026-07-31T08:25:17+00:00,Stanleyville,7310,Tigris,False,0
2026-07-31T08:30:17+00:00,Congo,1510,Congo River Rapids,False,0
2026-07-31T08:30:17+00:00,Congo,6333,Kumba,False,0
2026-07-31T08:30:17+00:00,Congo,10532,Ubanga-Banga Bumper Cars,False,0
2026-07-31T08:30:17+00:00,Crown Colony Plaza,6336,Cheetah Hunt,False,0
2026-07-31T08:30:17+00:00,Egypt,6335,Cobra's Curse,False,0
2026-07-31T08:30:17+00:00,Egypt,6334,Montu,False,0
2026-07-31T08:30:17+00:00,Egypt,12538,Skyride (Egypt Station),False,0
2026-07-31T08:30:17+00:00,Jungala,12539,Skyride (Jungala Station),False,0
2026-07-31T08:30:17+00:00,Morocco,1521,Gwazi Gliders,False,0
2026-07-31T08:30:17+00:00,Morocco,10516,Iron Gwazi,False,0
2026-07-31T08:30:17+00:00,Nairobi,1530,Serengeti Express (Nairobi Station),False,0
2026-07-31T08:30:17+00:00,Pantopia,6331,Falcon's Fury,False,0
2026-07-31T08:30:17+00:00,Pantopia,10529,Grand Caravan Carousel,False,0
2026-07-31T08:30:17+00:00,Pantopia,14516,Phoenix Rising,False,0
2026-07-31T08:30:17+00:00,Pantopia,11593,Serengeti Flyer,False,0
2026-07-31T08:30:17+00:00,Safari of Fun,1519,Air Grover,False,0
2026-07-31T08:30:17+00:00,Safari of Fun,1514,Big Bird's Whirly Birdie,False,0
2026-07-31T08:30:17+00:00,Safari of Fun,1513,Elmo's Safari Go-Round,False,0
2026-07-31T08:30:17+00:00,Safari of Fun,1516,Snuffy's Elephant Romp,False,0
2026-07-31T08:30:17+00:00,Safari of Fun,1524,The Count's Zambezi Rally,False,0
2026-07-31T08:30:17+00:00,Safari of Fun,1528,Zoe-Patra's Hippos of the Nile,False,0
2026-07-31T08:30:17+00:00,Stanleyville,1532,Serengeti Express (Stanleyville Station),False,0
2026-07-31T08:30:17+00:00,Stanleyville,6329,SheiKra,False,0
2026-07-31T08:30:17+00:00,Stanleyville,7310,Tigris,False,0
2026-07-31T08:35:12+00:00,Congo,1510,Congo River Rapids,False,0
2026-07-31T08:35:12+00:00,Congo,6333,Kumba,False,0
2026-07-31T08:35:12+00:00,Congo,10532,Ubanga-Banga Bumper Cars,False,0
2026-07-31T08:35:12+00:00,Crown Colony Plaza,6336,Cheetah Hunt,False,0
2026-07-31T08:35:12+00:00,Egypt,6335,Cobra's Curse,False,0
2026-07-31T08:35:12+00:00,Egypt,6334,Montu,False,0
2026-07-31T08:35:12+00:00,Egypt,12538,Skyride (Egypt Station),False,0
2026-07-31T08:35:12+00:00,Jungala,12539,Skyride (Jungala Station),False,0
2026-07-31T08:35:12+00:00,Morocco,1521,Gwazi Gliders,False,0
2026-07-31T08:35:12+00:00,Morocco,10516,Iron Gwazi,False,0
2026-07-31T08:35:12+00:00,Nairobi,1530,Serengeti Express (Nairobi Station),False,0
2026-07-31T08:35:12+00:00,Pantopia,6331,Falcon's Fury,False,0
2026-07-31T08:35:12+00:00,Pantopia,10529,Grand Caravan Carousel,False,0
2026-07-31T08:35:12+00:00,Pantopia,14516,Phoenix Rising,False,0
2026-07-31T08:35:12+00:00,Pantopia,11593,Serengeti Flyer,False,0
2026-07-31T08:35:12+00:00,Safari of Fun,1519,Air Grover,False,0
2026-07-31T08:35:12+00:00,Safari of Fun,1514,Big Bird's Whirly Birdie,False,0
2026-07-31T08:35:12+00:00,Safari of Fun,1513,Elmo's Safari Go-Round,False,0
2026-07-31T08:35:12+00:00,Safari of Fun,1516,Snuffy's Elephant Romp,False,0
2026-07-31T08:35:12+00:00,Safari of Fun,1524,The Count's Zambezi Rally,False,0
2026-07-31T08:35:12+00:00,Safari of Fun,1528,Zoe-Patra's Hippos of the Nile,False,0
2026-07-31T08:35:12+00:00,Stanleyville,1532,Serengeti Express (Stanleyville Station),False,0
2026-07-31T08:35:12+00:00,Stanleyville,6329,SheiKra,False,0
2026-07-31T08:35:12+00:00,Stanleyville,7310,Tigris,False,0
2026-07-31T08:40:13+00:00,Congo,1510,Congo River Rapids,False,0
2026-07-31T08:40:13+00:00,Congo,6333,Kumba,False,0
2026-07-31T08:40:13+00:00,Congo,10532,Ubanga-Banga Bumper Cars,False,0
2026-07-31T08:40:13+00:00,Crown Colony Plaza,6336,Cheetah Hunt,False,0
2026-07-31T08:40:13+00:00,Egypt,6335,Cobra's Curse,False,0
2026-07-31T08:40:13+00:00,Egypt,6334,Montu,False,0
2026-07-31T08:40:13+00:00,Egypt,12538,Skyride (Egypt Station),False,0
2026-07-31T08:40:13+00:00,Jungala,12539,Skyride (Jungala Station),False,0
2026-07-31T08:40:13+00:00,Morocco,1521,Gwazi Gliders,False,0
2026-07-31T08:40:13+00:00,Morocco,10516,Iron Gwazi,False,0
2026-07-31T08:40:13+00:00,Nairobi,1530,Serengeti Express (Nairobi Station),False,0
2026-07-31T08:40:13+00:00,Pantopia,6331,Falcon's Fury,False,0
2026-07-31T08:40:13+00:00,Pantopia,10529,Grand Caravan Carousel,False,0
2026-07-31T08:40:13+00:00,Pantopia,14516,Phoenix Rising,False,0
2026-07-31T08:40:13+00:00,Pantopia,11593,Serengeti Flyer,False,0
2026-07-31T08:40:13+00:00,Safari of Fun,1519,Air Grover,False,0
2026-07-31T08:40:13+00:00,Safari of Fun,1514,Big Bird's Whirly Birdie,False,0
2026-07-31T08:40:13+00:00,Safari of Fun,1513,Elmo's Safari Go-Round,False,0
2026-07-31T08:40:13+00:00,Safari of Fun,1516,Snuffy's Elephant Romp,False,0
2026-07-31T08:40:13+00:00,Safari of Fun,1524,The Count's Zambezi Rally,False,0
2026-07-31T08:40:13+00:00,Safari of Fun,1528,Zoe-Patra's Hippos of the Nile,False,0
2026-07-31T08:40:13+00:00,Stanleyville,1532,Serengeti Express (Stanleyville Station),False,0
2026-07-31T08:40:13+00:00,Stanleyville,6329,SheiKra,False,0
2026-07-31T08:40:13+00:00,Stanleyville,7310,Tigris,False,0
2026-07-31T08:45:15+00:00,Congo,1510,Congo River Rapids,False,0
2026-07-31T08:45:15+00:00,Congo,6333,Kumba,False,0
2026-07-31T08:45:15+00:00,Congo,10532,Ubanga-Banga Bumper Cars,False,0
2026-07-31T08:45:15+00:00,Crown Colony Plaza,6336,Cheetah Hunt,False,0
2026-07-31T08:45:15+00:00,Egypt,6335,Cobra's Curse,False,0
2026-07-31T08:45:15+00:00,Egypt,6334,Montu,False,0
2026-07-31T08:45:15+00:00,Egypt,12538,Skyride (Egypt Station),False,0
2026-07-31T08:45:15+00:00,Jungala,12539,Skyride (Jungala Station),False,0
2026-07-31T08:45:15+00:00,Morocco,1521,Gwazi Gliders,False,0
2026-07-31T08:45:15+00:00,Morocco,10516,Iron Gwazi,False,0
2026-07-31T08:45:15+00:00,Nairobi,1530,Serengeti Express (Nairobi Station),False,0
2026-07-31T08:45:15+00:00,Pantopia,6331,Falcon's Fury,False,0
2026-07-31T08:45:15+00:00,Pantopia,10529,Grand Caravan Carousel,False,0
2026-07-31T08:45:15+00:00,Pantopia,14516,Phoenix Rising,False,0
2026-07-31T08:45:15+00:00,Pantopia,11593,Serengeti Flyer,False,0
2026-07-31T08:45:15+00:00,Safari of Fun,1519,Air Grover,False,0
2026-07-31T08:45:15+00:00,Safari of Fun,1514,Big Bird's Whirly Birdie,False,0
2026-07-31T08:45:15+00:00,Safari of Fun,1513,Elmo's Safari Go-Round,False,0
2026-07-31T08:45:15+00:00,Safari of Fun,1516,Snuffy's Elephant Romp,False,0
2026-07-31T08:45:15+00:00,Safari of Fun,1524,The Count's Zambezi Rally,False,0
2026-07-31T08:45:15+00:00,Safari of Fun,1528,Zoe-Patra's Hippos of the Nile,False,0
2026-07-31T08:45:15+00:00,Stanleyville,1532,Serengeti Express (Stanleyville Station),False,0
2026-07-31T08:45:15+00:00,Stanleyville,6329,SheiKra,False,0
2026-07-31T08:45:15+00:00,Stanleyville,7310,Tigris,False,0
2026-07-31T08:50:11+00:00,Congo,1510,Congo River Rapids,False,0
2026-07-31T08:50:11+00:00,Congo,6333,Kumba,False,0
2026-07-31T08:50:11+00:00,Congo,10532,Ubanga-Banga Bumper Cars,False,0
2026-07-31T08:50:11+00:00,Crown Colony Plaza,6336,Cheetah Hunt,False,0
2026-07-31T08:50:11+00:00,Egypt,6335,Cobra's Curse,False,0
2026-07-31T08:50:11+00:00,Egypt,6334,Montu,False,0
2026-07-31T08:50:11+00:00,Egypt,12538,Skyride (Egypt Station),False,0
2026-07-31T08:50:11+00:00,Jungala,12539,Skyride (Jungala Station),False,0
2026-07-31T08:50:11+00:00,Morocco,1521,Gwazi Gliders,False,0
2026-07-31T08:50:11+00:00,Morocco,10516,Iron Gwazi,False,0
2026-07-31T08:50:11+00:00,Nairobi,1530,Serengeti Express (Nairobi Station),False,0
2026-07-31T08:50:11+00:00,Pantopia,6331,Falcon's Fury,False,0
2026-07-31T08:50:11+00:00,Pantopia,10529,Grand Caravan Carousel,False,0
2026-07-31T08:50:11+00:00,Pantopia,14516,Phoenix Rising,False,0
2026-07-31T08:50:11+00:00,Pantopia,11593,Serengeti Flyer,False,0
2026-07-31T08:50:11+00:00,Safari of Fun,1519,Air Grover,False,0
2026-07-31T08:50:11+00:00,Safari of Fun,1514,Big Bird's Whirly Birdie,False,0
2026-07-31T08:50:11+00:00,Safari of Fun,1513,Elmo's Safari Go-Round,False,0
2026-07-31T08:50:11+00:00,Safari of Fun,1516,Snuffy's Elephant Romp,False,0
2026-07-31T08:50:11+00:00,Safari of Fun,1524,The Count's Zambezi Rally,False,0
2026-07-31T08:50:11+00:00,Safari of Fun,1528,Zoe-Patra's Hippos of the Nile,False,0
2026-07-31T08:50:11+00:00,Stanleyville,1532,Serengeti Express (Stanleyville Station),False,0
2026-07-31T08:50:11+00:00,Stanleyville,6329,SheiKra,False,0
2026-07-31T08:50:11+00:00,Stanleyville,7310,Tigris,False,0
2026-07-31T08:55:12+00:00,Congo,1510,Congo River Rapids,False,0
2026-07-31T08:55:12+00:00,Congo,6333,Kumba,False,0
2026-07-31T08:55:12+00:00,Congo,10532,Ubanga-Banga Bumper Cars,False,0
2026-07-31T08:55:12+00:00,Crown Colony Plaza,6336,Cheetah Hunt,False,0
2026-07-31T08:55:12+00:00,Egypt,6335,Cobra's Curse,False,0
2026-07-31T08:55:12+00:00,Egypt,6334,Montu,False,0
2026-07-31T08:55:12+00:00,Egypt,12538,Skyride (Egypt Station),False,0
2026-07-31T08:55:12+00:00,Jungala,12539,Skyride (Jungala Station),False,0
2026-07-31T08:55:12+00:00,Morocco,1521,Gwazi Gliders,False,0
2026-07-31T08:55:12+00:00,Morocco,10516,Iron Gwazi,False,0
2026-07-31T08:55:12+00:00,Nairobi,1530,Serengeti Express (Nairobi Station),False,0
2026-07-31T08:55:12+00:00,Pantopia,6331,Falcon's Fury,False,0
2026-07-31T08:55:12+00:00,Pantopia,10529,Grand Caravan Carousel,False,0
2026-07-31T08:55:12+00:00,Pantopia,14516,Phoenix Rising,False,0
2026-07-31T08:55:12+00:00,Pantopia,11593,Serengeti Flyer,False,0
2026-07-31T08:55:12+00:00,Safari of Fun,1519,Air Grover,False,0
2026-07-31T08:55:12+00:00,Safari of Fun,1514,Big Bird's Whirly Birdie,False,0
2026-07-31T08:55:12+00:00,Safari of Fun,1513,Elmo's Safari Go-Round,False,0
2026-07-31T08:55:12+00:00,Safari of Fun,1516,Snuffy's Elephant Romp,False,0
2026-07-31T08:55:12+00:00,Safari of Fun,1524,The Count's Zambezi Rally,False,0
2026-07-31T08:55:12+00:00,Safari of Fun,1528,Zoe-Patra's Hippos of the Nile,False,0
2026-07-31T08:55:12+00:00,Stanleyville,1532,Serengeti Express (Stanleyville Station),False,0
2026-07-31T08:55:12+00:00,Stanleyville,6329,SheiKra,False,0
2026-07-31T08:55:12+00:00,Stanleyville,7310,Tigris,False,0
2026-07-31T09:00:18+00:00,Congo,1510,Congo River Rapids,False,0
2026-07-31T09:00:18+00:00,Congo,6333,Kumba,False,0
2026-07-31T09:00:18+00:00,Congo,10532,Ubanga-Banga Bumper Cars,False,0
2026-07-31T09:00:18+00:00,Crown Colony Plaza,6336,Cheetah Hunt,False,0
2026-07-31T09:00:18+00:00,Egypt,6335,Cobra's Curse,False,0
2026-07-31T09:00:18+00:00,Egypt,6334,Montu,False,0
2026-07-31T09:00:18+00:00,Egypt,12538,Skyride (Egypt Station),False,0
2026-07-31T09:00:18+00:00,Jungala,12539,Skyride (Jungala Station),False,0
2026-07-31T09:00:18+00:00,Morocco,1521,Gwazi Gliders,False,0
2026-07-31T09:00:18+00:00,Morocco,10516,Iron Gwazi,False,0
2026-07-31T09:00:18+00:00,Nairobi,1530,Serengeti Express (Nairobi Station),False,0
2026-07-31T09:00:18+00:00,Pantopia,6331,Falcon's Fury,False,0
2026-07-31T09:00:18+00:00,Pantopia,10529,Grand Caravan Carousel,False,0
2026-07-31T09:00:18+00:00,Pantopia,14516,Phoenix Rising,False,0
2026-07-31T09:00:18+00:00,Pantopia,11593,Serengeti Flyer,False,0
2026-07-31T09:00:18+00:00,Safari of Fun,1519,Air Grover,False,0
2026-07-31T09:00:18+00:00,Safari of Fun,1514,Big Bird's Whirly Birdie,False,0
2026-07-31T09:00:18+00:00,Safari of Fun,1513,Elmo's Safari Go-Round,False,0
2026-07-31T09:00:18+00:00,Safari of Fun,1516,Snuffy's Elephant Romp,False,0
2026-07-31T09:00:18+00:00,Safari of Fun,1524,The Count's Zambezi Rally,False,0
2026-07-31T09:00:18+00:00,Safari of Fun,1528,Zoe-Patra's Hippos of the Nile,False,0
2026-07-31T09:00:18+00:00,Stanleyville,1532,Serengeti Express (Stanleyville Station),False,0
2026-07-31T09:00:18+00:00,Stanleyville,6329,SheiKra,False,0
2026-07-31T09:00:18+00:00,Stanleyville,7310,Tigris,False,0
2026-07-31T09:05:13+00:00,Congo,1510,Congo River Rapids,False,0
2026-07-31T09:05:13+00:00,Congo,6333,Kumba,False,0
2026-07-31T09:05:13+00:00,Congo,10532,Ubanga-Banga Bumper Cars,False,0
2026-07-31T09:05:13+00:00,Crown Colony Plaza,6336,Cheetah Hunt,False,0
2026-07-31T09:05:13+00:00,Egypt,6335,Cobra's Curse,False,0
2026-07-31T09:05:13+00:00,Egypt,6334,Montu,False,0
2026-07-31T09:05:13+00:00,Egypt,12538,Skyride (Egypt Station),False,0
2026-07-31T09:05:13+00:00,Jungala,12539,Skyride (Jungala Station),False,0
2026-07-31T09:05:13+00:00,Morocco,1521,Gwazi Gliders,False,0
2026-07-31T09:05:13+00:00,Morocco,10516,Iron Gwazi,False,0
2026-07-31T09:05:13+00:00,Nairobi,1530,Serengeti Express (Nairobi Station),False,0
2026-07-31T09:05:13+00:00,Pantopia,6331,Falcon's Fury,False,0
2026-07-31T09:05:13+00:00,Pantopia,10529,Grand Caravan Carousel,False,0
2026-07-31T09:05:13+00:00,Pantopia,14516,Phoenix Rising,False,0
2026-07-31T09:05:13+00:00,Pantopia,11593,Serengeti Flyer,False,0
2026-07-31T09:05:13+00:00,Safari of Fun,1519,Air Grover,False,0
2026-07-31T09:05:13+00:00,Safari of Fun,1514,Big Bird's Whirly Birdie,False,0
2026-07-31T09:05:13+00:00,Safari of Fun,1513,Elmo's Safari Go-Round,False,0
2026-07-31T09:05:13+00:00,Safari of Fun,1516,Snuffy's Elephant Romp,False,0
2026-07-31T09:05:13+00:00,Safari of Fun,1524,The Count's Zambezi Rally,False,0
2026-07-31T09:05:13+00:00,Safari of Fun,1528,Zoe-Patra's Hippos of the Nile,False,0
2026-07-31T09:05:13+00:00,Stanleyville,1532,Serengeti Express (Stanleyville Station),False,0
2026-07-31T09:05:13+00:00,Stanleyville,6329,SheiKra,False,0
2026-07-31T09:05:13+00:00,Stanleyville,7310,Tigris,False,0
2026-07-31T09:10:15+00:00,Congo,1510,Congo River Rapids,False,0
2026-07-31T09:10:15+00:00,Congo,6333,Kumba,False,0
2026-07-31T09:10:15+00:00,Congo,10532,Ubanga-Banga Bumper Cars,False,0
2026-07-31T09:10:15+00:00,Crown Colony Plaza,6336,Cheetah Hunt,False,0
2026-07-31T09:10:15+00:00,Egypt,6335,Cobra's Curse,False,0
2026-07-31T09:10:15+00:00,Egypt,6334,Montu,False,0
2026-07-31T09:10:15+00:00,Egypt,12538,Skyride (Egypt Station),False,0
2026-07-31T09:10:15+00:00,Jungala,12539,Skyride (Jungala Station),False,0
2026-07-31T09:10:15+00:00,Morocco,1521,Gwazi Gliders,False,0
2026-07-31T09:10:15+00:00,Morocco,10516,Iron Gwazi,False,0
2026-07-31T09:10:15+00:00,Nairobi,1530,Serengeti Express (Nairobi Station),False,0
2026-07-31T09:10:15+00:00,Pantopia,6331,Falcon's Fury,False,0
2026-07-31T09:10:15+00:00,Pantopia,10529,Grand Caravan Carousel,False,0
2026-07-31T09:10:15+00:00,Pantopia,14516,Phoenix Rising,False,0
2026-07-31T09:10:15+00:00,Pantopia,11593,Serengeti Flyer,False,0
2026-07-31T09:10:15+00:00,Safari of Fun,1519,Air Grover,False,0
2026-07-31T09:10:15+00:00,Safari of Fun,1514,Big Bird's Whirly Birdie,False,0
2026-07-31T09:10:15+00:00,Safari of Fun,1513,Elmo's Safari Go-Round,False,0
2026-07-31T09:10:15+00:00,Safari of Fun,1516,Snuffy's Elephant Romp,False,0
2026-07-31T09:10:15+00:00,Safari of Fun,1524,The Count's Zambezi Rally,False,0
2026-07-31T09:10:15+00:00,Safari of Fun,1528,Zoe-Patra's Hippos of the Nile,False,0
2026-07-31T09:10:15+00:00,Stanleyville,1532,Serengeti Express (Stanleyville Station),False,0
2026-07-31T09:10:15+00:00,Stanleyville,6329,SheiKra,False,0
2026-07-31T09:10:15+00:00,Stanleyville,7310,Tigris,False,0
2026-07-31T09:15:14+00:00,Congo,1510,Congo River Rapids,False,0
2026-07-31T09:15:14+00:00,Congo,6333,Kumba,False,0
2026-07-31T09:15:14+00:00,Congo,10532,Ubanga-Banga Bumper Cars,False,0
2026-07-31T09:15:14+00:00,Crown Colony Plaza,6336,Cheetah Hunt,False,0
2026-07-31T09:15:14+00:00,Egypt,6335,Cobra's Curse,False,0
2026-07-31T09:15:14+00:00,Egypt,6334,Montu,False,0
2026-07-31T09:15:14+00:00,Egypt,12538,Skyride (Egypt Station),False,0
2026-07-31T09:15:14+00:00,Jungala,12539,Skyride (Jungala Station),False,0
2026-07-31T09:15:14+00:00,Morocco,1521,Gwazi Gliders,False,0
2026-07-31T09:15:14+00:00,Morocco,10516,Iron Gwazi,False,0
2026-07-31T09:15:14+00:00,Nairobi,1530,Serengeti Express (Nairobi Station),False,0
2026-07-31T09:15:14+00:00,Pantopia,6331,Falcon's Fury,False,0
2026-07-31T09:15:14+00:00,Pantopia,10529,Grand Caravan Carousel,False,0
2026-07-31T09:15:14+00:00,Pantopia,14516,Phoenix Rising,False,0
2026-07-31T09:15:14+00:00,Pantopia,11593,Serengeti Flyer,False,0
2026-07-31T09:15:14+00:00,Safari of Fun,1519,Air Grover,False,0
2026-07-31T09:15:14+00:00,Safari of Fun,1514,Big Bird's Whirly Birdie,False,0
2026-07-31T09:15:14+00:00,Safari of Fun,1513,Elmo's Safari Go-Round,False,0
2026-07-31T09:15:14+00:00,Safari of Fun,1516,Snuffy's Elephant Romp,False,0
2026-07-31T09:15:14+00:00,Safari of Fun,1524,The Count's Zambezi Rally,False,0
2026-07-31T09:15:14+00:00,Safari of Fun,1528,Zoe-Patra's Hippos of the Nile,False,0
2026-07-31T09:15:14+00:00,Stanleyville,1532,Serengeti Express (Stanleyville Station),False,0
2026-07-31T09:15:14+00:00,Stanleyville,6329,SheiKra,False,0
2026-07-31T09:15:14+00:00,Stanleyville,7310,Tigris,False,0
2026-07-31T09:20:20+00:00,Congo,1510,Congo River Rapids,False,0
2026-07-31T09:20:20+00:00,Congo,6333,Kumba,False,0
2026-07-31T09:20:20+00:00,Congo,10532,Ubanga-Banga Bumper Cars,False,0
2026-07-31T09:20:20+00:00,Crown Colony Plaza,6336,Cheetah Hunt,False,0
2026-07-31T09:20:20+00:00,Egypt,6335,Cobra's Curse,False,0
2026-07-31T09:20:20+00:00,Egypt,6334,Montu,False,0
2026-07-31T09:20:20+00:00,Egypt,12538,Skyride (Egypt Station),False,0
2026-07-31T09:20:20+00:00,Jungala,12539,Skyride (Jungala Station),False,0
2026-07-31T09:20:20+00:00,Morocco,1521,Gwazi Gliders,False,0
2026-07-31T09:20:20+00:00,Morocco,10516,Iron Gwazi,False,0
2026-07-31T09:20:20+00:00,Nairobi,1530,Serengeti Express (Nairobi Station),False,0
2026-07-31T09:20:20+00:00,Pantopia,6331,Falcon's Fury,False,0
2026-07-31T09:20:20+00:00,Pantopia,10529,Grand Caravan Carousel,False,0
2026-07-31T09:20:20+00:00,Pantopia,14516,Phoenix Rising,False,0
2026-07-31T09:20:20+00:00,Pantopia,11593,Serengeti Flyer,False,0
2026-07-31T09:20:20+00:00,Safari of Fun,1519,Air Grover,False,0
2026-07-31T09:20:20+00:00,Safari of Fun,1514,Big Bird's Whirly Birdie,False,0
2026-07-31T09:20:20+00:00,Safari of Fun,1513,Elmo's Safari Go-Round,False,0
2026-07-31T09:20:20+00:00,Safari of Fun,1516,Snuffy's Elephant Romp,False,0
2026-07-31T09:20:20+00:00,Safari of Fun,1524,The Count's Zambezi Rally,False,0
2026-07-31T09:20:20+00:00,Safari of Fun,1528,Zoe-Patra's Hippos of the Nile,False,0
2026-07-31T09:20:20+00:00,Stanleyville,1532,Serengeti Express (Stanleyville Station),False,0
2026-07-31T09:20:20+00:00,Stanleyville,6329,SheiKra,False,0
2026-07-31T09:20:20+00:00,Stanleyville,7310,Tigris,False,0
2026-07-31T09:25:19+00:00,Congo,1510,Congo River Rapids,False,0
2026-07-31T09:25:19+00:00,Congo,6333,Kumba,False,0
2026-07-31T09:25:19+00:00,Congo,10532,Ubanga-Banga Bumper Cars,False,0
2026-07-31T09:25:19+00:00,Crown Colony Plaza,6336,Cheetah Hunt,False,0
2026-07-31T09:25:19+00:00,Egypt,6335,Cobra's Curse,False,0
2026-07-31T09:25:19+00:00,Egypt,6334,Montu,False,0
2026-07-31T09:25:19+00:00,Egypt,12538,Skyride (Egypt Station),False,0
2026-07-31T09:25:19+00:00,Jungala,12539,Skyride (Jungala Station),False,0
2026-07-31T09:25:19+00:00,Morocco,1521,Gwazi Gliders,False,0
2026-07-31T09:25:19+00:00,Morocco,10516,Iron Gwazi,False,0
2026-07-31T09:25:19+00:00,Nairobi,1530,Serengeti Express (Nairobi Station),False,0
2026-07-31T09:25:19+00:00,Pantopia,6331,Falcon's Fury,False,0
2026-07-31T09:25:19+00:00,Pantopia,10529,Grand Caravan Carousel,False,0
2026-07-31T09:25:19+00:00,Pantopia,14516,Phoenix Rising,False,0
2026-07-31T09:25:19+00:00,Pantopia,11593,Serengeti Flyer,False,0
2026-07-31T09:25:19+00:00,Safari of Fun,1519,Air Grover,False,0
2026-07-31T09:25:19+00:00,Safari of Fun,1514,Big Bird's Whirly Birdie,False,0
2026-07-31T09:25:19+00:00,Safari of Fun,1513,Elmo's Safari Go-Round,False,0
2026-07-31T09:25:19+00:00,Safari of Fun,1516,Snuffy's Elephant Romp,False,0
2026-07-31T09:25:19+00:00,Safari of Fun,1524,The Count's Zambezi Rally,False,0
2026-07-31T09:25:19+00:00,Safari of Fun,1528,Zoe-Patra's Hippos of the Nile,False,0
2026-07-31T09:25:19+00:00,Stanleyville,1532,Serengeti Express (Stanleyville Station),False,0
2026-07-31T09:25:19+00:00,Stanleyville,6329,SheiKra,False,0
2026-07-31T09:25:19+00:00,Stanleyville,7310,Tigris,False,0
2026-07-31T09:30:21+00:00,Congo,1510,Congo River Rapids,False,0
2026-07-31T09:30:21+00:00,Congo,6333,Kumba,False,0
2026-07-31T09:30:21+00:00,Congo,10532,Ubanga-Banga Bumper Cars,False,0
2026-07-31T09:30:21+00:00,Crown Colony Plaza,6336,Cheetah Hunt,False,0
2026-07-31T09:30:21+00:00,Egypt,6335,Cobra's Curse,False,0
2026-07-31T09:30:21+00:00,Egypt,6334,Montu,False,0
2026-07-31T09:30:21+00:00,Egypt,12538,Skyride (Egypt Station),False,0
2026-07-31T09:30:21+00:00,Jungala,12539,Skyride (Jungala Station),False,0
2026-07-31T09:30:21+00:00,Morocco,1521,Gwazi Gliders,False,0
2026-07-31T09:30:21+00:00,Morocco,10516,Iron Gwazi,False,0
2026-07-31T09:30:21+00:00,Nairobi,1530,Serengeti Express (Nairobi Station),False,0
2026-07-31T09:30:21+00:00,Pantopia,6331,Falcon's Fury,False,0
2026-07-31T09:30:21+00:00,Pantopia,10529,Grand Caravan Carousel,False,0
2026-07-31T09:30:21+00:00,Pantopia,14516,Phoenix Rising,False,0
2026-07-31T09:30:21+00:00,Pantopia,11593,Serengeti Flyer,False,0
2026-07-31T09:30:21+00:00,Safari of Fun,1519,Air Grover,False,0
2026-07-31T09:30:21+00:00,Safari of Fun,1514,Big Bird's Whirly Birdie,False,0
2026-07-31T09:30:21+00:00,Safari of Fun,1513,Elmo's Safari Go-Round,False,0
2026-07-31T09:30:21+00:00,Safari of Fun,1516,Snuffy's Elephant Romp,False,0
2026-07-31T09:30:21+00:00,Safari of Fun,1524,The Count's Zambezi Rally,False,0
2026-07-31T09:30:21+00:00,Safari of Fun,1528,Zoe-Patra's Hippos of the Nile,False,0
2026-07-31T09:30:21+00:00,Stanleyville,1532,Serengeti Express (Stanleyville Station),False,0
2026-07-31T09:30:21+00:00,Stanleyville,6329,SheiKra,False,0
2026-07-31T09:30:21+00:00,Stanleyville,7310,Tigris,False,0
2026-07-31T09:35:10+00:00,Congo,1510,Congo River Rapids,False,0
2026-07-31T09:35:10+00:00,Congo,6333,Kumba,False,0
2026-07-31T09:35:10+00:00,Congo,10532,Ubanga-Banga Bumper Cars,False,0
2026-07-31T09:35:10+00:00,Crown Colony Plaza,6336,Cheetah Hunt,False,0
2026-07-31T09:35:10+00:00,Egypt,6335,Cobra's Curse,False,0
2026-07-31T09:35:10+00:00,Egypt,6334,Montu,False,0
2026-07-31T09:35:10+00:00,Egypt,12538,Skyride (Egypt Station),False,0
2026-07-31T09:35:10+00:00,Jungala,12539,Skyride (Jungala Station),False,0
2026-07-31T09:35:10+00:00,Morocco,1521,Gwazi Gliders,False,0
2026-07-31T09:35:10+00:00,Morocco,10516,Iron Gwazi,False,0
2026-07-31T09:35:10+00:00,Nairobi,1530,Serengeti Express (Nairobi Station),False,0
2026-07-31T09:35:10+00:00,Pantopia,6331,Falcon's Fury,False,0
2026-07-31T09:35:10+00:00,Pantopia,10529,Grand Caravan Carousel,False,0
2026-07-31T09:35:10+00:00,Pantopia,14516,Phoenix Rising,False,0
2026-07-31T09:35:10+00:00,Pantopia,11593,Serengeti Flyer,False,0
2026-07-31T09:35:10+00:00,Safari of Fun,1519,Air Grover,False,0
2026-07-31T09:35:10+00:00,Safari of Fun,1514,Big Bird's Whirly Birdie,False,0
2026-07-31T09:35:10+00:00,Safari of Fun,1513,Elmo's Safari Go-Round,False,0
2026-07-31T09:35:10+00:00,Safari of Fun,1516,Snuffy's Elephant Romp,False,0
2026-07-31T09:35:10+00:00,Safari of Fun,1524,The Count's Zambezi Rally,False,0
2026-07-31T09:35:10+00:00,Safari of Fun,1528,Zoe-Patra's Hippos of the Nile,False,0
2026-07-31T09:35:10+00:00,Stanleyville,1532,Serengeti Express (Stanleyville Station),False,0
2026-07-31T09:35:10+00:00,Stanleyville,6329,SheiKra,False,0
2026-07-31T09:35:10+00:00,Stanleyville,7310,Tigris,False,0
2026-07-31T09:40:14+00:00,Congo,1510,Congo River Rapids,False,0
2026-07-31T09:40:14+00:00,Congo,6333,Kumba,False,0
2026-07-31T09:40:14+00:00,Congo,10532,Ubanga-Banga Bumper Cars,False,0
2026-07-31T09:40:14+00:00,Crown Colony Plaza,6336,Cheetah Hunt,False,0
2026-07-31T09:40:14+00:00,Egypt,6335,Cobra's Curse,False,0
2026-07-31T09:40:14+00:00,Egypt,6334,Montu,False,0
2026-07-31T09:40:14+00:00,Egypt,12538,Skyride (Egypt Station),False,0
2026-07-31T09:40:14+00:00,Jungala,12539,Skyride (Jungala Station),False,0
2026-07-31T09:40:14+00:00,Morocco,1521,Gwazi Gliders,False,0
2026-07-31T09:40:14+00:00,Morocco,10516,Iron Gwazi,False,0
2026-07-31T09:40:14+00:00,Nairobi,1530,Serengeti Express (Nairobi Station),False,0
2026-07-31T09:40:14+00:00,Pantopia,6331,Falcon's Fury,False,0
2026-07-31T09:40:14+00:00,Pantopia,10529,Grand Caravan Carousel,False,0
2026-07-31T09:40:14+00:00,Pantopia,14516,Phoenix Rising,False,0
2026-07-31T09:40:14+00:00,Pantopia,11593,Serengeti Flyer,False,0
2026-07-31T09:40:14+00:00,Safari of Fun,1519,Air Grover,False,0
2026-07-31T09:40:14+00:00,Safari of Fun,1514,Big Bird's Whirly Birdie,False,0
2026-07-31T09:40:14+00:00,Safari of Fun,1513,Elmo's Safari Go-Round,False,0
2026-07-31T09:40:14+00:00,Safari of Fun,1516,Snuffy's Elephant Romp,False,0
2026-07-31T09:40:14+00:00,Safari of Fun,1524,The Count's Zambezi Rally,False,0
2026-07-31T09:40:14+00:00,Safari of Fun,1528,Zoe-Patra's Hippos of the Nile,False,0
2026-07-31T09:40:14+00:00,Stanleyville,1532,Serengeti Express (Stanleyville Station),False,0
2026-07-31T09:40:14+00:00,Stanleyville,6329,SheiKra,False,0
2026-07-31T09:40:14+00:00,Stanleyville,7310,Tigris,False,0
2026-07-31T09:45:12+00:00,Congo,1510,Congo River Rapids,False,0
2026-07-31T09:45:12+00:00,Congo,6333,Kumba,False,0
2026-07-31T09:45:12+00:00,Congo,10532,Ubanga-Banga Bumper Cars,False,0
2026-07-31T09:45:12+00:00,Crown Colony Plaza,6336,Cheetah Hunt,False,0
2026-07-31T09:45:12+00:00,Egypt,6335,Cobra's Curse,False,0
2026-07-31T09:45:12+00:00,Egypt,6334,Montu,False,0
2026-07-31T09:45:12+00:00,Egypt,12538,Skyride (Egypt Station),False,0
2026-07-31T09:45:12+00:00,Jungala,12539,Skyride (Jungala Station),False,0
2026-07-31T09:45:12+00:00,Morocco,1521,Gwazi Gliders,False,0
2026-07-31T09:45:12+00:00,Morocco,10516,Iron Gwazi,False,0
2026-07-31T09:45:12+00:00,Nairobi,1530,Serengeti Express (Nairobi Station),False,0
2026-07-31T09:45:12+00:00,Pantopia,6331,Falcon's Fury,False,0
2026-07-31T09:45:12+00:00,Pantopia,10529,Grand Caravan Carousel,False,0
2026-07-31T09:45:12+00:00,Pantopia,14516,Phoenix Rising,False,0
2026-07-31T09:45:12+00:00,Pantopia,11593,Serengeti Flyer,False,0
2026-07-31T09:45:12+00:00,Safari of Fun,1519,Air Grover,False,0
2026-07-31T09:45:12+00:00,Safari of Fun,1514,Big Bird's Whirly Birdie,False,0
2026-07-31T09:45:12+00:00,Safari of Fun,1513,Elmo's Safari Go-Round,False,0
2026-07-31T09:45:12+00:00,Safari of Fun,1516,Snuffy's Elephant Romp,False,0
2026-07-31T09:45:12+00:00,Safari of Fun,1524,The Count's Zambezi Rally,False,0
2026-07-31T09:45:12+00:00,Safari of Fun,1528,Zoe-Patra's Hippos of the Nile,False,0
2026-07-31T09:45:12+00:00,Stanleyville,1532,Serengeti Express (Stanleyville Station),False,0
2026-07-31T09:45:12+00:00,Stanleyville,6329,SheiKra,False,0
2026-07-31T09:45:12+00:00,Stanleyville,7310,Tigris,False,0
2026-07-31T09:50:21+00:00,Congo,1510,Congo River Rapids,False,0
2026-07-31T09:50:21+00:00,Congo,6333,Kumba,False,0
2026-07-31T09:50:21+00:00,Congo,10532,Ubanga-Banga Bumper Cars,False,0
2026-07-31T09:50:21+00:00,Crown Colony Plaza,6336,Cheetah Hunt,False,0
2026-07-31T09:50:21+00:00,Egypt,6335,Cobra's Curse,False,0
2026-07-31T09:50:21+00:00,Egypt,6334,Montu,False,0
2026-07-31T09:50:21+00:00,Egypt,12538,Skyride (Egypt Station),False,0
2026-07-31T09:50:21+00:00,Jungala,12539,Skyride (Jungala Station),False,0
2026-07-31T09:50:21+00:00,Morocco,1521,Gwazi Gliders,False,0
2026-07-31T09:50:21+00:00,Morocco,10516,Iron Gwazi,False,0
2026-07-31T09:50:21+00:00,Nairobi,1530,Serengeti Express (Nairobi Station),False,0
2026-07-31T09:50:21+00:00,Pantopia,6331,Falcon's Fury,False,0
2026-07-31T09:50:21+00:00,Pantopia,10529,Grand Caravan Carousel,False,0
2026-07-31T09:50:21+00:00,Pantopia,14516,Phoenix Rising,False,0
2026-07-31T09:50:21+00:00,Pantopia,11593,Serengeti Flyer,False,0
2026-07-31T09:50:21+00:00,Safari of Fun,1519,Air Grover,False,0
2026-07-31T09:50:21+00:00,Safari of Fun,1514,Big Bird's Whirly Birdie,False,0
2026-07-31T09:50:21+00:00,Safari of Fun,1513,Elmo's Safari Go-Round,False,0
2026-07-31T09:50:21+00:00,Safari of Fun,1516,Snuffy's Elephant Romp,False,0
2026-07-31T09:50:21+00:00,Safari of Fun,1524,The Count's Zambezi Rally,False,0
2026-07-31T09:50:21+00:00,Safari of Fun,1528,Zoe-Patra's Hippos of the Nile,False,0
2026-07-31T09:50:21+00:00,Stanleyville,1532,Serengeti Express (Stanleyville Station),False,0
2026-07-31T09:50:21+00:00,Stanleyville,6329,SheiKra,False,0
2026-07-31T09:50:21+00:00,Stanleyville,7310,Tigris,False,0
2026-07-31T09:55:10+00:00,Congo,1510,Congo River Rapids,False,0
2026-07-31T09:55:10+00:00,Congo,6333,Kumba,False,0
2026-07-31T09:55:10+00:00,Congo,10532,Ubanga-Banga Bumper Cars,False,0
2026-07-31T09:55:10+00:00,Crown Colony Plaza,6336,Cheetah Hunt,False,0
2026-07-31T09:55:10+00:00,Egypt,6335,Cobra's Curse,False,0
2026-07-31T09:55:10+00:00,Egypt,6334,Montu,False,0
2026-07-31T09:55:10+00:00,Egypt,12538,Skyride (Egypt Station),False,0
2026-07-31T09:55:10+00:00,Jungala,12539,Skyride (Jungala Station),False,0
2026-07-31T09:55:10+00:00,Morocco,1521,Gwazi Gliders,False,0
2026-07-31T09:55:10+00:00,Morocco,10516,Iron Gwazi,False,0
2026-07-31T09:55:10+00:00,Nairobi,1530,Serengeti Express (Nairobi Station),False,0
2026-07-31T09:55:10+00:00,Pantopia,6331,Falcon's Fury,False,0
2026-07-31T09:55:10+00:00,Pantopia,10529,Grand Caravan Carousel,False,0
2026-07-31T09:55:10+00:00,Pantopia,14516,Phoenix Rising,False,0
2026-07-31T09:55:10+00:00,Pantopia,11593,Serengeti Flyer,False,0
2026-07-31T09:55:10+00:00,Safari of Fun,1519,Air Grover,False,0
2026-07-31T09:55:10+00:00,Safari of Fun,1514,Big Bird's Whirly Birdie,False,0
2026-07-31T09:55:10+00:00,Safari of Fun,1513,Elmo's Safari Go-Round,False,0
2026-07-31T09:55:10+00:00,Safari of Fun,1516,Snuffy's Elephant Romp,False,0
2026-07-31T09:55:10+00:00,Safari of Fun,1524,The Count's Zambezi Rally,False,0
2026-07-31T09:55:10+00:00,Safari of Fun,1528,Zoe-Patra's Hippos of the Nile,False,0
2026-07-31T09:55:10+00:00,Stanleyville,1532,Serengeti Express (Stanleyville Station),False,0
2026-07-31T09:55:10+00:00,Stanleyville,6329,SheiKra,False,0
2026-07-31T09:55:10+00:00,Stanleyville,7310,Tigris,False,0
2026-07-31T10:00:28+00:00,Congo,1510,Congo River Rapids,False,0
2026-07-31T10:00:28+00:00,Congo,6333,Kumba,False,0
2026-07-31T10:00:28+00:00,Congo,10532,Ubanga-Banga Bumper Cars,False,0
2026-07-31T10:00:28+00:00,Crown Colony Plaza,6336,Cheetah Hunt,False,0
2026-07-31T10:00:28+00:00,Egypt,6335,Cobra's Curse,False,0
2026-07-31T10:00:28+00:00,Egypt,6334,Montu,False,0
2026-07-31T10:00:28+00:00,Egypt,12538,Skyride (Egypt Station),False,0
2026-07-31T10:00:28+00:00,Jungala,12539,Skyride (Jungala Station),False,0
2026-07-31T10:00:28+00:00,Morocco,1521,Gwazi Gliders,False,0
2026-07-31T10:00:28+00:00,Morocco,10516,Iron Gwazi,False,0
2026-07-31T10:00:28+00:00,Nairobi,1530,Serengeti Express (Nairobi Station),False,0
2026-07-31T10:00:28+00:00,Pantopia,6331,Falcon's Fury,False,0
2026-07-31T10:00:28+00:00,Pantopia,10529,Grand Caravan Carousel,False,0
2026-07-31T10:00:28+00:00,Pantopia,14516,Phoenix Rising,False,0
2026-07-31T10:00:28+00:00,Pantopia,11593,Serengeti Flyer,False,0
2026-07-31T10:00:28+00:00,Safari of Fun,1519,Air Grover,False,0
2026-07-31T10:00:28+00:00,Safari of Fun,1514,Big Bird's Whirly Birdie,False,0
2026-07-31T10:00:28+00:00,Safari of Fun,1513,Elmo's Safari Go-Round,False,0
2026-07-31T10:00:28+00:00,Safari of Fun,1516,Snuffy's Elephant Romp,False,0
2026-07-31T10:00:28+00:00,Safari of Fun,1524,The Count's Zambezi Rally,False,0
2026-07-31T10:00:28+00:00,Safari of Fun,1528,Zoe-Patra's Hippos of the Nile,False,0
2026-07-31T10:00:28+00:00,Stanleyville,1532,Serengeti Express (Stanleyville Station),False,0
2026-07-31T10:00:28+00:00,Stanleyville,6329,SheiKra,False,0
2026-07-31T10:00:28+00:00,Stanleyville,7310,Tigris,False,0
2026-07-31T10:05:13+00:00,Congo,1510,Congo River Rapids,False,0
2026-07-31T10:05:13+00:00,Congo,6333,Kumba,False,0
2026-07-31T10:05:13+00:00,Congo,10532,Ubanga-Banga Bumper Cars,False,0
2026-07-31T10:05:13+00:00,Crown Colony Plaza,6336,Cheetah Hunt,False,0
2026-07-31T10:05:13+00:00,Egypt,6335,Cobra's Curse,False,0
2026-07-31T10:05:13+00:00,Egypt,6334,Montu,False,0
2026-07-31T10:05:13+00:00,Egypt,12538,Skyride (Egypt Station),False,0
2026-07-31T10:05:13+00:00,Jungala,12539,Skyride (Jungala Station),False,0
2026-07-31T10:05:13+00:00,Morocco,1521,Gwazi Gliders,False,0
2026-07-31T10:05:13+00:00,Morocco,10516,Iron Gwazi,False,0
2026-07-31T10:05:13+00:00,Nairobi,1530,Serengeti Express (Nairobi Station),False,0
2026-07-31T10:05:13+00:00,Pantopia,6331,Falcon's Fury,False,0
2026-07-31T10:05:13+00:00,Pantopia,10529,Grand Caravan Carousel,False,0
2026-07-31T10:05:13+00:00,Pantopia,14516,Phoenix Rising,False,0
2026-07-31T10:05:13+00:00,Pantopia,11593,Serengeti Flyer,False,0
2026-07-31T10:05:13+00:00,Safari of Fun,1519,Air Grover,False,0
2026-07-31T10:05:13+00:00,Safari of Fun,1514,Big Bird's Whirly Birdie,False,0
2026-07-31T10:05:13+00:00,Safari of Fun,1513,Elmo's Safari Go-Round,False,0
2026-07-31T10:05:13+00:00,Safari of Fun,1516,Snuffy's Elephant Romp,False,0
2026-07-31T10:05:13+00:00,Safari of Fun,1524,The Count's Zambezi Rally,False,0
2026-07-31T10:05:13+00:00,Safari of Fun,1528,Zoe-Patra's Hippos of the Nile,False,0
2026-07-31T10:05:13+00:00,Stanleyville,1532,Serengeti Express (Stanleyville Station),False,0
2026-07-31T10:05:13+00:00,Stanleyville,6329,SheiKra,False,0
2026-07-31T10:05:13+00:00,Stanleyville,7310,Tigris,False,0
2026-07-31T10:10:14+00:00,Congo,1510,Congo River Rapids,False,0
2026-07-31T10:10:14+00:00,Congo,6333,Kumba,False,0
2026-07-31T10:10:14+00:00,Congo,10532,Ubanga-Banga Bumper Cars,False,0
2026-07-31T10:10:14+00:00,Crown Colony Plaza,6336,Cheetah Hunt,False,0
2026-07-31T10:10:14+00:00,Egypt,6335,Cobra's Curse,False,0
2026-07-31T10:10:14+00:00,Egypt,6334,Montu,False,0
2026-07-31T10:10:14+00:00,Egypt,12538,Skyride (Egypt Station),False,0
2026-07-31T10:10:14+00:00,Jungala,12539,Skyride (Jungala Station),False,0
2026-07-31T10:10:14+00:00,Morocco,1521,Gwazi Gliders,False,0
2026-07-31T10:10:14+00:00,Morocco,10516,Iron Gwazi,False,0
2026-07-31T10:10:14+00:00,Nairobi,1530,Serengeti Express (Nairobi Station),False,0
2026-07-31T10:10:14+00:00,Pantopia,6331,Falcon's Fury,False,0
2026-07-31T10:10:14+00:00,Pantopia,10529,Grand Caravan Carousel,False,0
2026-07-31T10:10:14+00:00,Pantopia,14516,Phoenix Rising,False,0
2026-07-31T10:10:14+00:00,Pantopia,11593,Serengeti Flyer,False,0
2026-07-31T10:10:14+00:00,Safari of Fun,1519,Air Grover,False,0
2026-07-31T10:10:14+00:00,Safari of Fun,1514,Big Bird's Whirly Birdie,False,0
2026-07-31T10:10:14+00:00,Safari of Fun,1513,Elmo's Safari Go-Round,False,0
2026-07-31T10:10:14+00:00,Safari of Fun,1516,Snuffy's Elephant Romp,False,0
2026-07-31T10:10:14+00:00,Safari of Fun,1524,The Count's Zambezi Rally,False,0
2026-07-31T10:10:14+00:00,Safari of Fun,1528,Zoe-Patra's Hippos of the Nile,False,0
2026-07-31T10:10:14+00:00,Stanleyville,1532,Serengeti Express (Stanleyville Station),False,0
2026-07-31T10:10:14+00:00,Stanleyville,6329,SheiKra,False,0
2026-07-31T10:10:14+00:00,Stanleyville,7310,Tigris,False,0
2026-07-31T10:15:13+00:00,Congo,1510,Congo River Rapids,False,0
2026-07-31T10:15:13+00:00,Congo,6333,Kumba,False,0
2026-07-31T10:15:13+00:00,Congo,10532,Ubanga-Banga Bumper Cars,False,0
2026-07-31T10:15:13+00:00,Crown Colony Plaza,6336,Cheetah Hunt,False,0
2026-07-31T10:15:13+00:00,Egypt,6335,Cobra's Curse,False,0
2026-07-31T10:15:13+00:00,Egypt,6334,Montu,False,0
2026-07-31T10:15:13+00:00,Egypt,12538,Skyride (Egypt Station),False,0
2026-07-31T10:15:13+00:00,Jungala,12539,Skyride (Jungala Station),False,0
2026-07-31T10:15:13+00:00,Morocco,1521,Gwazi Gliders,False,0
2026-07-31T10:15:13+00:00,Morocco,10516,Iron Gwazi,False,0
2026-07-31T10:15:13+00:00,Nairobi,1530,Serengeti Express (Nairobi Station),False,0
2026-07-31T10:15:13+00:00,Pantopia,6331,Falcon's Fury,False,0
2026-07-31T10:15:13+00:00,Pantopia,10529,Grand Caravan Carousel,False,0
2026-07-31T10:15:13+00:00,Pantopia,14516,Phoenix Rising,False,0
2026-07-31T10:15:13+00:00,Pantopia,11593,Serengeti Flyer,False,0
2026-07-31T10:15:13+00:00,Safari of Fun,1519,Air Grover,False,0
2026-07-31T10:15:13+00:00,Safari of Fun,1514,Big Bird's Whirly Birdie,False,0
2026-07-31T10:15:13+00:00,Safari of Fun,1513,Elmo's Safari Go-Round,False,0
2026-07-31T10:15:13+00:00,Safari of Fun,1516,Snuffy's Elephant Romp,False,0
2026-07-31T10:15:13+00:00,Safari of Fun,1524,The Count's Zambezi Rally,False,0
2026-07-31T10:15:13+00:00,Safari of Fun,1528,Zoe-Patra's Hippos of the Nile,False,0
2026-07-31T10:15:13+00:00,Stanleyville,1532,Serengeti Express (Stanleyville Station),False,0
2026-07-31T10:15:13+00:00,Stanleyville,6329,SheiKra,False,0
2026-07-31T10:15:13+00:00,Stanleyville,7310,Tigris,False,0
2026-07-31T10:20:14+00:00,Congo,1510,Congo River Rapids,False,0
2026-07-31T10:20:14+00:00,Congo,6333,Kumba,False,0
2026-07-31T10:20:14+00:00,Congo,10532,Ubanga-Banga Bumper Cars,False,0
2026-07-31T10:20:14+00:00,Crown Colony Plaza,6336,Cheetah Hunt,False,0
2026-07-31T10:20:14+00:00,Egypt,6335,Cobra's Curse,False,0
2026-07-31T10:20:14+00:00,Egypt,6334,Montu,False,0
2026-07-31T10:20:14+00:00,Egypt,12538,Skyride (Egypt Station),False,0
2026-07-31T10:20:14+00:00,Jungala,12539,Skyride (Jungala Station),False,0
2026-07-31T10:20:14+00:00,Morocco,1521,Gwazi Gliders,False,0
2026-07-31T10:20:14+00:00,Morocco,10516,Iron Gwazi,False,0
2026-07-31T10:20:14+00:00,Nairobi,1530,Serengeti Express (Nairobi Station),False,0
2026-07-31T10:20:14+00:00,Pantopia,6331,Falcon's Fury,False,0
2026-07-31T10:20:14+00:00,Pantopia,10529,Grand Caravan Carousel,False,0
2026-07-31T10:20:14+00:00,Pantopia,14516,Phoenix Rising,False,0
2026-07-31T10:20:14+00:00,Pantopia,11593,Serengeti Flyer,False,0
2026-07-31T10:20:14+00:00,Safari of Fun,1519,Air Grover,False,0
2026-07-31T10:20:14+00:00,Safari of Fun,1514,Big Bird's Whirly Birdie,False,0
2026-07-31T10:20:14+00:00,Safari of Fun,1513,Elmo's Safari Go-Round,False,0
2026-07-31T10:20:14+00:00,Safari of Fun,1516,Snuffy's Elephant Romp,False,0
2026-07-31T10:20:14+00:00,Safari of Fun,1524,The Count's Zambezi Rally,False,0
2026-07-31T10:20:14+00:00,Safari of Fun,1528,Zoe-Patra's Hippos of the Nile,False,0
2026-07-31T10:20:14+00:00,Stanleyville,1532,Serengeti Express (Stanleyville Station),False,0
2026-07-31T10:20:14+00:00,Stanleyville,6329,SheiKra,False,0
2026-07-31T10:20:14+00:00,Stanleyville,7310,Tigris,False,0
2026-07-31T10:25:18+00:00,Congo,1510,Congo River Rapids,False,0
2026-07-31T10:25:18+00:00,Congo,6333,Kumba,False,0
2026-07-31T10:25:18+00:00,Congo,10532,Ubanga-Banga Bumper Cars,False,0
2026-07-31T10:25:18+00:00,Crown Colony Plaza,6336,Cheetah Hunt,False,0
2026-07-31T10:25:18+00:00,Egypt,6335,Cobra's Curse,False,0
2026-07-31T10:25:18+00:00,Egypt,6334,Montu,False,0
2026-07-31T10:25:18+00:00,Egypt,12538,Skyride (Egypt Station),False,0
2026-07-31T10:25:18+00:00,Jungala,12539,Skyride (Jungala Station),False,0
2026-07-31T10:25:18+00:00,Morocco,1521,Gwazi Gliders,False,0
2026-07-31T10:25:18+00:00,Morocco,10516,Iron Gwazi,False,0
2026-07-31T10:25:18+00:00,Nairobi,1530,Serengeti Express (Nairobi Station),False,0
2026-07-31T10:25:18+00:00,Pantopia,6331,Falcon's Fury,False,0
2026-07-31T10:25:18+00:00,Pantopia,10529,Grand Caravan Carousel,False,0
2026-07-31T10:25:18+00:00,Pantopia,14516,Phoenix Rising,False,0
2026-07-31T10:25:18+00:00,Pantopia,11593,Serengeti Flyer,False,0
2026-07-31T10:25:18+00:00,Safari of Fun,1519,Air Grover,False,0
2026-07-31T10:25:18+00:00,Safari of Fun,1514,Big Bird's Whirly Birdie,False,0
2026-07-31T10:25:18+00:00,Safari of Fun,1513,Elmo's Safari Go-Round,False,0
2026-07-31T10:25:18+00:00,Safari of Fun,1516,Snuffy's Elephant Romp,False,0
2026-07-31T10:25:18+00:00,Safari of Fun,1524,The Count's Zambezi Rally,False,0
2026-07-31T10:25:18+00:00,Safari of Fun,1528,Zoe-Patra's Hippos of the Nile,False,0
2026-07-31T10:25:18+00:00,Stanleyville,1532,Serengeti Express (Stanleyville Station),False,0
2026-07-31T10:25:18+00:00,Stanleyville,6329,SheiKra,False,0
2026-07-31T10:25:18+00:00,Stanleyville,7310,Tigris,False,0
2026-07-31T10:30:19+00:00,Congo,1510,Congo River Rapids,False,0
2026-07-31T10:30:19+00:00,Congo,6333,Kumba,False,0
2026-07-31T10:30:19+00:00,Congo,10532,Ubanga-Banga Bumper Cars,False,0
2026-07-31T10:30:19+00:00,Crown Colony Plaza,6336,Cheetah Hunt,False,0
2026-07-31T10:30:19+00:00,Egypt,6335,Cobra's Curse,False,0
2026-07-31T10:30:19+00:00,Egypt,6334,Montu,False,0
2026-07-31T10:30:19+00:00,Egypt,12538,Skyride (Egypt Station),False,0
2026-07-31T10:30:19+00:00,Jungala,12539,Skyride (Jungala Station),False,0
2026-07-31T10:30:19+00:00,Morocco,1521,Gwazi Gliders,False,0
2026-07-31T10:30:19+00:00,Morocco,10516,Iron Gwazi,False,0
2026-07-31T10:30:19+00:00,Nairobi,1530,Serengeti Express (Nairobi Station),False,0
2026-07-31T10:30:19+00:00,Pantopia,6331,Falcon's Fury,False,0
2026-07-31T10:30:19+00:00,Pantopia,10529,Grand Caravan Carousel,False,0
2026-07-31T10:30:19+00:00,Pantopia,14516,Phoenix Rising,False,0
2026-07-31T10:30:19+00:00,Pantopia,11593,Serengeti Flyer,False,0
2026-07-31T10:30:19+00:00,Safari of Fun,1519,Air Grover,False,0
2026-07-31T10:30:19+00:00,Safari of Fun,1514,Big Bird's Whirly Birdie,False,0
2026-07-31T10:30:19+00:00,Safari of Fun,1513,Elmo's Safari Go-Round,False,0
2026-07-31T10:30:19+00:00,Safari of Fun,1516,Snuffy's Elephant Romp,False,0
2026-07-31T10:30:19+00:00,Safari of Fun,1524,The Count's Zambezi Rally,False,0
2026-07-31T10:30:19+00:00,Safari of Fun,1528,Zoe-Patra's Hippos of the Nile,False,0
2026-07-31T10:30:19+00:00,Stanleyville,1532,Serengeti Express (Stanleyville Station),False,0
2026-07-31T10:30:19+00:00,Stanleyville,6329,SheiKra,False,0
2026-07-31T10:30:19+00:00,Stanleyville,7310,Tigris,False,0
2026-07-31T10:35:12+00:00,Congo,1510,Congo River Rapids,False,0
2026-07-31T10:35:12+00:00,Congo,6333,Kumba,False,0
2026-07-31T10:35:12+00:00,Congo,10532,Ubanga-Banga Bumper Cars,False,0
2026-07-31T10:35:12+00:00,Crown Colony Plaza,6336,Cheetah Hunt,False,0
2026-07-31T10:35:12+00:00,Egypt,6335,Cobra's Curse,False,0
2026-07-31T10:35:12+00:00,Egypt,6334,Montu,False,0
2026-07-31T10:35:12+00:00,Egypt,12538,Skyride (Egypt Station),False,0
2026-07-31T10:35:12+00:00,Jungala,12539,Skyride (Jungala Station),False,0
2026-07-31T10:35:12+00:00,Morocco,1521,Gwazi Gliders,False,0
2026-07-31T10:35:12+00:00,Morocco,10516,Iron Gwazi,False,0
2026-07-31T10:35:12+00:00,Nairobi,1530,Serengeti Express (Nairobi Station),False,0
2026-07-31T10:35:12+00:00,Pantopia,6331,Falcon's Fury,False,0
2026-07-31T10:35:12+00:00,Pantopia,10529,Grand Caravan Carousel,False,0
2026-07-31T10:35:12+00:00,Pantopia,14516,Phoenix Rising,False,0
2026-07-31T10:35:12+00:00,Pantopia,11593,Serengeti Flyer,False,0
2026-07-31T10:35:12+00:00,Safari of Fun,1519,Air Grover,False,0
2026-07-31T10:35:12+00:00,Safari of Fun,1514,Big Bird's Whirly Birdie,False,0
2026-07-31T10:35:12+00:00,Safari of Fun,1513,Elmo's Safari Go-Round,False,0
2026-07-31T10:35:12+00:00,Safari of Fun,1516,Snuffy's Elephant Romp,False,0
2026-07-31T10:35:12+00:00,Safari of Fun,1524,The Count's Zambezi Rally,False,0
2026-07-31T10:35:12+00:00,Safari of Fun,1528,Zoe-Patra's Hippos of the Nile,False,0
2026-07-31T10:35:12+00:00,Stanleyville,1532,Serengeti Express (Stanleyville Station),False,0
2026-07-31T10:35:12+00:00,Stanleyville,6329,SheiKra,False,0
2026-07-31T10:35:12+00:00,Stanleyville,7310,Tigris,False,0
2026-07-31T10:40:13+00:00,Congo,1510,Congo River Rapids,False,0
2026-07-31T10:40:13+00:00,Congo,6333,Kumba,False,0
2026-07-31T10:40:13+00:00,Congo,10532,Ubanga-Banga Bumper Cars,False,0
2026-07-31T10:40:13+00:00,Crown Colony Plaza,6336,Cheetah Hunt,False,0
2026-07-31T10:40:13+00:00,Egypt,6335,Cobra's Curse,False,0
2026-07-31T10:40:13+00:00,Egypt,6334,Montu,False,0
2026-07-31T10:40:13+00:00,Egypt,12538,Skyride (Egypt Station),False,0
2026-07-31T10:40:13+00:00,Jungala,12539,Skyride (Jungala Station),False,0
2026-07-31T10:40:13+00:00,Morocco,1521,Gwazi Gliders,False,0
2026-07-31T10:40:13+00:00,Morocco,10516,Iron Gwazi,False,0
2026-07-31T10:40:13+00:00,Nairobi,1530,Serengeti Express (Nairobi Station),False,0
2026-07-31T10:40:13+00:00,Pantopia,6331,Falcon's Fury,False,0
2026-07-31T10:40:13+00:00,Pantopia,10529,Grand Caravan Carousel,False,0
2026-07-31T10:40:13+00:00,Pantopia,14516,Phoenix Rising,False,0
2026-07-31T10:40:13+00:00,Pantopia,11593,Serengeti Flyer,False,0
2026-07-31T10:40:13+00:00,Safari of Fun,1519,Air Grover,False,0
2026-07-31T10:40:13+00:00,Safari of Fun,1514,Big Bird's Whirly Birdie,False,0
2026-07-31T10:40:13+00:00,Safari of Fun,1513,Elmo's Safari Go-Round,False,0
2026-07-31T10:40:13+00:00,Safari of Fun,1516,Snuffy's Elephant Romp,False,0
2026-07-31T10:40:13+00:00,Safari of Fun,1524,The Count's Zambezi Rally,False,0
2026-07-31T10:40:13+00:00,Safari of Fun,1528,Zoe-Patra's Hippos of the Nile,False,0
2026-07-31T10:40:13+00:00,Stanleyville,1532,Serengeti Express (Stanleyville Station),False,0
2026-07-31T10:40:13+00:00,Stanleyville,6329,SheiKra,False,0
2026-07-31T10:40:13+00:00,Stanleyville,7310,Tigris,False,0
2026-07-31T10:45:13+00:00,Congo,1510,Congo River Rapids,False,0
2026-07-31T10:45:13+00:00,Congo,6333,Kumba,False,0
2026-07-31T10:45:13+00:00,Congo,10532,Ubanga-Banga Bumper Cars,False,0
2026-07-31T10:45:13+00:00,Crown Colony Plaza,6336,Cheetah Hunt,False,0
2026-07-31T10:45:13+00:00,Egypt,6335,Cobra's Curse,False,0
2026-07-31T10:45:13+00:00,Egypt,6334,Montu,False,0
2026-07-31T10:45:13+00:00,Egypt,12538,Skyride (Egypt Station),False,0
2026-07-31T10:45:13+00:00,Jungala,12539,Skyride (Jungala Station),False,0
2026-07-31T10:45:13+00:00,Morocco,1521,Gwazi Gliders,False,0
2026-07-31T10:45:13+00:00,Morocco,10516,Iron Gwazi,False,0
2026-07-31T10:45:13+00:00,Nairobi,1530,Serengeti Express (Nairobi Station),False,0
2026-07-31T10:45:13+00:00,Pantopia,6331,Falcon's Fury,False,0
2026-07-31T10:45:13+00:00,Pantopia,10529,Grand Caravan Carousel,False,0
2026-07-31T10:45:13+00:00,Pantopia,14516,Phoenix Rising,False,0
2026-07-31T10:45:13+00:00,Pantopia,11593,Serengeti Flyer,False,0
2026-07-31T10:45:13+00:00,Safari of Fun,1519,Air Grover,False,0
2026-07-31T10:45:13+00:00,Safari of Fun,1514,Big Bird's Whirly Birdie,False,0
2026-07-31T10:45:13+00:00,Safari of Fun,1513,Elmo's Safari Go-Round,False,0
2026-07-31T10:45:13+00:00,Safari of Fun,1516,Snuffy's Elephant Romp,False,0
2026-07-31T10:45:13+00:00,Safari of Fun,1524,The Count's Zambezi Rally,False,0
2026-07-31T10:45:13+00:00,Safari of Fun,1528,Zoe-Patra's Hippos of the Nile,False,0
2026-07-31T10:45:13+00:00,Stanleyville,1532,Serengeti Express (Stanleyville Station),False,0
2026-07-31T10:45:13+00:00,Stanleyville,6329,SheiKra,False,0
2026-07-31T10:45:13+00:00,Stanleyville,7310,Tigris,False,0
2026-07-31T10:50:19+00:00,Congo,1510,Congo River Rapids,False,0
2026-07-31T10:50:19+00:00,Congo,6333,Kumba,False,0
2026-07-31T10:50:19+00:00,Congo,10532,Ubanga-Banga Bumper Cars,False,0
2026-07-31T10:50:19+00:00,Crown Colony Plaza,6336,Cheetah Hunt,False,0
2026-07-31T10:50:19+00:00,Egypt,6335,Cobra's Curse,False,0
2026-07-31T10:50:19+00:00,Egypt,6334,Montu,False,0
2026-07-31T10:50:19+00:00,Egypt,12538,Skyride (Egypt Station),False,0
2026-07-31T10:50:19+00:00,Jungala,12539,Skyride (Jungala Station),False,0
2026-07-31T10:50:19+00:00,Morocco,1521,Gwazi Gliders,False,0
2026-07-31T10:50:19+00:00,Morocco,10516,Iron Gwazi,False,0
2026-07-31T10:50:19+00:00,Nairobi,1530,Serengeti Express (Nairobi Station),False,0
2026-07-31T10:50:19+00:00,Pantopia,6331,Falcon's Fury,False,0
2026-07-31T10:50:19+00:00,Pantopia,10529,Grand Caravan Carousel,False,0
2026-07-31T10:50:19+00:00,Pantopia,14516,Phoenix Rising,False,0
2026-07-31T10:50:19+00:00,Pantopia,11593,Serengeti Flyer,False,0
2026-07-31T10:50:19+00:00,Safari of Fun,1519,Air Grover,False,0
2026-07-31T10:50:19+00:00,Safari of Fun,1514,Big Bird's Whirly Birdie,False,0
2026-07-31T10:50:19+00:00,Safari of Fun,1513,Elmo's Safari Go-Round,False,0
2026-07-31T10:50:19+00:00,Safari of Fun,1516,Snuffy's Elephant Romp,False,0
2026-07-31T10:50:19+00:00,Safari of Fun,1524,The Count's Zambezi Rally,False,0
2026-07-31T10:50:19+00:00,Safari of Fun,1528,Zoe-Patra's Hippos of the Nile,False,0
2026-07-31T10:50:19+00:00,Stanleyville,1532,Serengeti Express (Stanleyville Station),False,0
2026-07-31T10:50:19+00:00,Stanleyville,6329,SheiKra,False,0
2026-07-31T10:50:19+00:00,Stanleyville,7310,Tigris,False,0
2026-07-31T10:55:17+00:00,Congo,1510,Congo River Rapids,False,0
2026-07-31T10:55:17+00:00,Congo,6333,Kumba,False,0
2026-07-31T10:55:17+00:00,Congo,10532,Ubanga-Banga Bumper Cars,False,0
2026-07-31T10:55:17+00:00,Crown Colony Plaza,6336,Cheetah Hunt,False,0
2026-07-31T10:55:17+00:00,Egypt,6335,Cobra's Curse,False,0
2026-07-31T10:55:17+00:00,Egypt,6334,Montu,False,0
2026-07-31T10:55:17+00:00,Egypt,12538,Skyride (Egypt Station),False,0
2026-07-31T10:55:17+00:00,Jungala,12539,Skyride (Jungala Station),False,0
2026-07-31T10:55:17+00:00,Morocco,1521,Gwazi Gliders,False,0
2026-07-31T10:55:17+00:00,Morocco,10516,Iron Gwazi,False,0
2026-07-31T10:55:17+00:00,Nairobi,1530,Serengeti Express (Nairobi Station),False,0
2026-07-31T10:55:17+00:00,Pantopia,6331,Falcon's Fury,False,0
2026-07-31T10:55:17+00:00,Pantopia,10529,Grand Caravan Carousel,False,0
2026-07-31T10:55:17+00:00,Pantopia,14516,Phoenix Rising,False,0
2026-07-31T10:55:17+00:00,Pantopia,11593,Serengeti Flyer,False,0
2026-07-31T10:55:17+00:00,Safari of Fun,1519,Air Grover,False,0
2026-07-31T10:55:17+00:00,Safari of Fun,1514,Big Bird's Whirly Birdie,False,0
2026-07-31T10:55:17+00:00,Safari of Fun,1513,Elmo's Safari Go-Round,False,0
2026-07-31T10:55:17+00:00,Safari of Fun,1516,Snuffy's Elephant Romp,False,0
2026-07-31T10:55:17+00:00,Safari of Fun,1524,The Count's Zambezi Rally,False,0
2026-07-31T10:55:17+00:00,Safari of Fun,1528,Zoe-Patra's Hippos of the Nile,False,0
2026-07-31T10:55:17+00:00,Stanleyville,1532,Serengeti Express (Stanleyville Station),False,0
2026-07-31T10:55:17+00:00,Stanleyville,6329,SheiKra,False,0
2026-07-31T10:55:17+00:00,Stanleyville,7310,Tigris,False,0
2026-07-31T11:00:18+00:00,Congo,1510,Congo River Rapids,False,0
2026-07-31T11:00:18+00:00,Congo,6333,Kumba,False,0
2026-07-31T11:00:18+00:00,Congo,10532,Ubanga-Banga Bumper Cars,False,0
2026-07-31T11:00:18+00:00,Crown Colony Plaza,6336,Cheetah Hunt,False,0
2026-07-31T11:00:18+00:00,Egypt,6335,Cobra's Curse,False,0
2026-07-31T11:00:18+00:00,Egypt,6334,Montu,False,0
2026-07-31T11:00:18+00:00,Egypt,12538,Skyride (Egypt Station),False,0
2026-07-31T11:00:18+00:00,Jungala,12539,Skyride (Jungala Station),False,0
2026-07-31T11:00:18+00:00,Morocco,1521,Gwazi Gliders,False,0
2026-07-31T11:00:18+00:00,Morocco,10516,Iron Gwazi,False,0
2026-07-31T11:00:18+00:00,Nairobi,1530,Serengeti Express (Nairobi Station),False,0
2026-07-31T11:00:18+00:00,Pantopia,6331,Falcon's Fury,False,0
2026-07-31T11:00:18+00:00,Pantopia,10529,Grand Caravan Carousel,False,0
2026-07-31T11:00:18+00:00,Pantopia,14516,Phoenix Rising,False,0
2026-07-31T11:00:18+00:00,Pantopia,11593,Serengeti Flyer,False,0
2026-07-31T11:00:18+00:00,Safari of Fun,1519,Air Grover,False,0
2026-07-31T11:00:18+00:00,Safari of Fun,1514,Big Bird's Whirly Birdie,False,0
2026-07-31T11:00:18+00:00,Safari of Fun,1513,Elmo's Safari Go-Round,False,0
2026-07-31T11:00:18+00:00,Safari of Fun,1516,Snuffy's Elephant Romp,False,0
2026-07-31T11:00:18+00:00,Safari of Fun,1524,The Count's Zambezi Rally,False,0
2026-07-31T11:00:18+00:00,Safari of Fun,1528,Zoe-Patra's Hippos of the Nile,False,0
2026-07-31T11:00:18+00:00,Stanleyville,1532,Serengeti Express (Stanleyville Station),False,0
2026-07-31T11:00:18+00:00,Stanleyville,6329,SheiKra,False,0
2026-07-31T11:00:18+00:00,Stanleyville,7310,Tigris,False,0
2026-07-31T11:05:11+00:00,Congo,1510,Congo River Rapids,False,0
2026-07-31T11:05:11+00:00,Congo,6333,Kumba,False,0
2026-07-31T11:05:11+00:00,Congo,10532,Ubanga-Banga Bumper Cars,False,0
2026-07-31T11:05:11+00:00,Crown Colony Plaza,6336,Cheetah Hunt,False,0
2026-07-31T11:05:11+00:00,Egypt,6335,Cobra's Curse,False,0
2026-07-31T11:05:11+00:00,Egypt,6334,Montu,False,0
2026-07-31T11:05:11+00:00,Egypt,12538,Skyride (Egypt Station),False,0
2026-07-31T11:05:11+00:00,Jungala,12539,Skyride (Jungala Station),False,0
2026-07-31T11:05:11+00:00,Morocco,1521,Gwazi Gliders,False,0
2026-07-31T11:05:11+00:00,Morocco,10516,Iron Gwazi,False,0
2026-07-31T11:05:11+00:00,Nairobi,1530,Serengeti Express (Nairobi Station),False,0
2026-07-31T11:05:11+00:00,Pantopia,6331,Falcon's Fury,False,0
2026-07-31T11:05:11+00:00,Pantopia,10529,Grand Caravan Carousel,False,0
2026-07-31T11:05:11+00:00,Pantopia,14516,Phoenix Rising,False,0
2026-07-31T11:05:11+00:00,Pantopia,11593,Serengeti Flyer,False,0
2026-07-31T11:05:11+00:00,Safari of Fun,1519,Air Grover,False,0
2026-07-31T11:05:11+00:00,Safari of Fun,1514,Big Bird's Whirly Birdie,False,0
2026-07-31T11:05:11+00:00,Safari of Fun,1513,Elmo's Safari Go-Round,False,0
2026-07-31T11:05:11+00:00,Safari of Fun,1516,Snuffy's Elephant Romp,False,0
2026-07-31T11:05:11+00:00,Safari of Fun,1524,The Count's Zambezi Rally,False,0
2026-07-31T11:05:11+00:00,Safari of Fun,1528,Zoe-Patra's Hippos of the Nile,False,0
2026-07-31T11:05:11+00:00,Stanleyville,1532,Serengeti Express (Stanleyville Station),False,0
2026-07-31T11:05:11+00:00,Stanleyville,6329,SheiKra,False,0
2026-07-31T11:05:11+00:00,Stanleyville,7310,Tigris,False,0
2026-07-31T11:10:20+00:00,Congo,1510,Congo River Rapids,False,0
2026-07-31T11:10:20+00:00,Congo,6333,Kumba,False,0
2026-07-31T11:10:20+00:00,Congo,10532,Ubanga-Banga Bumper Cars,False,0
2026-07-31T11:10:20+00:00,Crown Colony Plaza,6336,Cheetah Hunt,False,0
2026-07-31T11:10:20+00:00,Egypt,6335,Cobra's Curse,False,0
2026-07-31T11:10:20+00:00,Egypt,6334,Montu,False,0
2026-07-31T11:10:20+00:00,Egypt,12538,Skyride (Egypt Station),False,0
2026-07-31T11:10:20+00:00,Jungala,12539,Skyride (Jungala Station),False,0
2026-07-31T11:10:20+00:00,Morocco,1521,Gwazi Gliders,False,0
2026-07-31T11:10:20+00:00,Morocco,10516,Iron Gwazi,False,0
2026-07-31T11:10:20+00:00,Nairobi,1530,Serengeti Express (Nairobi Station),False,0
2026-07-31T11:10:20+00:00,Pantopia,6331,Falcon's Fury,False,0
2026-07-31T11:10:20+00:00,Pantopia,10529,Grand Caravan Carousel,False,0
2026-07-31T11:10:20+00:00,Pantopia,14516,Phoenix Rising,False,0
2026-07-31T11:10:20+00:00,Pantopia,11593,Serengeti Flyer,False,0
2026-07-31T11:10:20+00:00,Safari of Fun,1519,Air Grover,False,0
2026-07-31T11:10:20+00:00,Safari of Fun,1514,Big Bird's Whirly Birdie,False,0
2026-07-31T11:10:20+00:00,Safari of Fun,1513,Elmo's Safari Go-Round,False,0
2026-07-31T11:10:20+00:00,Safari of Fun,1516,Snuffy's Elephant Romp,False,0
2026-07-31T11:10:20+00:00,Safari of Fun,1524,The Count's Zambezi Rally,False,0
2026-07-31T11:10:20+00:00,Safari of Fun,1528,Zoe-Patra's Hippos of the Nile,False,0
2026-07-31T11:10:20+00:00,Stanleyville,1532,Serengeti Express (Stanleyville Station),False,0
2026-07-31T11:10:20+00:00,Stanleyville,6329,SheiKra,False,0
2026-07-31T11:10:20+00:00,Stanleyville,7310,Tigris,False,0
2026-07-31T11:15:17+00:00,Congo,1510,Congo River Rapids,False,0
2026-07-31T11:15:17+00:00,Congo,6333,Kumba,False,0
2026-07-31T11:15:17+00:00,Congo,10532,Ubanga-Banga Bumper Cars,False,0
2026-07-31T11:15:17+00:00,Crown Colony Plaza,6336,Cheetah Hunt,False,0
2026-07-31T11:15:17+00:00,Egypt,6335,Cobra's Curse,False,0
2026-07-31T11:15:17+00:00,Egypt,6334,Montu,False,0
2026-07-31T11:15:17+00:00,Egypt,12538,Skyride (Egypt Station),False,0
2026-07-31T11:15:17+00:00,Jungala,12539,Skyride (Jungala Station),False,0
2026-07-31T11:15:17+00:00,Morocco,1521,Gwazi Gliders,False,0
2026-07-31T11:15:17+00:00,Morocco,10516,Iron Gwazi,False,0
2026-07-31T11:15:17+00:00,Nairobi,1530,Serengeti Express (Nairobi Station),False,0
2026-07-31T11:15:17+00:00,Pantopia,6331,Falcon's Fury,False,0
2026-07-31T11:15:17+00:00,Pantopia,10529,Grand Caravan Carousel,False,0
2026-07-31T11:15:17+00:00,Pantopia,14516,Phoenix Rising,False,0
2026-07-31T11:15:17+00:00,Pantopia,11593,Serengeti Flyer,False,0
2026-07-31T11:15:17+00:00,Safari of Fun,1519,Air Grover,False,0
2026-07-31T11:15:17+00:00,Safari of Fun,1514,Big Bird's Whirly Birdie,False,0
2026-07-31T11:15:17+00:00,Safari of Fun,1513,Elmo's Safari Go-Round,False,0
2026-07-31T11:15:17+00:00,Safari of Fun,1516,Snuffy's Elephant Romp,False,0
2026-07-31T11:15:17+00:00,Safari of Fun,1524,The Count's Zambezi Rally,False,0
2026-07-31T11:15:17+00:00,Safari of Fun,1528,Zoe-Patra's Hippos of the Nile,False,0
2026-07-31T11:15:17+00:00,Stanleyville,1532,Serengeti Express (Stanleyville Station),False,0
2026-07-31T11:15:17+00:00,Stanleyville,6329,SheiKra,False,0
2026-07-31T11:15:17+00:00,Stanleyville,7310,Tigris,False,0
2026-07-31T11:20:14+00:00,Congo,1510,Congo River Rapids,False,0
2026-07-31T11:20:14+00:00,Congo,6333,Kumba,False,0
2026-07-31T11:20:14+00:00,Congo,10532,Ubanga-Banga Bumper Cars,False,0
2026-07-31T11:20:14+00:00,Crown Colony Plaza,6336,Cheetah Hunt,False,0
2026-07-31T11:20:14+00:00,Egypt,6335,Cobra's Curse,False,0
2026-07-31T11:20:14+00:00,Egypt,6334,Montu,False,0
2026-07-31T11:20:14+00:00,Egypt,12538,Skyride (Egypt Station),False,0
2026-07-31T11:20:14+00:00,Jungala,12539,Skyride (Jungala Station),False,0
2026-07-31T11:20:14+00:00,Morocco,1521,Gwazi Gliders,False,0
2026-07-31T11:20:14+00:00,Morocco,10516,Iron Gwazi,False,0
2026-07-31T11:20:14+00:00,Nairobi,1530,Serengeti Express (Nairobi Station),False,0
2026-07-31T11:20:14+00:00,Pantopia,6331,Falcon's Fury,False,0
2026-07-31T11:20:14+00:00,Pantopia,10529,Grand Caravan Carousel,False,0
2026-07-31T11:20:14+00:00,Pantopia,14516,Phoenix Rising,False,0
2026-07-31T11:20:14+00:00,Pantopia,11593,Serengeti Flyer,False,0
2026-07-31T11:20:14+00:00,Safari of Fun,1519,Air Grover,False,0
2026-07-31T11:20:14+00:00,Safari of Fun,1514,Big Bird's Whirly Birdie,False,0
2026-07-31T11:20:14+00:00,Safari of Fun,1513,Elmo's Safari Go-Round,False,0
2026-07-31T11:20:14+00:00,Safari of Fun,1516,Snuffy's Elephant Romp,False,0
2026-07-31T11:20:14+00:00,Safari of Fun,1524,The Count's Zambezi Rally,False,0
2026-07-31T11:20:14+00:00,Safari of Fun,1528,Zoe-Patra's Hippos of the Nile,False,0
2026-07-31T11:20:14+00:00,Stanleyville,1532,Serengeti Express (Stanleyville Station),False,0
2026-07-31T11:20:14+00:00,Stanleyville,6329,SheiKra,False,0
2026-07-31T11:20:14+00:00,Stanleyville,7310,Tigris,False,0
2026-07-31T11:25:11+00:00,Congo,1510,Congo River Rapids,False,0
2026-07-31T11:25:11+00:00,Congo,6333,Kumba,False,0
2026-07-31T11:25:11+00:00,Congo,10532,Ubanga-Banga Bumper Cars,False,0
2026-07-31T11:25:11+00:00,Crown Colony Plaza,6336,Cheetah Hunt,False,0
2026-07-31T11:25:11+00:00,Egypt,6335,Cobra's Curse,False,0
2026-07-31T11:25:11+00:00,Egypt,6334,Montu,False,0
2026-07-31T11:25:11+00:00,Egypt,12538,Skyride (Egypt Station),False,0
2026-07-31T11:25:11+00:00,Jungala,12539,Skyride (Jungala Station),False,0
2026-07-31T11:25:11+00:00,Morocco,1521,Gwazi Gliders,False,0
2026-07-31T11:25:11+00:00,Morocco,10516,Iron Gwazi,False,0
2026-07-31T11:25:11+00:00,Nairobi,1530,Serengeti Express (Nairobi Station),False,0
2026-07-31T11:25:11+00:00,Pantopia,6331,Falcon's Fury,False,0
2026-07-31T11:25:11+00:00,Pantopia,10529,Grand Caravan Carousel,False,0
2026-07-31T11:25:11+00:00,Pantopia,14516,Phoenix Rising,False,0
2026-07-31T11:25:11+00:00,Pantopia,11593,Serengeti Flyer,False,0
2026-07-31T11:25:11+00:00,Safari of Fun,1519,Air Grover,False,0
2026-07-31T11:25:11+00:00,Safari of Fun,1514,Big Bird's Whirly Birdie,False,0
2026-07-31T11:25:11+00:00,Safari of Fun,1513,Elmo's Safari Go-Round,False,0
2026-07-31T11:25:11+00:00,Safari of Fun,1516,Snuffy's Elephant Romp,False,0
2026-07-31T11:25:11+00:00,Safari of Fun,1524,The Count's Zambezi Rally,False,0
2026-07-31T11:25:11+00:00,Safari of Fun,1528,Zoe-Patra's Hippos of the Nile,False,0
2026-07-31T11:25:11+00:00,Stanleyville,1532,Serengeti Express (Stanleyville Station),False,0
2026-07-31T11:25:11+00:00,Stanleyville,6329,SheiKra,False,0
2026-07-31T11:25:11+00:00,Stanleyville,7310,Tigris,False,0
2026-07-31T11:30:22+00:00,Congo,1510,Congo River Rapids,False,0
2026-07-31T11:30:22+00:00,Congo,6333,Kumba,False,0
2026-07-31T11:30:22+00:00,Congo,10532,Ubanga-Banga Bumper Cars,False,0
2026-07-31T11:30:22+00:00,Crown Colony Plaza,6336,Cheetah Hunt,False,0
2026-07-31T11:30:22+00:00,Egypt,6335,Cobra's Curse,False,0
2026-07-31T11:30:22+00:00,Egypt,6334,Montu,False,0
2026-07-31T11:30:22+00:00,Egypt,12538,Skyride (Egypt Station),False,0
2026-07-31T11:30:22+00:00,Jungala,12539,Skyride (Jungala Station),False,0
2026-07-31T11:30:22+00:00,Morocco,1521,Gwazi Gliders,False,0
2026-07-31T11:30:22+00:00,Morocco,10516,Iron Gwazi,False,0
2026-07-31T11:30:22+00:00,Nairobi,1530,Serengeti Express (Nairobi Station),False,0
2026-07-31T11:30:22+00:00,Pantopia,6331,Falcon's Fury,False,0
2026-07-31T11:30:22+00:00,Pantopia,10529,Grand Caravan Carousel,False,0
2026-07-31T11:30:22+00:00,Pantopia,14516,Phoenix Rising,False,0
2026-07-31T11:30:22+00:00,Pantopia,11593,Serengeti Flyer,False,0
2026-07-31T11:30:22+00:00,Safari of Fun,1519,Air Grover,False,0
2026-07-31T11:30:22+00:00,Safari of Fun,1514,Big Bird's Whirly Birdie,False,0
2026-07-31T11:30:22+00:00,Safari of Fun,1513,Elmo's Safari Go-Round,False,0
2026-07-31T11:30:22+00:00,Safari of Fun,1516,Snuffy's Elephant Romp,False,0
2026-07-31T11:30:22+00:00,Safari of Fun,1524,The Count's Zambezi Rally,False,0
2026-07-31T11:30:22+00:00,Safari of Fun,1528,Zoe-Patra's Hippos of the Nile,False,0
2026-07-31T11:30:22+00:00,Stanleyville,1532,Serengeti Express (Stanleyville Station),False,0
2026-07-31T11:30:22+00:00,Stanleyville,6329,SheiKra,False,0
2026-07-31T11:30:22+00:00,Stanleyville,7310,Tigris,False,0
2026-07-31T11:35:13+00:00,Congo,1510,Congo River Rapids,False,0
2026-07-31T11:35:13+00:00,Congo,6333,Kumba,False,0
2026-07-31T11:35:13+00:00,Congo,10532,Ubanga-Banga Bumper Cars,False,0
2026-07-31T11:35:13+00:00,Crown Colony Plaza,6336,Cheetah Hunt,False,0
2026-07-31T11:35:13+00:00,Egypt,6335,Cobra's Curse,False,0
2026-07-31T11:35:13+00:00,Egypt,6334,Montu,False,0
2026-07-31T11:35:13+00:00,Egypt,12538,Skyride (Egypt Station),False,0
2026-07-31T11:35:13+00:00,Jungala,12539,Skyride (Jungala Station),False,0
2026-07-31T11:35:13+00:00,Morocco,1521,Gwazi Gliders,False,0
2026-07-31T11:35:13+00:00,Morocco,10516,Iron Gwazi,False,0
2026-07-31T11:35:13+00:00,Nairobi,1530,Serengeti Express (Nairobi Station),False,0
2026-07-31T11:35:13+00:00,Pantopia,6331,Falcon's Fury,False,0
2026-07-31T11:35:13+00:00,Pantopia,10529,Grand Caravan Carousel,False,0
2026-07-31T11:35:13+00:00,Pantopia,14516,Phoenix Rising,False,0
2026-07-31T11:35:13+00:00,Pantopia,11593,Serengeti Flyer,False,0
2026-07-31T11:35:13+00:00,Safari of Fun,1519,Air Grover,False,0
2026-07-31T11:35:13+00:00,Safari of Fun,1514,Big Bird's Whirly Birdie,False,0
2026-07-31T11:35:13+00:00,Safari of Fun,1513,Elmo's Safari Go-Round,False,0
2026-07-31T11:35:13+00:00,Safari of Fun,1516,Snuffy's Elephant Romp,False,0
2026-07-31T11:35:13+00:00,Safari of Fun,1524,The Count's Zambezi Rally,False,0
2026-07-31T11:35:13+00:00,Safari of Fun,1528,Zoe-Patra's Hippos of the Nile,False,0
2026-07-31T11:35:13+00:00,Stanleyville,1532,Serengeti Express (Stanleyville Station),False,0
2026-07-31T11:35:13+00:00,Stanleyville,6329,SheiKra,False,0
2026-07-31T11:35:13+00:00,Stanleyville,7310,Tigris,False,0
2026-07-31T11:40:13+00:00,Congo,1510,Congo River Rapids,False,0
2026-07-31T11:40:13+00:00,Congo,6333,Kumba,False,0
2026-07-31T11:40:13+00:00,Congo,10532,Ubanga-Banga Bumper Cars,False,0
2026-07-31T11:40:13+00:00,Crown Colony Plaza,6336,Cheetah Hunt,False,0
2026-07-31T11:40:13+00:00,Egypt,6335,Cobra's Curse,False,0
2026-07-31T11:40:13+00:00,Egypt,6334,Montu,False,0
2026-07-31T11:40:13+00:00,Egypt,12538,Skyride (Egypt Station),False,0
2026-07-31T11:40:13+00:00,Jungala,12539,Skyride (Jungala Station),False,0
2026-07-31T11:40:13+00:00,Morocco,1521,Gwazi Gliders,False,0
2026-07-31T11:40:13+00:00,Morocco,10516,Iron Gwazi,False,0
2026-07-31T11:40:13+00:00,Nairobi,1530,Serengeti Express (Nairobi Station),False,0
2026-07-31T11:40:13+00:00,Pantopia,6331,Falcon's Fury,False,0
2026-07-31T11:40:13+00:00,Pantopia,10529,Grand Caravan Carousel,False,0
2026-07-31T11:40:13+00:00,Pantopia,14516,Phoenix Rising,False,0
2026-07-31T11:40:13+00:00,Pantopia,11593,Serengeti Flyer,False,0
2026-07-31T11:40:13+00:00,Safari of Fun,1519,Air Grover,False,0
2026-07-31T11:40:13+00:00,Safari of Fun,1514,Big Bird's Whirly Birdie,False,0
2026-07-31T11:40:13+00:00,Safari of Fun,1513,Elmo's Safari Go-Round,False,0
2026-07-31T11:40:13+00:00,Safari of Fun,1516,Snuffy's Elephant Romp,False,0
2026-07-31T11:40:13+00:00,Safari of Fun,1524,The Count's Zambezi Rally,False,0
2026-07-31T11:40:13+00:00,Safari of Fun,1528,Zoe-Patra's Hippos of the Nile,False,0
2026-07-31T11:40:13+00:00,Stanleyville,1532,Serengeti Express (Stanleyville Station),False,0
2026-07-31T11:40:13+00:00,Stanleyville,6329,SheiKra,False,0
2026-07-31T11:40:13+00:00,Stanleyville,7310,Tigris,False,0
2026-07-31T11:45:12+00:00,Congo,1510,Congo River Rapids,False,0
2026-07-31T11:45:12+00:00,Congo,6333,Kumba,False,0
2026-07-31T11:45:12+00:00,Congo,10532,Ubanga-Banga Bumper Cars,False,0
2026-07-31T11:45:12+00:00,Crown Colony Plaza,6336,Cheetah Hunt,False,0
2026-07-31T11:45:12+00:00,Egypt,6335,Cobra's Curse,False,0
2026-07-31T11:45:12+00:00,Egypt,6334,Montu,False,0
2026-07-31T11:45:12+00:00,Egypt,12538,Skyride (Egypt Station),False,0
2026-07-31T11:45:12+00:00,Jungala,12539,Skyride (Jungala Station),False,0
2026-07-31T11:45:12+00:00,Morocco,1521,Gwazi Gliders,False,0
2026-07-31T11:45:12+00:00,Morocco,10516,Iron Gwazi,False,0
2026-07-31T11:45:12+00:00,Nairobi,1530,Serengeti Express (Nairobi Station),False,0
2026-07-31T11:45:12+00:00,Pantopia,6331,Falcon's Fury,False,0
2026-07-31T11:45:12+00:00,Pantopia,10529,Grand Caravan Carousel,False,0
2026-07-31T11:45:12+00:00,Pantopia,14516,Phoenix Rising,False,0
2026-07-31T11:45:12+00:00,Pantopia,11593,Serengeti Flyer,False,0
2026-07-31T11:45:12+00:00,Safari of Fun,1519,Air Grover,False,0
2026-07-31T11:45:12+00:00,Safari of Fun,1514,Big Bird's Whirly Birdie,False,0
2026-07-31T11:45:12+00:00,Safari of Fun,1513,Elmo's Safari Go-Round,False,0
2026-07-31T11:45:12+00:00,Safari of Fun,1516,Snuffy's Elephant Romp,False,0
2026-07-31T11:45:12+00:00,Safari of Fun,1524,The Count's Zambezi Rally,False,0
2026-07-31T11:45:12+00:00,Safari of Fun,1528,Zoe-Patra's Hippos of the Nile,False,0
2026-07-31T11:45:12+00:00,Stanleyville,1532,Serengeti Express (Stanleyville Station),False,0
2026-07-31T11:45:12+00:00,Stanleyville,6329,SheiKra,False,0
2026-07-31T11:45:12+00:00,Stanleyville,7310,Tigris,False,0
2026-07-31T11:50:14+00:00,Congo,1510,Congo River Rapids,False,0
2026-07-31T11:50:14+00:00,Congo,6333,Kumba,False,0
2026-07-31T11:50:14+00:00,Congo,10532,Ubanga-Banga Bumper Cars,False,0
2026-07-31T11:50:14+00:00,Crown Colony Plaza,6336,Cheetah Hunt,False,0
2026-07-31T11:50:14+00:00,Egypt,6335,Cobra's Curse,False,0
2026-07-31T11:50:14+00:00,Egypt,6334,Montu,False,0
2026-07-31T11:50:14+00:00,Egypt,12538,Skyride (Egypt Station),False,0
2026-07-31T11:50:14+00:00,Jungala,12539,Skyride (Jungala Station),False,0
2026-07-31T11:50:14+00:00,Morocco,1521,Gwazi Gliders,False,0
2026-07-31T11:50:14+00:00,Morocco,10516,Iron Gwazi,False,0
2026-07-31T11:50:14+00:00,Nairobi,1530,Serengeti Express (Nairobi Station),False,0
2026-07-31T11:50:14+00:00,Pantopia,6331,Falcon's Fury,False,0
2026-07-31T11:50:14+00:00,Pantopia,10529,Grand Caravan Carousel,False,0
2026-07-31T11:50:14+00:00,Pantopia,14516,Phoenix Rising,False,0
2026-07-31T11:50:14+00:00,Pantopia,11593,Serengeti Flyer,False,0
2026-07-31T11:50:14+00:00,Safari of Fun,1519,Air Grover,False,0
2026-07-31T11:50:14+00:00,Safari of Fun,1514,Big Bird's Whirly Birdie,False,0
2026-07-31T11:50:14+00:00,Safari of Fun,1513,Elmo's Safari Go-Round,False,0
2026-07-31T11:50:14+00:00,Safari of Fun,1516,Snuffy's Elephant Romp,False,0
2026-07-31T11:50:14+00:00,Safari of Fun,1524,The Count's Zambezi Rally,False,0
2026-07-31T11:50:14+00:00,Safari of Fun,1528,Zoe-Patra's Hippos of the Nile,False,0
2026-07-31T11:50:14+00:00,Stanleyville,1532,Serengeti Express (Stanleyville Station),False,0
2026-07-31T11:50:14+00:00,Stanleyville,6329,SheiKra,False,0
2026-07-31T11:50:14+00:00,Stanleyville,7310,Tigris,False,0
2026-07-31T11:55:14+00:00,Congo,1510,Congo River Rapids,False,0
2026-07-31T11:55:14+00:00,Congo,6333,Kumba,False,0
2026-07-31T11:55:14+00:00,Congo,10532,Ubanga-Banga Bumper Cars,False,0
2026-07-31T11:55:14+00:00,Crown Colony Plaza,6336,Cheetah Hunt,False,0
2026-07-31T11:55:14+00:00,Egypt,6335,Cobra's Curse,False,0
2026-07-31T11:55:14+00:00,Egypt,6334,Montu,False,0
2026-07-31T11:55:14+00:00,Egypt,12538,Skyride (Egypt Station),False,0
2026-07-31T11:55:14+00:00,Jungala,12539,Skyride (Jungala Station),False,0
2026-07-31T11:55:14+00:00,Morocco,1521,Gwazi Gliders,False,0
2026-07-31T11:55:14+00:00,Morocco,10516,Iron Gwazi,False,0
2026-07-31T11:55:14+00:00,Nairobi,1530,Serengeti Express (Nairobi Station),False,0
2026-07-31T11:55:14+00:00,Pantopia,6331,Falcon's Fury,False,0
2026-07-31T11:55:14+00:00,Pantopia,10529,Grand Caravan Carousel,False,0
2026-07-31T11:55:14+00:00,Pantopia,14516,Phoenix Rising,False,0
2026-07-31T11:55:14+00:00,Pantopia,11593,Serengeti Flyer,False,0
2026-07-31T11:55:14+00:00,Safari of Fun,1519,Air Grover,False,0
2026-07-31T11:55:14+00:00,Safari of Fun,1514,Big Bird's Whirly Birdie,False,0
2026-07-31T11:55:14+00:00,Safari of Fun,1513,Elmo's Safari Go-Round,False,0
2026-07-31T11:55:14+00:00,Safari of Fun,1516,Snuffy's Elephant Romp,False,0
2026-07-31T11:55:14+00:00,Safari of Fun,1524,The Count's Zambezi Rally,False,0
2026-07-31T11:55:14+00:00,Safari of Fun,1528,Zoe-Patra's Hippos of the Nile,False,0
2026-07-31T11:55:14+00:00,Stanleyville,1532,Serengeti Express (Stanleyville Station),False,0
2026-07-31T11:55:14+00:00,Stanleyville,6329,SheiKra,False,0
2026-07-31T11:55:14+00:00,Stanleyville,7310,Tigris,False,0
2026-07-31T12:00:19+00:00,Congo,1510,Congo River Rapids,False,0
2026-07-31T12:00:19+00:00,Congo,6333,Kumba,False,0
2026-07-31T12:00:19+00:00,Congo,10532,Ubanga-Banga Bumper Cars,False,0
2026-07-31T12:00:19+00:00,Crown Colony Plaza,6336,Cheetah Hunt,False,0
2026-07-31T12:00:19+00:00,Egypt,6335,Cobra's Curse,False,0
2026-07-31T12:00:19+00:00,Egypt,6334,Montu,False,0
2026-07-31T12:00:19+00:00,Egypt,12538,Skyride (Egypt Station),False,0
2026-07-31T12:00:19+00:00,Jungala,12539,Skyride (Jungala Station),False,0
2026-07-31T12:00:19+00:00,Morocco,1521,Gwazi Gliders,False,0
2026-07-31T12:00:19+00:00,Morocco,10516,Iron Gwazi,False,0
2026-07-31T12:00:19+00:00,Nairobi,1530,Serengeti Express (Nairobi Station),False,0
2026-07-31T12:00:19+00:00,Pantopia,6331,Falcon's Fury,False,0
2026-07-31T12:00:19+00:00,Pantopia,10529,Grand Caravan Carousel,False,0
2026-07-31T12:00:19+00:00,Pantopia,14516,Phoenix Rising,False,0
2026-07-31T12:00:19+00:00,Pantopia,11593,Serengeti Flyer,False,0
2026-07-31T12:00:19+00:00,Safari of Fun,1519,Air Grover,False,0
2026-07-31T12:00:19+00:00,Safari of Fun,1514,Big Bird's Whirly Birdie,False,0
2026-07-31T12:00:19+00:00,Safari of Fun,1513,Elmo's Safari Go-Round,False,0
2026-07-31T12:00:19+00:00,Safari of Fun,1516,Snuffy's Elephant Romp,False,0
2026-07-31T12:00:19+00:00,Safari of Fun,1524,The Count's Zambezi Rally,False,0
2026-07-31T12:00:19+00:00,Safari of Fun,1528,Zoe-Patra's Hippos of the Nile,False,0
2026-07-31T12:00:19+00:00,Stanleyville,1532,Serengeti Express (Stanleyville Station),False,0
2026-07-31T12:00:19+00:00,Stanleyville,6329,SheiKra,False,0
2026-07-31T12:00:19+00:00,Stanleyville,7310,Tigris,False,0
2026-07-31T12:05:12+00:00,Congo,1510,Congo River Rapids,False,0
2026-07-31T12:05:12+00:00,Congo,6333,Kumba,False,0
2026-07-31T12:05:12+00:00,Congo,10532,Ubanga-Banga Bumper Cars,False,0
2026-07-31T12:05:12+00:00,Crown Colony Plaza,6336,Cheetah Hunt,False,0
2026-07-31T12:05:12+00:00,Egypt,6335,Cobra's Curse,False,0
2026-07-31T12:05:12+00:00,Egypt,6334,Montu,False,0
2026-07-31T12:05:12+00:00,Egypt,12538,Skyride (Egypt Station),False,0
2026-07-31T12:05:12+00:00,Jungala,12539,Skyride (Jungala Station),False,0
2026-07-31T12:05:12+00:00,Morocco,1521,Gwazi Gliders,False,0
2026-07-31T12:05:12+00:00,Morocco,10516,Iron Gwazi,False,0
2026-07-31T12:05:12+00:00,Nairobi,1530,Serengeti Express (Nairobi Station),False,0
2026-07-31T12:05:12+00:00,Pantopia,6331,Falcon's Fury,False,0
2026-07-31T12:05:12+00:00,Pantopia,10529,Grand Caravan Carousel,False,0
2026-07-31T12:05:12+00:00,Pantopia,14516,Phoenix Rising,False,0
2026-07-31T12:05:12+00:00,Pantopia,11593,Serengeti Flyer,False,0
2026-07-31T12:05:12+00:00,Safari of Fun,1519,Air Grover,False,0
2026-07-31T12:05:12+00:00,Safari of Fun,1514,Big Bird's Whirly Birdie,False,0
2026-07-31T12:05:12+00:00,Safari of Fun,1513,Elmo's Safari Go-Round,False,0
2026-07-31T12:05:12+00:00,Safari of Fun,1516,Snuffy's Elephant Romp,False,0
2026-07-31T12:05:12+00:00,Safari of Fun,1524,The Count's Zambezi Rally,False,0
2026-07-31T12:05:12+00:00,Safari of Fun,1528,Zoe-Patra's Hippos of the Nile,False,0
2026-07-31T12:05:12+00:00,Stanleyville,1532,Serengeti Express (Stanleyville Station),False,0
2026-07-31T12:05:12+00:00,Stanleyville,6329,SheiKra,False,0
2026-07-31T12:05:12+00:00,Stanleyville,7310,Tigris,False,0
2026-07-31T12:10:13+00:00,Congo,1510,Congo River Rapids,False,0
2026-07-31T12:10:13+00:00,Congo,6333,Kumba,False,0
2026-07-31T12:10:13+00:00,Congo,10532,Ubanga-Banga Bumper Cars,False,0
2026-07-31T12:10:13+00:00,Crown Colony Plaza,6336,Cheetah Hunt,False,0
2026-07-31T12:10:13+00:00,Egypt,6335,Cobra's Curse,False,0
2026-07-31T12:10:13+00:00,Egypt,6334,Montu,False,0
2026-07-31T12:10:13+00:00,Egypt,12538,Skyride (Egypt Station),False,0
2026-07-31T12:10:13+00:00,Jungala,12539,Skyride (Jungala Station),False,0
2026-07-31T12:10:13+00:00,Morocco,1521,Gwazi Gliders,False,0
2026-07-31T12:10:13+00:00,Morocco,10516,Iron Gwazi,False,0
2026-07-31T12:10:13+00:00,Nairobi,1530,Serengeti Express (Nairobi Station),False,0
2026-07-31T12:10:13+00:00,Pantopia,6331,Falcon's Fury,False,0
2026-07-31T12:10:13+00:00,Pantopia,10529,Grand Caravan Carousel,False,0
2026-07-31T12:10:13+00:00,Pantopia,14516,Phoenix Rising,False,0
2026-07-31T12:10:13+00:00,Pantopia,11593,Serengeti Flyer,False,0
2026-07-31T12:10:13+00:00,Safari of Fun,1519,Air Grover,False,0
2026-07-31T12:10:13+00:00,Safari of Fun,1514,Big Bird's Whirly Birdie,False,0
2026-07-31T12:10:13+00:00,Safari of Fun,1513,Elmo's Safari Go-Round,False,0
2026-07-31T12:10:13+00:00,Safari of Fun,1516,Snuffy's Elephant Romp,False,0
2026-07-31T12:10:13+00:00,Safari of Fun,1524,The Count's Zambezi Rally,False,0
2026-07-31T12:10:13+00:00,Safari of Fun,1528,Zoe-Patra's Hippos of the Nile,False,0
2026-07-31T12:10:13+00:00,Stanleyville,1532,Serengeti Express (Stanleyville Station),False,0
2026-07-31T12:10:13+00:00,Stanleyville,6329,SheiKra,False,0
2026-07-31T12:10:13+00:00,Stanleyville,7310,Tigris,False,0
2026-07-31T12:15:13+00:00,Congo,1510,Congo River Rapids,False,0
2026-07-31T12:15:13+00:00,Congo,6333,Kumba,False,0
2026-07-31T12:15:13+00:00,Congo,10532,Ubanga-Banga Bumper Cars,False,0
2026-07-31T12:15:13+00:00,Crown Colony Plaza,6336,Cheetah Hunt,False,0
2026-07-31T12:15:13+00:00,Egypt,6335,Cobra's Curse,False,0
2026-07-31T12:15:13+00:00,Egypt,6334,Montu,False,0
2026-07-31T12:15:13+00:00,Egypt,12538,Skyride (Egypt Station),False,0
2026-07-31T12:15:13+00:00,Jungala,12539,Skyride (Jungala Station),False,0
2026-07-31T12:15:13+00:00,Morocco,1521,Gwazi Gliders,False,0
2026-07-31T12:15:13+00:00,Morocco,10516,Iron Gwazi,False,0
2026-07-31T12:15:13+00:00,Nairobi,1530,Serengeti Express (Nairobi Station),False,0
2026-07-31T12:15:13+00:00,Pantopia,6331,Falcon's Fury,False,0
2026-07-31T12:15:13+00:00,Pantopia,10529,Grand Caravan Carousel,False,0
2026-07-31T12:15:13+00:00,Pantopia,14516,Phoenix Rising,False,0
2026-07-31T12:15:13+00:00,Pantopia,11593,Serengeti Flyer,False,0
2026-07-31T12:15:13+00:00,Safari of Fun,1519,Air Grover,False,0
2026-07-31T12:15:13+00:00,Safari of Fun,1514,Big Bird's Whirly Birdie,False,0
2026-07-31T12:15:13+00:00,Safari of Fun,1513,Elmo's Safari Go-Round,False,0
2026-07-31T12:15:13+00:00,Safari of Fun,1516,Snuffy's Elephant Romp,False,0
2026-07-31T12:15:13+00:00,Safari of Fun,1524,The Count's Zambezi Rally,False,0
2026-07-31T12:15:13+00:00,Safari of Fun,1528,Zoe-Patra's Hippos of the Nile,False,0
2026-07-31T12:15:13+00:00,Stanleyville,1532,Serengeti Express (Stanleyville Station),False,0
2026-07-31T12:15:13+00:00,Stanleyville,6329,SheiKra,False,0
2026-07-31T12:15:13+00:00,Stanleyville,7310,Tigris,False,0
2026-07-31T12:20:20+00:00,Congo,1510,Congo River Rapids,False,0
2026-07-31T12:20:20+00:00,Congo,6333,Kumba,False,0
2026-07-31T12:20:20+00:00,Congo,10532,Ubanga-Banga Bumper Cars,False,0
2026-07-31T12:20:20+00:00,Crown Colony Plaza,6336,Cheetah Hunt,False,0
2026-07-31T12:20:20+00:00,Egypt,6335,Cobra's Curse,False,0
2026-07-31T12:20:20+00:00,Egypt,6334,Montu,False,0
2026-07-31T12:20:20+00:00,Egypt,12538,Skyride (Egypt Station),False,0
2026-07-31T12:20:20+00:00,Jungala,12539,Skyride (Jungala Station),False,0
2026-07-31T12:20:20+00:00,Morocco,1521,Gwazi Gliders,False,0
2026-07-31T12:20:20+00:00,Morocco,10516,Iron Gwazi,False,0
2026-07-31T12:20:20+00:00,Nairobi,1530,Serengeti Express (Nairobi Station),False,0
2026-07-31T12:20:20+00:00,Pantopia,6331,Falcon's Fury,False,0
2026-07-31T12:20:20+00:00,Pantopia,10529,Grand Caravan Carousel,False,0
2026-07-31T12:20:20+00:00,Pantopia,14516,Phoenix Rising,False,0
2026-07-31T12:20:20+00:00,Pantopia,11593,Serengeti Flyer,False,0
2026-07-31T12:20:20+00:00,Safari of Fun,1519,Air Grover,False,0
2026-07-31T12:20:20+00:00,Safari of Fun,1514,Big Bird's Whirly Birdie,False,0
2026-07-31T12:20:20+00:00,Safari of Fun,1513,Elmo's Safari Go-Round,False,0
2026-07-31T12:20:20+00:00,Safari of Fun,1516,Snuffy's Elephant Romp,False,0
2026-07-31T12:20:20+00:00,Safari of Fun,1524,The Count's Zambezi Rally,False,0
2026-07-31T12:20:20+00:00,Safari of Fun,1528,Zoe-Patra's Hippos of the Nile,False,0
2026-07-31T12:20:20+00:00,Stanleyville,1532,Serengeti Express (Stanleyville Station),False,0
2026-07-31T12:20:20+00:00,Stanleyville,6329,SheiKra,False,0
2026-07-31T12:20:20+00:00,Stanleyville,7310,Tigris,False,0
2026-07-31T12:25:11+00:00,Congo,1510,Congo River Rapids,False,0
2026-07-31T12:25:11+00:00,Congo,6333,Kumba,False,0
2026-07-31T12:25:11+00:00,Congo,10532,Ubanga-Banga Bumper Cars,False,0
2026-07-31T12:25:11+00:00,Crown Colony Plaza,6336,Cheetah Hunt,False,0
2026-07-31T12:25:11+00:00,Egypt,6335,Cobra's Curse,False,0
2026-07-31T12:25:11+00:00,Egypt,6334,Montu,False,0
2026-07-31T12:25:11+00:00,Egypt,12538,Skyride (Egypt Station),False,0
2026-07-31T12:25:11+00:00,Jungala,12539,Skyride (Jungala Station),False,0
2026-07-31T12:25:11+00:00,Morocco,1521,Gwazi Gliders,False,0
2026-07-31T12:25:11+00:00,Morocco,10516,Iron Gwazi,False,0
2026-07-31T12:25:11+00:00,Nairobi,1530,Serengeti Express (Nairobi Station),False,0
2026-07-31T12:25:11+00:00,Pantopia,6331,Falcon's Fury,False,0
2026-07-31T12:25:11+00:00,Pantopia,10529,Grand Caravan Carousel,False,0
2026-07-31T12:25:11+00:00,Pantopia,14516,Phoenix Rising,False,0
2026-07-31T12:25:11+00:00,Pantopia,11593,Serengeti Flyer,False,0
2026-07-31T12:25:11+00:00,Safari of Fun,1519,Air Grover,False,0
2026-07-31T12:25:11+00:00,Safari of Fun,1514,Big Bird's Whirly Birdie,False,0
2026-07-31T12:25:11+00:00,Safari of Fun,1513,Elmo's Safari Go-Round,False,0
2026-07-31T12:25:11+00:00,Safari of Fun,1516,Snuffy's Elephant Romp,False,0
2026-07-31T12:25:11+00:00,Safari of Fun,1524,The Count's Zambezi Rally,False,0
2026-07-31T12:25:11+00:00,Safari of Fun,1528,Zoe-Patra's Hippos of the Nile,False,0
2026-07-31T12:25:11+00:00,Stanleyville,1532,Serengeti Express (Stanleyville Station),False,0
2026-07-31T12:25:11+00:00,Stanleyville,6329,SheiKra,False,0
2026-07-31T12:25:11+00:00,Stanleyville,7310,Tigris,False,0
2026-07-31T12:30:19+00:00,Congo,1510,Congo River Rapids,False,0
2026-07-31T12:30:19+00:00,Congo,6333,Kumba,False,0
2026-07-31T12:30:19+00:00,Congo,10532,Ubanga-Banga Bumper Cars,False,0
2026-07-31T12:30:19+00:00,Crown Colony Plaza,6336,Cheetah Hunt,False,0
2026-07-31T12:30:19+00:00,Egypt,6335,Cobra's Curse,False,0
2026-07-31T12:30:19+00:00,Egypt,6334,Montu,False,0
2026-07-31T12:30:19+00:00,Egypt,12538,Skyride (Egypt Station),False,0
2026-07-31T12:30:19+00:00,Jungala,12539,Skyride (Jungala Station),False,0
2026-07-31T12:30:19+00:00,Morocco,1521,Gwazi Gliders,False,0
2026-07-31T12:30:19+00:00,Morocco,10516,Iron Gwazi,False,0
2026-07-31T12:30:19+00:00,Nairobi,1530,Serengeti Express (Nairobi Station),False,0
2026-07-31T12:30:19+00:00,Pantopia,6331,Falcon's Fury,False,0
2026-07-31T12:30:19+00:00,Pantopia,10529,Grand Caravan Carousel,False,0
2026-07-31T12:30:19+00:00,Pantopia,14516,Phoenix Rising,False,0
2026-07-31T12:30:19+00:00,Pantopia,11593,Serengeti Flyer,False,0
2026-07-31T12:30:19+00:00,Safari of Fun,1519,Air Grover,False,0
2026-07-31T12:30:19+00:00,Safari of Fun,1514,Big Bird's Whirly Birdie,False,0
2026-07-31T12:30:19+00:00,Safari of Fun,1513,Elmo's Safari Go-Round,False,0
2026-07-31T12:30:19+00:00,Safari of Fun,1516,Snuffy's Elephant Romp,False,0
2026-07-31T12:30:19+00:00,Safari of Fun,1524,The Count's Zambezi Rally,False,0
2026-07-31T12:30:19+00:00,Safari of Fun,1528,Zoe-Patra's Hippos of the Nile,False,0
2026-07-31T12:30:19+00:00,Stanleyville,1532,Serengeti Express (Stanleyville Station),False,0
2026-07-31T12:30:19+00:00,Stanleyville,6329,SheiKra,False,0
2026-07-31T12:30:19+00:00,Stanleyville,7310,Tigris,False,0
2026-07-31T12:35:18+00:00,Congo,1510,Congo River Rapids,False,0
2026-07-31T12:35:18+00:00,Congo,6333,Kumba,False,0
2026-07-31T12:35:18+00:00,Congo,10532,Ubanga-Banga Bumper Cars,False,0
2026-07-31T12:35:18+00:00,Crown Colony Plaza,6336,Cheetah Hunt,False,0
2026-07-31T12:35:18+00:00,Egypt,6335,Cobra's Curse,False,0
2026-07-31T12:35:18+00:00,Egypt,6334,Montu,False,0
2026-07-31T12:35:18+00:00,Egypt,12538,Skyride (Egypt Station),False,0
2026-07-31T12:35:18+00:00,Jungala,12539,Skyride (Jungala Station),False,0
2026-07-31T12:35:18+00:00,Morocco,1521,Gwazi Gliders,False,0
2026-07-31T12:35:18+00:00,Morocco,10516,Iron Gwazi,False,0
2026-07-31T12:35:18+00:00,Nairobi,1530,Serengeti Express (Nairobi Station),False,0
2026-07-31T12:35:18+00:00,Pantopia,6331,Falcon's Fury,False,0
2026-07-31T12:35:18+00:00,Pantopia,10529,Grand Caravan Carousel,False,0
2026-07-31T12:35:18+00:00,Pantopia,14516,Phoenix Rising,False,0
2026-07-31T12:35:18+00:00,Pantopia,11593,Serengeti Flyer,False,0
2026-07-31T12:35:18+00:00,Safari of Fun,1519,Air Grover,False,0
2026-07-31T12:35:18+00:00,Safari of Fun,1514,Big Bird's Whirly Birdie,False,0
2026-07-31T12:35:18+00:00,Safari of Fun,1513,Elmo's Safari Go-Round,False,0
2026-07-31T12:35:18+00:00,Safari of Fun,1516,Snuffy's Elephant Romp,False,0
2026-07-31T12:35:18+00:00,Safari of Fun,1524,The Count's Zambezi Rally,False,0
2026-07-31T12:35:18+00:00,Safari of Fun,1528,Zoe-Patra's Hippos of the Nile,False,0
2026-07-31T12:35:18+00:00,Stanleyville,1532,Serengeti Express (Stanleyville Station),False,0
2026-07-31T12:35:18+00:00,Stanleyville,6329,SheiKra,False,0
2026-07-31T12:35:18+00:00,Stanleyville,7310,Tigris,False,0
2026-07-31T12:40:14+00:00,Congo,1510,Congo River Rapids,False,0
2026-07-31T12:40:14+00:00,Congo,6333,Kumba,False,0
2026-07-31T12:40:14+00:00,Congo,10532,Ubanga-Banga Bumper Cars,False,0
2026-07-31T12:40:14+00:00,Crown Colony Plaza,6336,Cheetah Hunt,False,0
2026-07-31T12:40:14+00:00,Egypt,6335,Cobra's Curse,False,0
2026-07-31T12:40:14+00:00,Egypt,6334,Montu,False,0
2026-07-31T12:40:14+00:00,Egypt,12538,Skyride (Egypt Station),False,0
2026-07-31T12:40:14+00:00,Jungala,12539,Skyride (Jungala Station),False,0
2026-07-31T12:40:14+00:00,Morocco,1521,Gwazi Gliders,False,0
2026-07-31T12:40:14+00:00,Morocco,10516,Iron Gwazi,False,0
2026-07-31T12:40:14+00:00,Nairobi,1530,Serengeti Express (Nairobi Station),False,0
2026-07-31T12:40:14+00:00,Pantopia,6331,Falcon's Fury,False,0
2026-07-31T12:40:14+00:00,Pantopia,10529,Grand Caravan Carousel,False,0
2026-07-31T12:40:14+00:00,Pantopia,14516,Phoenix Rising,False,0
2026-07-31T12:40:14+00:00,Pantopia,11593,Serengeti Flyer,False,0
2026-07-31T12:40:14+00:00,Safari of Fun,1519,Air Grover,False,0
2026-07-31T12:40:14+00:00,Safari of Fun,1514,Big Bird's Whirly Birdie,False,0
2026-07-31T12:40:14+00:00,Safari of Fun,1513,Elmo's Safari Go-Round,False,0
2026-07-31T12:40:14+00:00,Safari of Fun,1516,Snuffy's Elephant Romp,False,0
2026-07-31T12:40:14+00:00,Safari of Fun,1524,The Count's Zambezi Rally,False,0
2026-07-31T12:40:14+00:00,Safari of Fun,1528,Zoe-Patra's Hippos of the Nile,False,0
2026-07-31T12:40:14+00:00,Stanleyville,1532,Serengeti Express (Stanleyville Station),False,0
2026-07-31T12:40:14+00:00,Stanleyville,6329,SheiKra,False,0
2026-07-31T12:40:14+00:00,Stanleyville,7310,Tigris,False,0
2026-07-31T12:45:14+00:00,Congo,1510,Congo River Rapids,False,0
2026-07-31T12:45:14+00:00,Congo,6333,Kumba,False,0
2026-07-31T12:45:14+00:00,Congo,10532,Ubanga-Banga Bumper Cars,False,0
2026-07-31T12:45:14+00:00,Crown Colony Plaza,6336,Cheetah Hunt,False,0
2026-07-31T12:45:14+00:00,Egypt,6335,Cobra's Curse,False,0
2026-07-31T12:45:14+00:00,Egypt,6334,Montu,False,0
2026-07-31T12:45:14+00:00,Egypt,12538,Skyride (Egypt Station),False,0
2026-07-31T12:45:14+00:00,Jungala,12539,Skyride (Jungala Station),False,0
2026-07-31T12:45:14+00:00,Morocco,1521,Gwazi Gliders,False,0
2026-07-31T12:45:14+00:00,Morocco,10516,Iron Gwazi,False,0
2026-07-31T12:45:14+00:00,Nairobi,1530,Serengeti Express (Nairobi Station),False,0
2026-07-31T12:45:14+00:00,Pantopia,6331,Falcon's Fury,False,0
2026-07-31T12:45:14+00:00,Pantopia,10529,Grand Caravan Carousel,False,0
2026-07-31T12:45:14+00:00,Pantopia,14516,Phoenix Rising,False,0
2026-07-31T12:45:14+00:00,Pantopia,11593,Serengeti Flyer,False,0
2026-07-31T12:45:14+00:00,Safari of Fun,1519,Air Grover,False,0
2026-07-31T12:45:14+00:00,Safari of Fun,1514,Big Bird's Whirly Birdie,False,0
2026-07-31T12:45:14+00:00,Safari of Fun,1513,Elmo's Safari Go-Round,False,0
2026-07-31T12:45:14+00:00,Safari of Fun,1516,Snuffy's Elephant Romp,False,0
2026-07-31T12:45:14+00:00,Safari of Fun,1524,The Count's Zambezi Rally,False,0
2026-07-31T12:45:14+00:00,Safari of Fun,1528,Zoe-Patra's Hippos of the Nile,False,0
2026-07-31T12:45:14+00:00,Stanleyville,1532,Serengeti Express (Stanleyville Station),False,0
2026-07-31T12:45:14+00:00,Stanleyville,6329,SheiKra,False,0
2026-07-31T12:45:14+00:00,Stanleyville,7310,Tigris,False,0
2026-07-31T12:50:19+00:00,Congo,1510,Congo River Rapids,False,0
2026-07-31T12:50:19+00:00,Congo,6333,Kumba,False,0
2026-07-31T12:50:19+00:00,Congo,10532,Ubanga-Banga Bumper Cars,False,0
2026-07-31T12:50:19+00:00,Crown Colony Plaza,6336,Cheetah Hunt,False,0
2026-07-31T12:50:19+00:00,Egypt,6335,Cobra's Curse,False,0
2026-07-31T12:50:19+00:00,Egypt,6334,Montu,False,0
2026-07-31T12:50:19+00:00,Egypt,12538,Skyride (Egypt Station),False,0
2026-07-31T12:50:19+00:00,Jungala,12539,Skyride (Jungala Station),False,0
2026-07-31T12:50:19+00:00,Morocco,1521,Gwazi Gliders,False,0
2026-07-31T12:50:19+00:00,Morocco,10516,Iron Gwazi,False,0
2026-07-31T12:50:19+00:00,Nairobi,1530,Serengeti Express (Nairobi Station),False,0
2026-07-31T12:50:19+00:00,Pantopia,6331,Falcon's Fury,False,0
2026-07-31T12:50:19+00:00,Pantopia,10529,Grand Caravan Carousel,False,0
2026-07-31T12:50:19+00:00,Pantopia,14516,Phoenix Rising,False,0
2026-07-31T12:50:19+00:00,Pantopia,11593,Serengeti Flyer,False,0
2026-07-31T12:50:19+00:00,Safari of Fun,1519,Air Grover,False,0
2026-07-31T12:50:19+00:00,Safari of Fun,1514,Big Bird's Whirly Birdie,False,0
2026-07-31T12:50:19+00:00,Safari of Fun,1513,Elmo's Safari Go-Round,False,0
2026-07-31T12:50:19+00:00,Safari of Fun,1516,Snuffy's Elephant Romp,False,0
2026-07-31T12:50:19+00:00,Safari of Fun,1524,The Count's Zambezi Rally,False,0
2026-07-31T12:50:19+00:00,Safari of Fun,1528,Zoe-Patra's Hippos of the Nile,False,0
2026-07-31T12:50:19+00:00,Stanleyville,1532,Serengeti Express (Stanleyville Station),False,0
2026-07-31T12:50:19+00:00,Stanleyville,6329,SheiKra,False,0
2026-07-31T12:50:19+00:00,Stanleyville,7310,Tigris,False,0
2026-07-31T12:55:12+00:00,Congo,1510,Congo River Rapids,False,0
2026-07-31T12:55:12+00:00,Congo,6333,Kumba,False,0
2026-07-31T12:55:12+00:00,Congo,10532,Ubanga-Banga Bumper Cars,False,0
2026-07-31T12:55:12+00:00,Crown Colony Plaza,6336,Cheetah Hunt,False,0
2026-07-31T12:55:12+00:00,Egypt,6335,Cobra's Curse,False,0
2026-07-31T12:55:12+00:00,Egypt,6334,Montu,False,0
2026-07-31T12:55:12+00:00,Egypt,12538,Skyride (Egypt Station),False,0
2026-07-31T12:55:12+00:00,Jungala,12539,Skyride (Jungala Station),False,0
2026-07-31T12:55:12+00:00,Morocco,1521,Gwazi Gliders,False,0
2026-07-31T12:55:12+00:00,Morocco,10516,Iron Gwazi,False,0
2026-07-31T12:55:12+00:00,Nairobi,1530,Serengeti Express (Nairobi Station),False,0
2026-07-31T12:55:12+00:00,Pantopia,6331,Falcon's Fury,False,0
2026-07-31T12:55:12+00:00,Pantopia,10529,Grand Caravan Carousel,False,0
2026-07-31T12:55:12+00:00,Pantopia,14516,Phoenix Rising,False,0
2026-07-31T12:55:12+00:00,Pantopia,11593,Serengeti Flyer,False,0
2026-07-31T12:55:12+00:00,Safari of Fun,1519,Air Grover,False,0
2026-07-31T12:55:12+00:00,Safari of Fun,1514,Big Bird's Whirly Birdie,False,0
2026-07-31T12:55:12+00:00,Safari of Fun,1513,Elmo's Safari Go-Round,False,0
2026-07-31T12:55:12+00:00,Safari of Fun,1516,Snuffy's Elephant Romp,False,0
2026-07-31T12:55:12+00:00,Safari of Fun,1524,The Count's Zambezi Rally,False,0
2026-07-31T12:55:12+00:00,Safari of Fun,1528,Zoe-Patra's Hippos of the Nile,False,0
2026-07-31T12:55:12+00:00,Stanleyville,1532,Serengeti Express (Stanleyville Station),False,0
2026-07-31T12:55:12+00:00,Stanleyville,6329,SheiKra,False,0
2026-07-31T12:55:12+00:00,Stanleyville,7310,Tigris,False,0
2026-07-31T13:00:18+00:00,Congo,1510,Congo River Rapids,False,0
2026-07-31T13:00:18+00:00,Congo,6333,Kumba,False,0
2026-07-31T13:00:18+00:00,Congo,10532,Ubanga-Banga Bumper Cars,False,0
2026-07-31T13:00:18+00:00,Crown Colony Plaza,6336,Cheetah Hunt,False,0
2026-07-31T13:00:18+00:00,Egypt,6335,Cobra's Curse,False,0
2026-07-31T13:00:18+00:00,Egypt,6334,Montu,False,0
2026-07-31T13:00:18+00:00,Egypt,12538,Skyride (Egypt Station),False,0
2026-07-31T13:00:18+00:00,Jungala,12539,Skyride (Jungala Station),False,0
2026-07-31T13:00:18+00:00,Morocco,1521,Gwazi Gliders,False,0
2026-07-31T13:00:18+00:00,Morocco,10516,Iron Gwazi,False,0
2026-07-31T13:00:18+00:00,Nairobi,1530,Serengeti Express (Nairobi Station),False,0
2026-07-31T13:00:18+00:00,Pantopia,6331,Falcon's Fury,False,0
2026-07-31T13:00:18+00:00,Pantopia,10529,Grand Caravan Carousel,False,0
2026-07-31T13:00:18+00:00,Pantopia,14516,Phoenix Rising,False,0
2026-07-31T13:00:18+00:00,Pantopia,11593,Serengeti Flyer,False,0
2026-07-31T13:00:18+00:00,Safari of Fun,1519,Air Grover,False,0
2026-07-31T13:00:18+00:00,Safari of Fun,1514,Big Bird's Whirly Birdie,False,0
2026-07-31T13:00:18+00:00,Safari of Fun,1513,Elmo's Safari Go-Round,False,0
2026-07-31T13:00:18+00:00,Safari of Fun,1516,Snuffy's Elephant Romp,False,0
2026-07-31T13:00:18+00:00,Safari of Fun,1524,The Count's Zambezi Rally,False,0
2026-07-31T13:00:18+00:00,Safari of Fun,1528,Zoe-Patra's Hippos of the Nile,False,0
2026-07-31T13:00:18+00:00,Stanleyville,1532,Serengeti Express (Stanleyville Station),False,0
2026-07-31T13:00:18+00:00,Stanleyville,6329,SheiKra,False,0
2026-07-31T13:00:18+00:00,Stanleyville,7310,Tigris,False,0
2026-07-31T13:03:19+00:00,Congo,1510,Congo River Rapids,True,0
2026-07-31T13:03:19+00:00,Congo,6333,Kumba,False,0
2026-07-31T13:03:19+00:00,Congo,10532,Ubanga-Banga Bumper Cars,False,0
2026-07-31T13:03:19+00:00,Crown Colony Plaza,6336,Cheetah Hunt,False,0
2026-07-31T13:03:19+00:00,Egypt,6335,Cobra's Curse,False,0
2026-07-31T13:03:19+00:00,Egypt,6334,Montu,False,0
2026-07-31T13:03:19+00:00,Egypt,12538,Skyride (Egypt Station),False,0
2026-07-31T13:03:19+00:00,Jungala,12539,Skyride (Jungala Station),False,0
2026-07-31T13:03:19+00:00,Morocco,1521,Gwazi Gliders,False,0
2026-07-31T13:03:19+00:00,Morocco,10516,Iron Gwazi,False,0
2026-07-31T13:03:19+00:00,Nairobi,1530,Serengeti Express (Nairobi Station),False,0
2026-07-31T13:03:19+00:00,Pantopia,6331,Falcon's Fury,False,0
2026-07-31T13:03:19+00:00,Pantopia,10529,Grand Caravan Carousel,False,0
2026-07-31T13:03:19+00:00,Pantopia,14516,Phoenix Rising,False,0
2026-07-31T13:03:19+00:00,Pantopia,11593,Serengeti Flyer,False,0
2026-07-31T13:03:19+00:00,Safari of Fun,1519,Air Grover,True,0
2026-07-31T13:03:19+00:00,Safari of Fun,1514,Big Bird's Whirly Birdie,False,0
2026-07-31T13:03:19+00:00,Safari of Fun,1513,Elmo's Safari Go-Round,False,0
2026-07-31T13:03:19+00:00,Safari of Fun,1516,Snuffy's Elephant Romp,False,0
2026-07-31T13:03:19+00:00,Safari of Fun,1524,The Count's Zambezi Rally,False,0
2026-07-31T13:03:19+00:00,Safari of Fun,1528,Zoe-Patra's Hippos of the Nile,False,0
2026-07-31T13:03:19+00:00,Stanleyville,1532,Serengeti Express (Stanleyville Station),False,0
2026-07-31T13:03:19+00:00,Stanleyville,6329,SheiKra,False,0
2026-07-31T13:03:19+00:00,Stanleyville,7310,Tigris,False,0
2026-07-31T13:05:12+00:00,Congo,1510,Congo River Rapids,True,0
2026-07-31T13:05:12+00:00,Congo,6333,Kumba,False,0
2026-07-31T13:05:12+00:00,Congo,10532,Ubanga-Banga Bumper Cars,False,0
2026-07-31T13:05:12+00:00,Crown Colony Plaza,6336,Cheetah Hunt,False,0
2026-07-31T13:05:12+00:00,Egypt,6335,Cobra's Curse,False,0
2026-07-31T13:05:12+00:00,Egypt,6334,Montu,False,0
2026-07-31T13:05:12+00:00,Egypt,12538,Skyride (Egypt Station),False,0
2026-07-31T13:05:12+00:00,Jungala,12539,Skyride (Jungala Station),False,0
2026-07-31T13:05:12+00:00,Morocco,1521,Gwazi Gliders,False,0
2026-07-31T13:05:12+00:00,Morocco,10516,Iron Gwazi,False,0
2026-07-31T13:05:12+00:00,Nairobi,1530,Serengeti Express (Nairobi Station),False,0
2026-07-31T13:05:12+00:00,Pantopia,6331,Falcon's Fury,False,0
2026-07-31T13:05:12+00:00,Pantopia,10529,Grand Caravan Carousel,False,0
2026-07-31T13:05:12+00:00,Pantopia,14516,Phoenix Rising,False,0
2026-07-31T13:05:12+00:00,Pantopia,11593,Serengeti Flyer,False,0
2026-07-31T13:05:12+00:00,Safari of Fun,1519,Air Grover,True,0
2026-07-31T13:05:12+00:00,Safari of Fun,1514,Big Bird's Whirly Birdie,False,0
2026-07-31T13:05:12+00:00,Safari of Fun,1513,Elmo's Safari Go-Round,False,0
2026-07-31T13:05:12+00:00,Safari of Fun,1516,Snuffy's Elephant Romp,False,0
2026-07-31T13:05:12+00:00,Safari of Fun,1524,The Count's Zambezi Rally,False,0
2026-07-31T13:05:12+00:00,Safari of Fun,1528,Zoe-Patra's Hippos of the Nile,False,0
2026-07-31T13:05:12+00:00,Stanleyville,1532,Serengeti Express (Stanleyville Station),False,0
2026-07-31T13:05:12+00:00,Stanleyville,6329,SheiKra,False,0
2026-07-31T13:05:12+00:00,Stanleyville,7310,Tigris,False,0
2026-07-31T13:10:15+00:00,Congo,1510,Congo River Rapids,True,0
2026-07-31T13:10:15+00:00,Congo,6333,Kumba,False,0
2026-07-31T13:10:15+00:00,Congo,10532,Ubanga-Banga Bumper Cars,False,0
2026-07-31T13:10:15+00:00,Crown Colony Plaza,6336,Cheetah Hunt,False,0
2026-07-31T13:10:15+00:00,Egypt,6335,Cobra's Curse,False,0
2026-07-31T13:10:15+00:00,Egypt,6334,Montu,False,0
2026-07-31T13:10:15+00:00,Egypt,12538,Skyride (Egypt Station),False,0
2026-07-31T13:10:15+00:00,Jungala,12539,Skyride (Jungala Station),False,0
2026-07-31T13:10:15+00:00,Morocco,1521,Gwazi Gliders,False,0
2026-07-31T13:10:15+00:00,Morocco,10516,Iron Gwazi,True,0
2026-07-31T13:10:15+00:00,Nairobi,1530,Serengeti Express (Nairobi Station),False,0
2026-07-31T13:10:15+00:00,Pantopia,6331,Falcon's Fury,True,0
2026-07-31T13:10:15+00:00,Pantopia,10529,Grand Caravan Carousel,False,0
2026-07-31T13:10:15+00:00,Pantopia,14516,Phoenix Rising,True,0
2026-07-31T13:10:15+00:00,Pantopia,11593,Serengeti Flyer,True,0
2026-07-31T13:10:15+00:00,Safari of Fun,1519,Air Grover,True,0
2026-07-31T13:10:15+00:00,Safari of Fun,1514,Big Bird's Whirly Birdie,False,0
2026-07-31T13:10:15+00:00,Safari of Fun,1513,Elmo's Safari Go-Round,False,0
2026-07-31T13:10:15+00:00,Safari of Fun,1516,Snuffy's Elephant Romp,False,0
2026-07-31T13:10:15+00:00,Safari of Fun,1524,The Count's Zambezi Rally,False,0
2026-07-31T13:10:15+00:00,Safari of Fun,1528,Zoe-Patra's Hippos of the Nile,False,0
2026-07-31T13:10:15+00:00,Stanleyville,1532,Serengeti Express (Stanleyville Station),False,0
2026-07-31T13:10:15+00:00,Stanleyville,6329,SheiKra,True,0
2026-07-31T13:10:15+00:00,Stanleyville,7310,Tigris,True,0
2026-07-31T13:15:14+00:00,Congo,1510,Congo River Rapids,True,0
2026-07-31T13:15:14+00:00,Congo,6333,Kumba,False,0
2026-07-31T13:15:14+00:00,Congo,10532,Ubanga-Banga Bumper Cars,False,0
2026-07-31T13:15:14+00:00,Crown Colony Plaza,6336,Cheetah Hunt,False,0
2026-07-31T13:15:14+00:00,Egypt,6335,Cobra's Curse,False,0
2026-07-31T13:15:14+00:00,Egypt,6334,Montu,False,0
2026-07-31T13:15:14+00:00,Egypt,12538,Skyride (Egypt Station),False,0
2026-07-31T13:15:14+00:00,Jungala,12539,Skyride (Jungala Station),False,0
2026-07-31T13:15:14+00:00,Morocco,1521,Gwazi Gliders,False,0
2026-07-31T13:15:14+00:00,Morocco,10516,Iron Gwazi,True,0
2026-07-31T13:15:14+00:00,Nairobi,1530,Serengeti Express (Nairobi Station),False,0
2026-07-31T13:15:14+00:00,Pantopia,6331,Falcon's Fury,True,0
2026-07-31T13:15:14+00:00,Pantopia,10529,Grand Caravan Carousel,False,0
2026-07-31T13:15:14+00:00,Pantopia,14516,Phoenix Rising,True,0
2026-07-31T13:15:14+00:00,Pantopia,11593,Serengeti Flyer,True,0
2026-07-31T13:15:14+00:00,Safari of Fun,1519,Air Grover,True,0
2026-07-31T13:15:14+00:00,Safari of Fun,1514,Big Bird's Whirly Birdie,False,0
2026-07-31T13:15:14+00:00,Safari of Fun,1513,Elmo's Safari Go-Round,False,0
2026-07-31T13:15:14+00:00,Safari of Fun,1516,Snuffy's Elephant Romp,False,0
2026-07-31T13:15:14+00:00,Safari of Fun,1524,The Count's Zambezi Rally,False,0
2026-07-31T13:15:14+00:00,Safari of Fun,1528,Zoe-Patra's Hippos of the Nile,False,0
2026-07-31T13:15:14+00:00,Stanleyville,1532,Serengeti Express (Stanleyville Station),False,0
2026-07-31T13:15:14+00:00,Stanleyville,6329,SheiKra,True,0
2026-07-31T13:15:14+00:00,Stanleyville,7310,Tigris,True,0
2026-07-31T13:20:15+00:00,Congo,1510,Congo River Rapids,True,0
2026-07-31T13:20:15+00:00,Congo,6333,Kumba,False,0
2026-07-31T13:20:15+00:00,Congo,10532,Ubanga-Banga Bumper Cars,False,0
2026-07-31T13:20:15+00:00,Crown Colony Plaza,6336,Cheetah Hunt,False,0
2026-07-31T13:20:15+00:00,Egypt,6335,Cobra's Curse,False,0
2026-07-31T13:20:15+00:00,Egypt,6334,Montu,False,0
2026-07-31T13:20:15+00:00,Egypt,12538,Skyride (Egypt Station),False,0
2026-07-31T13:20:15+00:00,Jungala,12539,Skyride (Jungala Station),False,0
2026-07-31T13:20:15+00:00,Morocco,1521,Gwazi Gliders,False,0
2026-07-31T13:20:15+00:00,Morocco,10516,Iron Gwazi,True,0
2026-07-31T13:20:15+00:00,Nairobi,1530,Serengeti Express (Nairobi Station),False,0
2026-07-31T13:20:15+00:00,Pantopia,6331,Falcon's Fury,True,0
2026-07-31T13:20:15+00:00,Pantopia,10529,Grand Caravan Carousel,False,0
2026-07-31T13:20:15+00:00,Pantopia,14516,Phoenix Rising,True,0
2026-07-31T13:20:15+00:00,Pantopia,11593,Serengeti Flyer,True,0
2026-07-31T13:20:15+00:00,Safari of Fun,1519,Air Grover,True,0
2026-07-31T13:20:15+00:00,Safari of Fun,1514,Big Bird's Whirly Birdie,False,0
2026-07-31T13:20:15+00:00,Safari of Fun,1513,Elmo's Safari Go-Round,False,0
2026-07-31T13:20:15+00:00,Safari of Fun,1516,Snuffy's Elephant Romp,False,0
2026-07-31T13:20:15+00:00,Safari of Fun,1524,The Count's Zambezi Rally,False,0
2026-07-31T13:20:15+00:00,Safari of Fun,1528,Zoe-Patra's Hippos of the Nile,False,0
2026-07-31T13:20:15+00:00,Stanleyville,1532,Serengeti Express (Stanleyville Station),False,0
2026-07-31T13:20:15+00:00,Stanleyville,6329,SheiKra,True,0
2026-07-31T13:20:15+00:00,Stanleyville,7310,Tigris,True,0
2026-07-31T13:25:11+00:00,Congo,1510,Congo River Rapids,True,0
2026-07-31T13:25:11+00:00,Congo,6333,Kumba,False,0
2026-07-31T13:25:11+00:00,Congo,10532,Ubanga-Banga Bumper Cars,False,0
2026-07-31T13:25:11+00:00,Crown Colony Plaza,6336,Cheetah Hunt,False,0
2026-07-31T13:25:11+00:00,Egypt,6335,Cobra's Curse,False,0
2026-07-31T13:25:11+00:00,Egypt,6334,Montu,False,0
2026-07-31T13:25:11+00:00,Egypt,12538,Skyride (Egypt Station),False,0
2026-07-31T13:25:11+00:00,Jungala,12539,Skyride (Jungala Station),False,0
2026-07-31T13:25:11+00:00,Morocco,1521,Gwazi Gliders,False,0
2026-07-31T13:25:11+00:00,Morocco,10516,Iron Gwazi,True,0
2026-07-31T13:25:11+00:00,Nairobi,1530,Serengeti Express (Nairobi Station),False,0
2026-07-31T13:25:11+00:00,Pantopia,6331,Falcon's Fury,True,0
2026-07-31T13:25:11+00:00,Pantopia,10529,Grand Caravan Carousel,False,0
2026-07-31T13:25:11+00:00,Pantopia,14516,Phoenix Rising,True,0
2026-07-31T13:25:11+00:00,Pantopia,11593,Serengeti Flyer,True,0
2026-07-31T13:25:11+00:00,Safari of Fun,1519,Air Grover,True,0
2026-07-31T13:25:11+00:00,Safari of Fun,1514,Big Bird's Whirly Birdie,False,0
2026-07-31T13:25:11+00:00,Safari of Fun,1513,Elmo's Safari Go-Round,False,0
2026-07-31T13:25:11+00:00,Safari of Fun,1516,Snuffy's Elephant Romp,False,0
2026-07-31T13:25:11+00:00,Safari of Fun,1524,The Count's Zambezi Rally,False,0
2026-07-31T13:25:11+00:00,Safari of Fun,1528,Zoe-Patra's Hippos of the Nile,False,0
2026-07-31T13:25:11+00:00,Stanleyville,1532,Serengeti Express (Stanleyville Station),False,0
2026-07-31T13:25:11+00:00,Stanleyville,6329,SheiKra,True,0
2026-07-31T13:25:11+00:00,Stanleyville,7310,Tigris,True,0
2026-07-31T13:30:22+00:00,Congo,1510,Congo River Rapids,True,0
2026-07-31T13:30:22+00:00,Congo,6333,Kumba,False,0
2026-07-31T13:30:22+00:00,Congo,10532,Ubanga-Banga Bumper Cars,False,0
2026-07-31T13:30:22+00:00,Crown Colony Plaza,6336,Cheetah Hunt,False,0
2026-07-31T13:30:22+00:00,Egypt,6335,Cobra's Curse,False,0
2026-07-31T13:30:22+00:00,Egypt,6334,Montu,False,0
2026-07-31T13:30:22+00:00,Egypt,12538,Skyride (Egypt Station),False,0
2026-07-31T13:30:22+00:00,Jungala,12539,Skyride (Jungala Station),False,0
2026-07-31T13:30:22+00:00,Morocco,1521,Gwazi Gliders,False,0
2026-07-31T13:30:22+00:00,Morocco,10516,Iron Gwazi,True,0
2026-07-31T13:30:22+00:00,Nairobi,1530,Serengeti Express (Nairobi Station),False,0
2026-07-31T13:30:22+00:00,Pantopia,6331,Falcon's Fury,True,0
2026-07-31T13:30:22+00:00,Pantopia,10529,Grand Caravan Carousel,False,0
2026-07-31T13:30:22+00:00,Pantopia,14516,Phoenix Rising,True,0
2026-07-31T13:30:22+00:00,Pantopia,11593,Serengeti Flyer,True,0
2026-07-31T13:30:22+00:00,Safari of Fun,1519,Air Grover,True,0
2026-07-31T13:30:22+00:00,Safari of Fun,1514,Big Bird's Whirly Birdie,False,0
2026-07-31T13:30:22+00:00,Safari of Fun,1513,Elmo's Safari Go-Round,False,0
2026-07-31T13:30:22+00:00,Safari of Fun,1516,Snuffy's Elephant Romp,False,0
2026-07-31T13:30:22+00:00,Safari of Fun,1524,The Count's Zambezi Rally,False,0
2026-07-31T13:30:22+00:00,Safari of Fun,1528,Zoe-Patra's Hippos of the Nile,False,0
2026-07-31T13:30:22+00:00,Stanleyville,1532,Serengeti Express (Stanleyville Station),False,0
2026-07-31T13:30:22+00:00,Stanleyville,6329,SheiKra,True,0
2026-07-31T13:30:22+00:00,Stanleyville,7310,Tigris,True,0
2026-07-31T13:35:18+00:00,Congo,1510,Congo River Rapids,True,0
2026-07-31T13:35:18+00:00,Congo,6333,Kumba,False,0
2026-07-31T13:35:18+00:00,Congo,10532,Ubanga-Banga Bumper Cars,False,0
2026-07-31T13:35:18+00:00,Crown Colony Plaza,6336,Cheetah Hunt,False,0
2026-07-31T13:35:18+00:00,Egypt,6335,Cobra's Curse,False,0
2026-07-31T13:35:18+00:00,Egypt,6334,Montu,False,0
2026-07-31T13:35:18+00:00,Egypt,12538,Skyride (Egypt Station),False,0
2026-07-31T13:35:18+00:00,Jungala,12539,Skyride (Jungala Station),False,0
2026-07-31T13:35:18+00:00,Morocco,1521,Gwazi Gliders,False,0
2026-07-31T13:35:18+00:00,Morocco,10516,Iron Gwazi,True,0
2026-07-31T13:35:18+00:00,Nairobi,1530,Serengeti Express (Nairobi Station),False,0
2026-07-31T13:35:18+00:00,Pantopia,6331,Falcon's Fury,True,0
2026-07-31T13:35:18+00:00,Pantopia,10529,Grand Caravan Carousel,False,0
2026-07-31T13:35:18+00:00,Pantopia,14516,Phoenix Rising,True,0
2026-07-31T13:35:18+00:00,Pantopia,11593,Serengeti Flyer,True,0
2026-07-31T13:35:18+00:00,Safari of Fun,1519,Air Grover,True,0
2026-07-31T13:35:18+00:00,Safari of Fun,1514,Big Bird's Whirly Birdie,False,0
2026-07-31T13:35:18+00:00,Safari of Fun,1513,Elmo's Safari Go-Round,False,0
2026-07-31T13:35:18+00:00,Safari of Fun,1516,Snuffy's Elephant Romp,False,0
2026-07-31T13:35:18+00:00,Safari of Fun,1524,The Count's Zambezi Rally,False,0
2026-07-31T13:35:18+00:00,Safari of Fun,1528,Zoe-Patra's Hippos of the Nile,False,0
2026-07-31T13:35:18+00:00,Stanleyville,1532,Serengeti Express (Stanleyville Station),False,0
2026-07-31T13:35:18+00:00,Stanleyville,6329,SheiKra,True,0
2026-07-31T13:35:18+00:00,Stanleyville,7310,Tigris,True,0
2026-07-31T13:40:15+00:00,Congo,1510,Congo River Rapids,True,0
2026-07-31T13:40:15+00:00,Congo,6333,Kumba,False,0
2026-07-31T13:40:15+00:00,Congo,10532,Ubanga-Banga Bumper Cars,False,0
2026-07-31T13:40:15+00:00,Crown Colony Plaza,6336,Cheetah Hunt,False,0
2026-07-31T13:40:15+00:00,Egypt,6335,Cobra's Curse,False,0
2026-07-31T13:40:15+00:00,Egypt,6334,Montu,False,0
2026-07-31T13:40:15+00:00,Egypt,12538,Skyride (Egypt Station),False,0
2026-07-31T13:40:15+00:00,Jungala,12539,Skyride (Jungala Station),False,0
2026-07-31T13:40:15+00:00,Morocco,1521,Gwazi Gliders,False,0
2026-07-31T13:40:15+00:00,Morocco,10516,Iron Gwazi,True,0
2026-07-31T13:40:15+00:00,Nairobi,1530,Serengeti Express (Nairobi Station),False,0
2026-07-31T13:40:15+00:00,Pantopia,6331,Falcon's Fury,True,0
2026-07-31T13:40:15+00:00,Pantopia,10529,Grand Caravan Carousel,False,0
2026-07-31T13:40:15+00:00,Pantopia,14516,Phoenix Rising,True,0
2026-07-31T13:40:15+00:00,Pantopia,11593,Serengeti Flyer,True,0
2026-07-31T13:40:15+00:00,Safari of Fun,1519,Air Grover,True,0
2026-07-31T13:40:15+00:00,Safari of Fun,1514,Big Bird's Whirly Birdie,False,0
2026-07-31T13:40:15+00:00,Safari of Fun,1513,Elmo's Safari Go-Round,False,0
2026-07-31T13:40:15+00:00,Safari of Fun,1516,Snuffy's Elephant Romp,False,0
2026-07-31T13:40:15+00:00,Safari of Fun,1524,The Count's Zambezi Rally,False,0
2026-07-31T13:40:15+00:00,Safari of Fun,1528,Zoe-Patra's Hippos of the Nile,False,0
2026-07-31T13:40:15+00:00,Stanleyville,1532,Serengeti Express (Stanleyville Station),False,0
2026-07-31T13:40:15+00:00,Stanleyville,6329,SheiKra,True,0
2026-07-31T13:40:15+00:00,Stanleyville,7310,Tigris,True,0
2026-07-31T13:45:20+00:00,Congo,1510,Congo River Rapids,True,0
2026-07-31T13:45:20+00:00,Congo,6333,Kumba,False,0
2026-07-31T13:45:20+00:00,Congo,10532,Ubanga-Banga Bumper Cars,False,0
2026-07-31T13:45:20+00:00,Crown Colony Plaza,6336,Cheetah Hunt,False,0
2026-07-31T13:45:20+00:00,Egypt,6335,Cobra's Curse,False,0
2026-07-31T13:45:20+00:00,Egypt,6334,Montu,False,0
2026-07-31T13:45:20+00:00,Egypt,12538,Skyride (Egypt Station),False,0
2026-07-31T13:45:20+00:00,Jungala,12539,Skyride (Jungala Station),False,0
2026-07-31T13:45:20+00:00,Morocco,1521,Gwazi Gliders,False,0
2026-07-31T13:45:20+00:00,Morocco,10516,Iron Gwazi,True,0
2026-07-31T13:45:20+00:00,Nairobi,1530,Serengeti Express (Nairobi Station),False,0
2026-07-31T13:45:20+00:00,Pantopia,6331,Falcon's Fury,True,0
2026-07-31T13:45:20+00:00,Pantopia,10529,Grand Caravan Carousel,False,0
2026-07-31T13:45:20+00:00,Pantopia,14516,Phoenix Rising,True,0
2026-07-31T13:45:20+00:00,Pantopia,11593,Serengeti Flyer,True,0
2026-07-31T13:45:20+00:00,Safari of Fun,1519,Air Grover,True,0
2026-07-31T13:45:20+00:00,Safari of Fun,1514,Big Bird's Whirly Birdie,False,0
2026-07-31T13:45:20+00:00,Safari of Fun,1513,Elmo's Safari Go-Round,False,0
2026-07-31T13:45:20+00:00,Safari of Fun,1516,Snuffy's Elephant Romp,False,0
2026-07-31T13:45:20+00:00,Safari of Fun,1524,The Count's Zambezi Rally,False,0
2026-07-31T13:45:20+00:00,Safari of Fun,1528,Zoe-Patra's Hippos of the Nile,False,0
2026-07-31T13:45:20+00:00,Stanleyville,1532,Serengeti Express (Stanleyville Station),False,0
2026-07-31T13:45:20+00:00,Stanleyville,6329,SheiKra,True,0
2026-07-31T13:45:20+00:00,Stanleyville,7310,Tigris,True,0
2026-07-31T13:50:19+00:00,Congo,1510,Congo River Rapids,True,0
2026-07-31T13:50:19+00:00,Congo,6333,Kumba,False,0
2026-07-31T13:50:19+00:00,Congo,10532,Ubanga-Banga Bumper Cars,False,0
2026-07-31T13:50:19+00:00,Crown Colony Plaza,6336,Cheetah Hunt,False,0
2026-07-31T13:50:19+00:00,Egypt,6335,Cobra's Curse,False,0
2026-07-31T13:50:19+00:00,Egypt,6334,Montu,False,0
2026-07-31T13:50:19+00:00,Egypt,12538,Skyride (Egypt Station),False,0
2026-07-31T13:50:19+00:00,Jungala,12539,Skyride (Jungala Station),False,0
2026-07-31T13:50:19+00:00,Morocco,1521,Gwazi Gliders,False,0
2026-07-31T13:50:19+00:00,Morocco,10516,Iron Gwazi,True,0
2026-07-31T13:50:19+00:00,Nairobi,1530,Serengeti Express (Nairobi Station),False,0
2026-07-31T13:50:19+00:00,Pantopia,6331,Falcon's Fury,True,0
2026-07-31T13:50:19+00:00,Pantopia,10529,Grand Caravan Carousel,False,0
2026-07-31T13:50:19+00:00,Pantopia,14516,Phoenix Rising,True,0
2026-07-31T13:50:19+00:00,Pantopia,11593,Serengeti Flyer,True,0
2026-07-31T13:50:19+00:00,Safari of Fun,1519,Air Grover,True,0
2026-07-31T13:50:19+00:00,Safari of Fun,1514,Big Bird's Whirly Birdie,False,0
2026-07-31T13:50:19+00:00,Safari of Fun,1513,Elmo's Safari Go-Round,False,0
2026-07-31T13:50:19+00:00,Safari of Fun,1516,Snuffy's Elephant Romp,False,0
2026-07-31T13:50:19+00:00,Safari of Fun,1524,The Count's Zambezi Rally,False,0
2026-07-31T13:50:19+00:00,Safari of Fun,1528,Zoe-Patra's Hippos of the Nile,False,0
2026-07-31T13:50:19+00:00,Stanleyville,1532,Serengeti Express (Stanleyville Station),False,0
2026-07-31T13:50:19+00:00,Stanleyville,6329,SheiKra,True,0
2026-07-31T13:50:19+00:00,Stanleyville,7310,Tigris,True,0
2026-07-31T13:55:13+00:00,Congo,1510,Congo River Rapids,True,0
2026-07-31T13:55:13+00:00,Congo,6333,Kumba,False,0
2026-07-31T13:55:13+00:00,Congo,10532,Ubanga-Banga Bumper Cars,False,0
2026-07-31T13:55:13+00:00,Crown Colony Plaza,6336,Cheetah Hunt,False,0
2026-07-31T13:55:13+00:00,Egypt,6335,Cobra's Curse,False,0
2026-07-31T13:55:13+00:00,Egypt,6334,Montu,False,0
2026-07-31T13:55:13+00:00,Egypt,12538,Skyride (Egypt Station),False,0
2026-07-31T13:55:13+00:00,Jungala,12539,Skyride (Jungala Station),False,0
2026-07-31T13:55:13+00:00,Morocco,1521,Gwazi Gliders,False,0
2026-07-31T13:55:13+00:00,Morocco,10516,Iron Gwazi,True,0
2026-07-31T13:55:13+00:00,Nairobi,1530,Serengeti Express (Nairobi Station),False,0
2026-07-31T13:55:13+00:00,Pantopia,6331,Falcon's Fury,True,0
2026-07-31T13:55:13+00:00,Pantopia,10529,Grand Caravan Carousel,False,0
2026-07-31T13:55:13+00:00,Pantopia,14516,Phoenix Rising,True,0
2026-07-31T13:55:13+00:00,Pantopia,11593,Serengeti Flyer,True,0
2026-07-31T13:55:13+00:00,Safari of Fun,1519,Air Grover,True,0
2026-07-31T13:55:13+00:00,Safari of Fun,1514,Big Bird's Whirly Birdie,False,0
2026-07-31T13:55:13+00:00,Safari of Fun,1513,Elmo's Safari Go-Round,False,0
2026-07-31T13:55:13+00:00,Safari of Fun,1516,Snuffy's Elephant Romp,False,0
2026-07-31T13:55:13+00:00,Safari of Fun,1524,The Count's Zambezi Rally,False,0
2026-07-31T13:55:13+00:00,Safari of Fun,1528,Zoe-Patra's Hippos of the Nile,False,0
2026-07-31T13:55:13+00:00,Stanleyville,1532,Serengeti Express (Stanleyville Station),False,0
2026-07-31T13:55:13+00:00,Stanleyville,6329,SheiKra,True,0
2026-07-31T13:55:13+00:00,Stanleyville,7310,Tigris,True,0
2026-07-31T14:00:23+00:00,Congo,1510,Congo River Rapids,True,0
2026-07-31T14:00:23+00:00,Congo,6333,Kumba,False,0
2026-07-31T14:00:23+00:00,Congo,10532,Ubanga-Banga Bumper Cars,False,0
2026-07-31T14:00:23+00:00,Crown Colony Plaza,6336,Cheetah Hunt,False,0
2026-07-31T14:00:23+00:00,Egypt,6335,Cobra's Curse,False,0
2026-07-31T14:00:23+00:00,Egypt,6334,Montu,False,0
2026-07-31T14:00:23+00:00,Egypt,12538,Skyride (Egypt Station),False,0
2026-07-31T14:00:23+00:00,Jungala,12539,Skyride (Jungala Station),False,0
2026-07-31T14:00:23+00:00,Morocco,1521,Gwazi Gliders,False,0
2026-07-31T14:00:23+00:00,Morocco,10516,Iron Gwazi,True,0
2026-07-31T14:00:23+00:00,Nairobi,1530,Serengeti Express (Nairobi Station),False,0
2026-07-31T14:00:23+00:00,Pantopia,6331,Falcon's Fury,True,0
2026-07-31T14:00:23+00:00,Pantopia,10529,Grand Caravan Carousel,False,0
2026-07-31T14:00:23+00:00,Pantopia,14516,Phoenix Rising,True,0
2026-07-31T14:00:23+00:00,Pantopia,11593,Serengeti Flyer,True,0
2026-07-31T14:00:23+00:00,Safari of Fun,1519,Air Grover,True,0
2026-07-31T14:00:23+00:00,Safari of Fun,1514,Big Bird's Whirly Birdie,False,0
2026-07-31T14:00:23+00:00,Safari of Fun,1513,Elmo's Safari Go-Round,False,0
2026-07-31T14:00:23+00:00,Safari of Fun,1516,Snuffy's Elephant Romp,False,0
2026-07-31T14:00:23+00:00,Safari of Fun,1524,The Count's Zambezi Rally,False,0
2026-07-31T14:00:23+00:00,Safari of Fun,1528,Zoe-Patra's Hippos of the Nile,False,0
2026-07-31T14:00:23+00:00,Stanleyville,1532,Serengeti Express (Stanleyville Station),False,0
2026-07-31T14:00:23+00:00,Stanleyville,6329,SheiKra,True,0
2026-07-31T14:00:23+00:00,Stanleyville,7310,Tigris,True,0
2026-07-31T14:05:20+00:00,Congo,1510,Congo River Rapids,True,0
2026-07-31T14:05:20+00:00,Congo,6333,Kumba,False,0
2026-07-31T14:05:20+00:00,Congo,10532,Ubanga-Banga Bumper Cars,False,0
2026-07-31T14:05:20+00:00,Crown Colony Plaza,6336,Cheetah Hunt,False,0
2026-07-31T14:05:20+00:00,Egypt,6335,Cobra's Curse,False,0
2026-07-31T14:05:20+00:00,Egypt,6334,Montu,False,0
2026-07-31T14:05:20+00:00,Egypt,12538,Skyride (Egypt Station),False,0
2026-07-31T14:05:20+00:00,Jungala,12539,Skyride (Jungala Station),False,0
2026-07-31T14:05:20+00:00,Morocco,1521,Gwazi Gliders,False,0
2026-07-31T14:05:20+00:00,Morocco,10516,Iron Gwazi,True,0
2026-07-31T14:05:20+00:00,Nairobi,1530,Serengeti Express (Nairobi Station),False,0
2026-07-31T14:05:20+00:00,Pantopia,6331,Falcon's Fury,True,0
2026-07-31T14:05:20+00:00,Pantopia,10529,Grand Caravan Carousel,False,0
2026-07-31T14:05:20+00:00,Pantopia,14516,Phoenix Rising,True,0
2026-07-31T14:05:20+00:00,Pantopia,11593,Serengeti Flyer,True,0
2026-07-31T14:05:20+00:00,Safari of Fun,1519,Air Grover,True,0
2026-07-31T14:05:20+00:00,Safari of Fun,1514,Big Bird's Whirly Birdie,False,0
2026-07-31T14:05:20+00:00,Safari of Fun,1513,Elmo's Safari Go-Round,False,0
2026-07-31T14:05:20+00:00,Safari of Fun,1516,Snuffy's Elephant Romp,False,0
2026-07-31T14:05:20+00:00,Safari of Fun,1524,The Count's Zambezi Rally,False,0
2026-07-31T14:05:20+00:00,Safari of Fun,1528,Zoe-Patra's Hippos of the Nile,False,0
2026-07-31T14:05:20+00:00,Stanleyville,1532,Serengeti Express (Stanleyville Station),False,0
2026-07-31T14:05:20+00:00,Stanleyville,6329,SheiKra,True,0
2026-07-31T14:05:20+00:00,Stanleyville,7310,Tigris,True,0
2026-07-31T14:10:21+00:00,Congo,1510,Congo River Rapids,True,0
2026-07-31T14:10:21+00:00,Congo,6333,Kumba,False,0
2026-07-31T14:10:21+00:00,Congo,10532,Ubanga-Banga Bumper Cars,False,0
2026-07-31T14:10:21+00:00,Crown Colony Plaza,6336,Cheetah Hunt,False,0
2026-07-31T14:10:21+00:00,Egypt,6335,Cobra's Curse,False,0
2026-07-31T14:10:21+00:00,Egypt,6334,Montu,False,0
2026-07-31T14:10:21+00:00,Egypt,12538,Skyride (Egypt Station),False,0
2026-07-31T14:10:21+00:00,Jungala,12539,Skyride (Jungala Station),False,0
2026-07-31T14:10:21+00:00,Morocco,1521,Gwazi Gliders,False,0
2026-07-31T14:10:21+00:00,Morocco,10516,Iron Gwazi,True,0
2026-07-31T14:10:21+00:00,Nairobi,1530,Serengeti Express (Nairobi Station),False,0
2026-07-31T14:10:21+00:00,Pantopia,6331,Falcon's Fury,True,0
2026-07-31T14:10:21+00:00,Pantopia,10529,Grand Caravan Carousel,False,0
2026-07-31T14:10:21+00:00,Pantopia,14516,Phoenix Rising,True,0
2026-07-31T14:10:21+00:00,Pantopia,11593,Serengeti Flyer,True,0
2026-07-31T14:10:21+00:00,Safari of Fun,1519,Air Grover,True,0
2026-07-31T14:10:21+00:00,Safari of Fun,1514,Big Bird's Whirly Birdie,False,0
2026-07-31T14:10:21+00:00,Safari of Fun,1513,Elmo's Safari Go-Round,False,0
2026-07-31T14:10:21+00:00,Safari of Fun,1516,Snuffy's Elephant Romp,False,0
2026-07-31T14:10:21+00:00,Safari of Fun,1524,The Count's Zambezi Rally,False,0
2026-07-31T14:10:21+00:00,Safari of Fun,1528,Zoe-Patra's Hippos of the Nile,False,0
2026-07-31T14:10:21+00:00,Stanleyville,1532,Serengeti Express (Stanleyville Station),False,0
2026-07-31T14:10:21+00:00,Stanleyville,6329,SheiKra,True,0
2026-07-31T14:10:21+00:00,Stanleyville,7310,Tigris,True,0
2026-07-31T14:15:14+00:00,Congo,1510,Congo River Rapids,True,0
2026-07-31T14:15:14+00:00,Congo,6333,Kumba,False,0
2026-07-31T14:15:14+00:00,Congo,10532,Ubanga-Banga Bumper Cars,False,0
2026-07-31T14:15:14+00:00,Crown Colony Plaza,6336,Cheetah Hunt,False,0
2026-07-31T14:15:14+00:00,Egypt,6335,Cobra's Curse,False,0
2026-07-31T14:15:14+00:00,Egypt,6334,Montu,False,0
2026-07-31T14:15:14+00:00,Egypt,12538,Skyride (Egypt Station),False,0
2026-07-31T14:15:14+00:00,Jungala,12539,Skyride (Jungala Station),False,0
2026-07-31T14:15:14+00:00,Morocco,1521,Gwazi Gliders,False,0
2026-07-31T14:15:14+00:00,Morocco,10516,Iron Gwazi,True,0
2026-07-31T14:15:14+00:00,Nairobi,1530,Serengeti Express (Nairobi Station),False,0
2026-07-31T14:15:14+00:00,Pantopia,6331,Falcon's Fury,True,0
2026-07-31T14:15:14+00:00,Pantopia,10529,Grand Caravan Carousel,False,0
2026-07-31T14:15:14+00:00,Pantopia,14516,Phoenix Rising,True,0
2026-07-31T14:15:14+00:00,Pantopia,11593,Serengeti Flyer,True,0
2026-07-31T14:15:14+00:00,Safari of Fun,1519,Air Grover,True,0
2026-07-31T14:15:14+00:00,Safari of Fun,1514,Big Bird's Whirly Birdie,False,0
2026-07-31T14:15:14+00:00,Safari of Fun,1513,Elmo's Safari Go-Round,False,0
2026-07-31T14:15:14+00:00,Safari of Fun,1516,Snuffy's Elephant Romp,False,0
2026-07-31T14:15:14+00:00,Safari of Fun,1524,The Count's Zambezi Rally,False,0
2026-07-31T14:15:14+00:00,Safari of Fun,1528,Zoe-Patra's Hippos of the Nile,False,0
2026-07-31T14:15:14+00:00,Stanleyville,1532,Serengeti Express (Stanleyville Station),False,0
2026-07-31T14:15:14+00:00,Stanleyville,6329,SheiKra,True,0
2026-07-31T14:15:14+00:00,Stanleyville,7310,Tigris,True,0
2026-07-31T14:20:15+00:00,Congo,1510,Congo River Rapids,True,0
2026-07-31T14:20:15+00:00,Congo,6333,Kumba,False,0
2026-07-31T14:20:15+00:00,Congo,10532,Ubanga-Banga Bumper Cars,False,0
2026-07-31T14:20:15+00:00,Crown Colony Plaza,6336,Cheetah Hunt,False,0
2026-07-31T14:20:15+00:00,Egypt,6335,Cobra's Curse,False,0
2026-07-31T14:20:15+00:00,Egypt,6334,Montu,False,0
2026-07-31T14:20:15+00:00,Egypt,12538,Skyride (Egypt Station),False,0
2026-07-31T14:20:15+00:00,Jungala,12539,Skyride (Jungala Station),False,0
2026-07-31T14:20:15+00:00,Morocco,1521,Gwazi Gliders,False,0
2026-07-31T14:20:15+00:00,Morocco,10516,Iron Gwazi,True,0
2026-07-31T14:20:15+00:00,Nairobi,1530,Serengeti Express (Nairobi Station),False,0
2026-07-31T14:20:15+00:00,Pantopia,6331,Falcon's Fury,True,0
2026-07-31T14:20:15+00:00,Pantopia,10529,Grand Caravan Carousel,False,0
2026-07-31T14:20:15+00:00,Pantopia,14516,Phoenix Rising,True,0
2026-07-31T14:20:15+00:00,Pantopia,11593,Serengeti Flyer,True,0
2026-07-31T14:20:15+00:00,Safari of Fun,1519,Air Grover,True,0
2026-07-31T14:20:15+00:00,Safari of Fun,1514,Big Bird's Whirly Birdie,False,0
2026-07-31T14:20:15+00:00,Safari of Fun,1513,Elmo's Safari Go-Round,False,0
2026-07-31T14:20:15+00:00,Safari of Fun,1516,Snuffy's Elephant Romp,False,0
2026-07-31T14:20:15+00:00,Safari of Fun,1524,The Count's Zambezi Rally,False,0
2026-07-31T14:20:15+00:00,Safari of Fun,1528,Zoe-Patra's Hippos of the Nile,False,0
2026-07-31T14:20:15+00:00,Stanleyville,1532,Serengeti Express (Stanleyville Station),False,0
2026-07-31T14:20:15+00:00,Stanleyville,6329,SheiKra,True,0
2026-07-31T14:20:15+00:00,Stanleyville,7310,Tigris,True,0
2026-07-31T14:25:18+00:00,Congo,1510,Congo River Rapids,True,0
2026-07-31T14:25:18+00:00,Congo,6333,Kumba,False,0
2026-07-31T14:25:18+00:00,Congo,10532,Ubanga-Banga Bumper Cars,False,0
2026-07-31T14:25:18+00:00,Crown Colony Plaza,6336,Cheetah Hunt,False,0
2026-07-31T14:25:18+00:00,Egypt,6335,Cobra's Curse,False,0
2026-07-31T14:25:18+00:00,Egypt,6334,Montu,False,0
2026-07-31T14:25:18+00:00,Egypt,12538,Skyride (Egypt Station),False,0
2026-07-31T14:25:18+00:00,Jungala,12539,Skyride (Jungala Station),False,0
2026-07-31T14:25:18+00:00,Morocco,1521,Gwazi Gliders,False,0
2026-07-31T14:25:18+00:00,Morocco,10516,Iron Gwazi,True,0
2026-07-31T14:25:18+00:00,Nairobi,1530,Serengeti Express (Nairobi Station),False,0
2026-07-31T14:25:18+00:00,Pantopia,6331,Falcon's Fury,True,0
2026-07-31T14:25:18+00:00,Pantopia,10529,Grand Caravan Carousel,False,0
2026-07-31T14:25:18+00:00,Pantopia,14516,Phoenix Rising,True,0
2026-07-31T14:25:18+00:00,Pantopia,11593,Serengeti Flyer,True,0
2026-07-31T14:25:18+00:00,Safari of Fun,1519,Air Grover,True,0
2026-07-31T14:25:18+00:00,Safari of Fun,1514,Big Bird's Whirly Birdie,False,0
2026-07-31T14:25:18+00:00,Safari of Fun,1513,Elmo's Safari Go-Round,False,0
2026-07-31T14:25:18+00:00,Safari of Fun,1516,Snuffy's Elephant Romp,False,0
2026-07-31T14:25:18+00:00,Safari of Fun,1524,The Count's Zambezi Rally,False,0
2026-07-31T14:25:18+00:00,Safari of Fun,1528,Zoe-Patra's Hippos of the Nile,False,0
2026-07-31T14:25:18+00:00,Stanleyville,1532,Serengeti Express (Stanleyville Station),False,0
2026-07-31T14:25:18+00:00,Stanleyville,6329,SheiKra,True,0
2026-07-31T14:25:18+00:00,Stanleyville,7310,Tigris,True,0
2026-07-31T14:30:26+00:00,Congo,1510,Congo River Rapids,True,0
2026-07-31T14:30:26+00:00,Congo,6333,Kumba,False,0
2026-07-31T14:30:26+00:00,Congo,10532,Ubanga-Banga Bumper Cars,False,0
2026-07-31T14:30:26+00:00,Crown Colony Plaza,6336,Cheetah Hunt,False,0
2026-07-31T14:30:26+00:00,Egypt,6335,Cobra's Curse,False,0
2026-07-31T14:30:26+00:00,Egypt,6334,Montu,False,0
2026-07-31T14:30:26+00:00,Egypt,12538,Skyride (Egypt Station),False,0
2026-07-31T14:30:26+00:00,Jungala,12539,Skyride (Jungala Station),False,0
2026-07-31T14:30:26+00:00,Morocco,1521,Gwazi Gliders,False,0
2026-07-31T14:30:26+00:00,Morocco,10516,Iron Gwazi,True,0
2026-07-31T14:30:26+00:00,Nairobi,1530,Serengeti Express (Nairobi Station),False,0
2026-07-31T14:30:26+00:00,Pantopia,6331,Falcon's Fury,True,0
2026-07-31T14:30:26+00:00,Pantopia,10529,Grand Caravan Carousel,False,0
2026-07-31T14:30:26+00:00,Pantopia,14516,Phoenix Rising,True,0
2026-07-31T14:30:26+00:00,Pantopia,11593,Serengeti Flyer,True,0
2026-07-31T14:30:26+00:00,Safari of Fun,1519,Air Grover,True,0
2026-07-31T14:30:26+00:00,Safari of Fun,1514,Big Bird's Whirly Birdie,False,0
2026-07-31T14:30:26+00:00,Safari of Fun,1513,Elmo's Safari Go-Round,False,0
2026-07-31T14:30:26+00:00,Safari of Fun,1516,Snuffy's Elephant Romp,False,0
2026-07-31T14:30:26+00:00,Safari of Fun,1524,The Count's Zambezi Rally,False,0
2026-07-31T14:30:26+00:00,Safari of Fun,1528,Zoe-Patra's Hippos of the Nile,False,0
2026-07-31T14:30:26+00:00,Stanleyville,1532,Serengeti Express (Stanleyville Station),False,0
2026-07-31T14:30:26+00:00,Stanleyville,6329,SheiKra,True,0
2026-07-31T14:30:26+00:00,Stanleyville,7310,Tigris,True,0
2026-07-31T14:35:17+00:00,Congo,1510,Congo River Rapids,True,0
2026-07-31T14:35:17+00:00,Congo,6333,Kumba,False,0
2026-07-31T14:35:17+00:00,Congo,10532,Ubanga-Banga Bumper Cars,False,0
2026-07-31T14:35:17+00:00,Crown Colony Plaza,6336,Cheetah Hunt,False,0
2026-07-31T14:35:17+00:00,Egypt,6335,Cobra's Curse,False,0
2026-07-31T14:35:17+00:00,Egypt,6334,Montu,False,0
2026-07-31T14:35:17+00:00,Egypt,12538,Skyride (Egypt Station),False,0
2026-07-31T14:35:17+00:00,Jungala,12539,Skyride (Jungala Station),False,0
2026-07-31T14:35:17+00:00,Morocco,1521,Gwazi Gliders,False,0
2026-07-31T14:35:17+00:00,Morocco,10516,Iron Gwazi,True,0
2026-07-31T14:35:17+00:00,Nairobi,1530,Serengeti Express (Nairobi Station),False,0
2026-07-31T14:35:17+00:00,Pantopia,6331,Falcon's Fury,True,0
2026-07-31T14:35:17+00:00,Pantopia,10529,Grand Caravan Carousel,False,0
2026-07-31T14:35:17+00:00,Pantopia,14516,Phoenix Rising,True,0
2026-07-31T14:35:17+00:00,Pantopia,11593,Serengeti Flyer,True,0
2026-07-31T14:35:17+00:00,Safari of Fun,1519,Air Grover,True,0
2026-07-31T14:35:17+00:00,Safari of Fun,1514,Big Bird's Whirly Birdie,False,0
2026-07-31T14:35:17+00:00,Safari of Fun,1513,Elmo's Safari Go-Round,False,0
2026-07-31T14:35:17+00:00,Safari of Fun,1516,Snuffy's Elephant Romp,False,0
2026-07-31T14:35:17+00:00,Safari of Fun,1524,The Count's Zambezi Rally,False,0
2026-07-31T14:35:17+00:00,Safari of Fun,1528,Zoe-Patra's Hippos of the Nile,False,0
2026-07-31T14:35:17+00:00,Stanleyville,1532,Serengeti Express (Stanleyville Station),False,0
2026-07-31T14:35:17+00:00,Stanleyville,6329,SheiKra,True,0
2026-07-31T14:35:17+00:00,Stanleyville,7310,Tigris,True,0
2026-07-31T14:40:15+00:00,Congo,1510,Congo River Rapids,True,0
2026-07-31T14:40:15+00:00,Congo,6333,Kumba,False,0
2026-07-31T14:40:15+00:00,Congo,10532,Ubanga-Banga Bumper Cars,False,0
2026-07-31T14:40:15+00:00,Crown Colony Plaza,6336,Cheetah Hunt,False,0
2026-07-31T14:40:15+00:00,Egypt,6335,Cobra's Curse,False,0
2026-07-31T14:40:15+00:00,Egypt,6334,Montu,False,0
2026-07-31T14:40:15+00:00,Egypt,12538,Skyride (Egypt Station),False,0
2026-07-31T14:40:15+00:00,Jungala,12539,Skyride (Jungala Station),False,0
2026-07-31T14:40:15+00:00,Morocco,1521,Gwazi Gliders,False,0
2026-07-31T14:40:15+00:00,Morocco,10516,Iron Gwazi,True,5
2026-07-31T14:40:15+00:00,Nairobi,1530,Serengeti Express (Nairobi Station),False,0
2026-07-31T14:40:15+00:00,Pantopia,6331,Falcon's Fury,True,0
2026-07-31T14:40:15+00:00,Pantopia,10529,Grand Caravan Carousel,False,0
2026-07-31T14:40:15+00:00,Pantopia,14516,Phoenix Rising,True,5
2026-07-31T14:40:15+00:00,Pantopia,11593,Serengeti Flyer,True,0
2026-07-31T14:40:15+00:00,Safari of Fun,1519,Air Grover,True,5
2026-07-31T14:40:15+00:00,Safari of Fun,1514,Big Bird's Whirly Birdie,False,0
2026-07-31T14:40:15+00:00,Safari of Fun,1513,Elmo's Safari Go-Round,False,0
2026-07-31T14:40:15+00:00,Safari of Fun,1516,Snuffy's Elephant Romp,False,0
2026-07-31T14:40:15+00:00,Safari of Fun,1524,The Count's Zambezi Rally,False,0
2026-07-31T14:40:15+00:00,Safari of Fun,1528,Zoe-Patra's Hippos of the Nile,False,0
2026-07-31T14:40:15+00:00,Stanleyville,1532,Serengeti Express (Stanleyville Station),False,0
2026-07-31T14:40:15+00:00,Stanleyville,6329,SheiKra,True,0
2026-07-31T14:40:15+00:00,Stanleyville,7310,Tigris,True,0
2026-07-31T14:45:19+00:00,Congo,1510,Congo River Rapids,True,0
2026-07-31T14:45:19+00:00,Congo,6333,Kumba,False,0
2026-07-31T14:45:19+00:00,Congo,10532,Ubanga-Banga Bumper Cars,False,0
2026-07-31T14:45:19+00:00,Crown Colony Plaza,6336,Cheetah Hunt,False,0
2026-07-31T14:45:19+00:00,Egypt,6335,Cobra's Curse,False,0
2026-07-31T14:45:19+00:00,Egypt,6334,Montu,False,0
2026-07-31T14:45:19+00:00,Egypt,12538,Skyride (Egypt Station),False,0
2026-07-31T14:45:19+00:00,Jungala,12539,Skyride (Jungala Station),False,0
2026-07-31T14:45:19+00:00,Morocco,1521,Gwazi Gliders,False,0
2026-07-31T14:45:19+00:00,Morocco,10516,Iron Gwazi,True,5
2026-07-31T14:45:19+00:00,Nairobi,1530,Serengeti Express (Nairobi Station),False,0
2026-07-31T14:45:19+00:00,Pantopia,6331,Falcon's Fury,True,0
2026-07-31T14:45:19+00:00,Pantopia,10529,Grand Caravan Carousel,False,0
2026-07-31T14:45:19+00:00,Pantopia,14516,Phoenix Rising,True,5
2026-07-31T14:45:19+00:00,Pantopia,11593,Serengeti Flyer,True,0
2026-07-31T14:45:19+00:00,Safari of Fun,1519,Air Grover,True,5
2026-07-31T14:45:19+00:00,Safari of Fun,1514,Big Bird's Whirly Birdie,False,0
2026-07-31T14:45:19+00:00,Safari of Fun,1513,Elmo's Safari Go-Round,False,0
2026-07-31T14:45:19+00:00,Safari of Fun,1516,Snuffy's Elephant Romp,False,0
2026-07-31T14:45:19+00:00,Safari of Fun,1524,The Count's Zambezi Rally,False,0
2026-07-31T14:45:19+00:00,Safari of Fun,1528,Zoe-Patra's Hippos of the Nile,False,0
2026-07-31T14:45:19+00:00,Stanleyville,1532,Serengeti Express (Stanleyville Station),False,0
2026-07-31T14:45:19+00:00,Stanleyville,6329,SheiKra,True,0
2026-07-31T14:45:19+00:00,Stanleyville,7310,Tigris,True,0
2026-07-31T14:50:15+00:00,Congo,1510,Congo River Rapids,True,0
2026-07-31T14:50:15+00:00,Congo,6333,Kumba,False,0
2026-07-31T14:50:15+00:00,Congo,10532,Ubanga-Banga Bumper Cars,False,0
2026-07-31T14:50:15+00:00,Crown Colony Plaza,6336,Cheetah Hunt,False,0
2026-07-31T14:50:15+00:00,Egypt,6335,Cobra's Curse,False,0
2026-07-31T14:50:15+00:00,Egypt,6334,Montu,False,0
2026-07-31T14:50:15+00:00,Egypt,12538,Skyride (Egypt Station),False,0
2026-07-31T14:50:15+00:00,Jungala,12539,Skyride (Jungala Station),False,0
2026-07-31T14:50:15+00:00,Morocco,1521,Gwazi Gliders,False,0
2026-07-31T14:50:15+00:00,Morocco,10516,Iron Gwazi,True,5
2026-07-31T14:50:15+00:00,Nairobi,1530,Serengeti Express (Nairobi Station),False,0
2026-07-31T14:50:15+00:00,Pantopia,6331,Falcon's Fury,True,0
2026-07-31T14:50:15+00:00,Pantopia,10529,Grand Caravan Carousel,False,0
2026-07-31T14:50:15+00:00,Pantopia,14516,Phoenix Rising,True,5
2026-07-31T14:50:15+00:00,Pantopia,11593,Serengeti Flyer,True,0
2026-07-31T14:50:15+00:00,Safari of Fun,1519,Air Grover,True,5
2026-07-31T14:50:15+00:00,Safari of Fun,1514,Big Bird's Whirly Birdie,False,0
2026-07-31T14:50:15+00:00,Safari of Fun,1513,Elmo's Safari Go-Round,False,0
2026-07-31T14:50:15+00:00,Safari of Fun,1516,Snuffy's Elephant Romp,False,0
2026-07-31T14:50:15+00:00,Safari of Fun,1524,The Count's Zambezi Rally,False,0
2026-07-31T14:50:15+00:00,Safari of Fun,1528,Zoe-Patra's Hippos of the Nile,False,0
2026-07-31T14:50:15+00:00,Stanleyville,1532,Serengeti Express (Stanleyville Station),False,0
2026-07-31T14:50:15+00:00,Stanleyville,6329,SheiKra,True,0
2026-07-31T14:50:15+00:00,Stanleyville,7310,Tigris,True,0
2026-07-31T14:55:14+00:00,Congo,1510,Congo River Rapids,True,0
2026-07-31T14:55:14+00:00,Congo,6333,Kumba,False,0
2026-07-31T14:55:14+00:00,Congo,10532,Ubanga-Banga Bumper Cars,False,0
2026-07-31T14:55:14+00:00,Crown Colony Plaza,6336,Cheetah Hunt,False,0
2026-07-31T14:55:14+00:00,Egypt,6335,Cobra's Curse,False,0
2026-07-31T14:55:14+00:00,Egypt,6334,Montu,False,0
2026-07-31T14:55:14+00:00,Egypt,12538,Skyride (Egypt Station),False,0
2026-07-31T14:55:14+00:00,Jungala,12539,Skyride (Jungala Station),False,0
2026-07-31T14:55:14+00:00,Morocco,1521,Gwazi Gliders,False,0
2026-07-31T14:55:14+00:00,Morocco,10516,Iron Gwazi,True,10
2026-07-31T14:55:14+00:00,Nairobi,1530,Serengeti Express (Nairobi Station),False,0
2026-07-31T14:55:14+00:00,Pantopia,6331,Falcon's Fury,True,0
2026-07-31T14:55:14+00:00,Pantopia,10529,Grand Caravan Carousel,False,0
2026-07-31T14:55:14+00:00,Pantopia,14516,Phoenix Rising,True,5
2026-07-31T14:55:14+00:00,Pantopia,11593,Serengeti Flyer,True,0
2026-07-31T14:55:14+00:00,Safari of Fun,1519,Air Grover,True,5
2026-07-31T14:55:14+00:00,Safari of Fun,1514,Big Bird's Whirly Birdie,False,0
2026-07-31T14:55:14+00:00,Safari of Fun,1513,Elmo's Safari Go-Round,False,0
2026-07-31T14:55:14+00:00,Safari of Fun,1516,Snuffy's Elephant Romp,False,0
2026-07-31T14:55:14+00:00,Safari of Fun,1524,The Count's Zambezi Rally,False,0
2026-07-31T14:55:14+00:00,Safari of Fun,1528,Zoe-Patra's Hippos of the Nile,False,0
2026-07-31T14:55:14+00:00,Stanleyville,1532,Serengeti Express (Stanleyville Station),False,0
2026-07-31T14:55:14+00:00,Stanleyville,6329,SheiKra,True,5
2026-07-31T14:55:14+00:00,Stanleyville,7310,Tigris,True,0
2026-07-31T15:00:17+00:00,Congo,1510,Congo River Rapids,True,0
2026-07-31T15:00:17+00:00,Congo,6333,Kumba,False,0
2026-07-31T15:00:17+00:00,Congo,10532,Ubanga-Banga Bumper Cars,False,0
2026-07-31T15:00:17+00:00,Crown Colony Plaza,6336,Cheetah Hunt,False,0
2026-07-31T15:00:17+00:00,Egypt,6335,Cobra's Curse,False,0
2026-07-31T15:00:17+00:00,Egypt,6334,Montu,False,0
2026-07-31T15:00:17+00:00,Egypt,12538,Skyride (Egypt Station),False,0
2026-07-31T15:00:17+00:00,Jungala,12539,Skyride (Jungala Station),False,0
2026-07-31T15:00:17+00:00,Morocco,1521,Gwazi Gliders,False,0
2026-07-31T15:00:17+00:00,Morocco,10516,Iron Gwazi,True,10
2026-07-31T15:00:17+00:00,Nairobi,1530,Serengeti Express (Nairobi Station),False,0
2026-07-31T15:00:17+00:00,Pantopia,6331,Falcon's Fury,True,0
2026-07-31T15:00:17+00:00,Pantopia,10529,Grand Caravan Carousel,False,0
2026-07-31T15:00:17+00:00,Pantopia,14516,Phoenix Rising,True,5
2026-07-31T15:00:17+00:00,Pantopia,11593,Serengeti Flyer,True,0
2026-07-31T15:00:17+00:00,Safari of Fun,1519,Air Grover,True,5
2026-07-31T15:00:17+00:00,Safari of Fun,1514,Big Bird's Whirly Birdie,False,0
2026-07-31T15:00:17+00:00,Safari of Fun,1513,Elmo's Safari Go-Round,False,0
2026-07-31T15:00:17+00:00,Safari of Fun,1516,Snuffy's Elephant Romp,False,0
2026-07-31T15:00:17+00:00,Safari of Fun,1524,The Count's Zambezi Rally,False,0
2026-07-31T15:00:17+00:00,Safari of Fun,1528,Zoe-Patra's Hippos of the Nile,False,0
2026-07-31T15:00:17+00:00,Stanleyville,1532,Serengeti Express (Stanleyville Station),False,0
2026-07-31T15:00:17+00:00,Stanleyville,6329,SheiKra,True,5
2026-07-31T15:00:17+00:00,Stanleyville,7310,Tigris,True,0
2026-07-31T15:05:20+00:00,Congo,1510,Congo River Rapids,True,0
2026-07-31T15:05:20+00:00,Congo,6333,Kumba,False,0
2026-07-31T15:05:20+00:00,Congo,10532,Ubanga-Banga Bumper Cars,False,0
2026-07-31T15:05:20+00:00,Crown Colony Plaza,6336,Cheetah Hunt,False,0
2026-07-31T15:05:20+00:00,Egypt,6335,Cobra's Curse,False,0
2026-07-31T15:05:20+00:00,Egypt,6334,Montu,False,0
2026-07-31T15:05:20+00:00,Egypt,12538,Skyride (Egypt Station),False,0
2026-07-31T15:05:20+00:00,Jungala,12539,Skyride (Jungala Station),False,0
2026-07-31T15:05:20+00:00,Morocco,1521,Gwazi Gliders,False,0
2026-07-31T15:05:20+00:00,Morocco,10516,Iron Gwazi,True,10
2026-07-31T15:05:20+00:00,Nairobi,1530,Serengeti Express (Nairobi Station),False,0
2026-07-31T15:05:20+00:00,Pantopia,6331,Falcon's Fury,True,0
2026-07-31T15:05:20+00:00,Pantopia,10529,Grand Caravan Carousel,False,0
2026-07-31T15:05:20+00:00,Pantopia,14516,Phoenix Rising,True,5
2026-07-31T15:05:20+00:00,Pantopia,11593,Serengeti Flyer,True,0
2026-07-31T15:05:20+00:00,Safari of Fun,1519,Air Grover,True,5
2026-07-31T15:05:20+00:00,Safari of Fun,1514,Big Bird's Whirly Birdie,False,0
2026-07-31T15:05:20+00:00,Safari of Fun,1513,Elmo's Safari Go-Round,False,0
2026-07-31T15:05:20+00:00,Safari of Fun,1516,Snuffy's Elephant Romp,False,0
2026-07-31T15:05:20+00:00,Safari of Fun,1524,The Count's Zambezi Rally,False,0
2026-07-31T15:05:20+00:00,Safari of Fun,1528,Zoe-Patra's Hippos of the Nile,False,0
2026-07-31T15:05:20+00:00,Stanleyville,1532,Serengeti Express (Stanleyville Station),False,0
2026-07-31T15:05:20+00:00,Stanleyville,6329,SheiKra,True,5
2026-07-31T15:05:20+00:00,Stanleyville,7310,Tigris,True,0
2026-07-31T15:10:14+00:00,Congo,1510,Congo River Rapids,True,0
2026-07-31T15:10:14+00:00,Congo,6333,Kumba,False,0
2026-07-31T15:10:14+00:00,Congo,10532,Ubanga-Banga Bumper Cars,False,0
2026-07-31T15:10:14+00:00,Crown Colony Plaza,6336,Cheetah Hunt,False,0
2026-07-31T15:10:14+00:00,Egypt,6335,Cobra's Curse,False,0
2026-07-31T15:10:14+00:00,Egypt,6334,Montu,False,0
2026-07-31T15:10:14+00:00,Egypt,12538,Skyride (Egypt Station),False,0
2026-07-31T15:10:14+00:00,Jungala,12539,Skyride (Jungala Station),False,0
2026-07-31T15:10:14+00:00,Morocco,1521,Gwazi Gliders,False,0
2026-07-31T15:10:14+00:00,Morocco,10516,Iron Gwazi,True,20
2026-07-31T15:10:14+00:00,Nairobi,1530,Serengeti Express (Nairobi Station),False,0
2026-07-31T15:10:14+00:00,Pantopia,6331,Falcon's Fury,True,0
2026-07-31T15:10:14+00:00,Pantopia,10529,Grand Caravan Carousel,False,0
2026-07-31T15:10:14+00:00,Pantopia,14516,Phoenix Rising,True,10
2026-07-31T15:10:14+00:00,Pantopia,11593,Serengeti Flyer,True,5
2026-07-31T15:10:14+00:00,Safari of Fun,1519,Air Grover,True,5
2026-07-31T15:10:14+00:00,Safari of Fun,1514,Big Bird's Whirly Birdie,False,0
2026-07-31T15:10:14+00:00,Safari of Fun,1513,Elmo's Safari Go-Round,False,0
2026-07-31T15:10:14+00:00,Safari of Fun,1516,Snuffy's Elephant Romp,False,0
2026-07-31T15:10:14+00:00,Safari of Fun,1524,The Count's Zambezi Rally,False,0
2026-07-31T15:10:14+00:00,Safari of Fun,1528,Zoe-Patra's Hippos of the Nile,False,0
2026-07-31T15:10:14+00:00,Stanleyville,1532,Serengeti Express (Stanleyville Station),False,0
2026-07-31T15:10:14+00:00,Stanleyville,6329,SheiKra,True,5
2026-07-31T15:10:14+00:00,Stanleyville,7310,Tigris,True,5
2026-07-31T15:15:16+00:00,Congo,1510,Congo River Rapids,True,0
2026-07-31T15:15:16+00:00,Congo,6333,Kumba,False,0
2026-07-31T15:15:16+00:00,Congo,10532,Ubanga-Banga Bumper Cars,False,0
2026-07-31T15:15:16+00:00,Crown Colony Plaza,6336,Cheetah Hunt,False,0
2026-07-31T15:15:16+00:00,Egypt,6335,Cobra's Curse,False,0
2026-07-31T15:15:16+00:00,Egypt,6334,Montu,False,0
2026-07-31T15:15:16+00:00,Egypt,12538,Skyride (Egypt Station),False,0
2026-07-31T15:15:16+00:00,Jungala,12539,Skyride (Jungala Station),False,0
2026-07-31T15:15:16+00:00,Morocco,1521,Gwazi Gliders,False,0
2026-07-31T15:15:16+00:00,Morocco,10516,Iron Gwazi,True,20
2026-07-31T15:15:16+00:00,Nairobi,1530,Serengeti Express (Nairobi Station),False,0
2026-07-31T15:15:16+00:00,Pantopia,6331,Falcon's Fury,False,0
2026-07-31T15:15:16+00:00,Pantopia,10529,Grand Caravan Carousel,False,0
2026-07-31T15:15:16+00:00,Pantopia,14516,Phoenix Rising,True,10
2026-07-31T15:15:16+00:00,Pantopia,11593,Serengeti Flyer,True,5
2026-07-31T15:15:16+00:00,Safari of Fun,1519,Air Grover,True,5
2026-07-31T15:15:16+00:00,Safari of Fun,1514,Big Bird's Whirly Birdie,False,0
2026-07-31T15:15:16+00:00,Safari of Fun,1513,Elmo's Safari Go-Round,False,0
2026-07-31T15:15:16+00:00,Safari of Fun,1516,Snuffy's Elephant Romp,False,0
2026-07-31T15:15:16+00:00,Safari of Fun,1524,The Count's Zambezi Rally,False,0
2026-07-31T15:15:16+00:00,Safari of Fun,1528,Zoe-Patra's Hippos of the Nile,False,0
2026-07-31T15:15:16+00:00,Stanleyville,1532,Serengeti Express (Stanleyville Station),False,0
2026-07-31T15:15:16+00:00,Stanleyville,6329,SheiKra,True,5
2026-07-31T15:15:16+00:00,Stanleyville,7310,Tigris,True,5
2026-07-31T15:20:14+00:00,Congo,1510,Congo River Rapids,True,0
2026-07-31T15:20:14+00:00,Congo,6333,Kumba,True,10
2026-07-31T15:20:14+00:00,Congo,10532,Ubanga-Banga Bumper Cars,False,0
2026-07-31T15:20:14+00:00,Crown Colony Plaza,6336,Cheetah Hunt,False,0
2026-07-31T15:20:14+00:00,Egypt,6335,Cobra's Curse,False,0
2026-07-31T15:20:14+00:00,Egypt,6334,Montu,True,25
2026-07-31T15:20:14+00:00,Egypt,12538,Skyride (Egypt Station),False,0
2026-07-31T15:20:14+00:00,Jungala,12539,Skyride (Jungala Station),False,0
2026-07-31T15:20:14+00:00,Morocco,1521,Gwazi Gliders,False,0
2026-07-31T15:20:14+00:00,Morocco,10516,Iron Gwazi,True,45
2026-07-31T15:20:14+00:00,Nairobi,1530,Serengeti Express (Nairobi Station),False,0
2026-07-31T15:20:14+00:00,Pantopia,6331,Falcon's Fury,False,0
2026-07-31T15:20:14+00:00,Pantopia,10529,Grand Caravan Carousel,False,0
2026-07-31T15:20:14+00:00,Pantopia,14516,Phoenix Rising,True,10
2026-07-31T15:20:14+00:00,Pantopia,11593,Serengeti Flyer,True,5
2026-07-31T15:20:14+00:00,Safari of Fun,1519,Air Grover,True,5
2026-07-31T15:20:14+00:00,Safari of Fun,1514,Big Bird's Whirly Birdie,False,0
2026-07-31T15:20:14+00:00,Safari of Fun,1513,Elmo's Safari Go-Round,False,0
2026-07-31T15:20:14+00:00,Safari of Fun,1516,Snuffy's Elephant Romp,False,0
2026-07-31T15:20:14+00:00,Safari of Fun,1524,The Count's Zambezi Rally,False,0
2026-07-31T15:20:14+00:00,Safari of Fun,1528,Zoe-Patra's Hippos of the Nile,False,0
2026-07-31T15:20:14+00:00,Stanleyville,1532,Serengeti Express (Stanleyville Station),False,0
2026-07-31T15:20:14+00:00,Stanleyville,6329,SheiKra,True,10
2026-07-31T15:20:14+00:00,Stanleyville,7310,Tigris,True,5
2026-07-31T15:25:18+00:00,Congo,1510,Congo River Rapids,True,0
2026-07-31T15:25:18+00:00,Congo,6333,Kumba,True,10
2026-07-31T15:25:18+00:00,Congo,10532,Ubanga-Banga Bumper Cars,False,0
2026-07-31T15:25:18+00:00,Crown Colony Plaza,6336,Cheetah Hunt,False,0
2026-07-31T15:25:18+00:00,Egypt,6335,Cobra's Curse,False,0
2026-07-31T15:25:18+00:00,Egypt,6334,Montu,True,25
2026-07-31T15:25:18+00:00,Egypt,12538,Skyride (Egypt Station),False,0
2026-07-31T15:25:18+00:00,Jungala,12539,Skyride (Jungala Station),False,0
2026-07-31T15:25:18+00:00,Morocco,1521,Gwazi Gliders,False,0
2026-07-31T15:25:18+00:00,Morocco,10516,Iron Gwazi,True,45
2026-07-31T15:25:18+00:00,Nairobi,1530,Serengeti Express (Nairobi Station),False,0
2026-07-31T15:25:18+00:00,Pantopia,6331,Falcon's Fury,False,0
2026-07-31T15:25:18+00:00,Pantopia,10529,Grand Caravan Carousel,False,0
2026-07-31T15:25:18+00:00,Pantopia,14516,Phoenix Rising,True,10
2026-07-31T15:25:18+00:00,Pantopia,11593,Serengeti Flyer,True,5
2026-07-31T15:25:18+00:00,Safari of Fun,1519,Air Grover,True,5
2026-07-31T15:25:18+00:00,Safari of Fun,1514,Big Bird's Whirly Birdie,False,0
2026-07-31T15:25:18+00:00,Safari of Fun,1513,Elmo's Safari Go-Round,False,0
2026-07-31T15:25:18+00:00,Safari of Fun,1516,Snuffy's Elephant Romp,False,0
2026-07-31T15:25:18+00:00,Safari of Fun,1524,The Count's Zambezi Rally,False,0
2026-07-31T15:25:18+00:00,Safari of Fun,1528,Zoe-Patra's Hippos of the Nile,False,0
2026-07-31T15:25:18+00:00,Stanleyville,1532,Serengeti Express (Stanleyville Station),False,0
2026-07-31T15:25:18+00:00,Stanleyville,6329,SheiKra,True,10
2026-07-31T15:25:18+00:00,Stanleyville,7310,Tigris,True,5
2026-07-31T15:26:40+00:00,Congo,1510,Congo River Rapids,True,0
2026-07-31T15:26:40+00:00,Congo,6333,Kumba,True,10
2026-07-31T15:26:40+00:00,Congo,10532,Ubanga-Banga Bumper Cars,False,0
2026-07-31T15:26:40+00:00,Crown Colony Plaza,6336,Cheetah Hunt,False,0
2026-07-31T15:26:40+00:00,Egypt,6335,Cobra's Curse,False,0
2026-07-31T15:26:40+00:00,Egypt,6334,Montu,True,25
2026-07-31T15:26:40+00:00,Egypt,12538,Skyride (Egypt Station),False,0
2026-07-31T15:26:40+00:00,Jungala,12539,Skyride (Jungala Station),False,0
2026-07-31T15:26:40+00:00,Morocco,1521,Gwazi Gliders,False,0
2026-07-31T15:26:40+00:00,Morocco,10516,Iron Gwazi,True,45
2026-07-31T15:26:40+00:00,Nairobi,1530,Serengeti Express (Nairobi Station),False,0
2026-07-31T15:26:40+00:00,Pantopia,6331,Falcon's Fury,False,0
2026-07-31T15:26:40+00:00,Pantopia,10529,Grand Caravan Carousel,False,0
2026-07-31T15:26:40+00:00,Pantopia,14516,Phoenix Rising,True,10
2026-07-31T15:26:40+00:00,Pantopia,11593,Serengeti Flyer,True,5
2026-07-31T15:26:40+00:00,Safari of Fun,1519,Air Grover,True,5
2026-07-31T15:26:40+00:00,Safari of Fun,1514,Big Bird's Whirly Birdie,False,0
2026-07-31T15:26:40+00:00,Safari of Fun,1513,Elmo's Safari Go-Round,False,0
2026-07-31T15:26:40+00:00,Safari of Fun,1516,Snuffy's Elephant Romp,False,0
2026-07-31T15:26:40+00:00,Safari of Fun,1524,The Count's Zambezi Rally,False,0
2026-07-31T15:26:40+00:00,Safari of Fun,1528,Zoe-Patra's Hippos of the Nile,False,0
2026-07-31T15:26:40+00:00,Stanleyville,1532,Serengeti Express (Stanleyville Station),False,0
2026-07-31T15:26:40+00:00,Stanleyville,6329,SheiKra,True,10
2026-07-31T15:26:40+00:00,Stanleyville,7310,Tigris,True,5
2026-07-31T15:30:17+00:00,Congo,1510,Congo River Rapids,True,0
2026-07-31T15:30:17+00:00,Congo,6333,Kumba,True,10
2026-07-31T15:30:17+00:00,Congo,10532,Ubanga-Banga Bumper Cars,False,0
2026-07-31T15:30:17+00:00,Crown Colony Plaza,6336,Cheetah Hunt,False,0
2026-07-31T15:30:17+00:00,Egypt,6335,Cobra's Curse,False,0
2026-07-31T15:30:17+00:00,Egypt,6334,Montu,True,25
2026-07-31T15:30:17+00:00,Egypt,12538,Skyride (Egypt Station),False,0
2026-07-31T15:30:17+00:00,Jungala,12539,Skyride (Jungala Station),False,0
2026-07-31T15:30:17+00:00,Morocco,1521,Gwazi Gliders,False,0
2026-07-31T15:30:17+00:00,Morocco,10516,Iron Gwazi,True,45
2026-07-31T15:30:17+00:00,Nairobi,1530,Serengeti Express (Nairobi Station),False,0
2026-07-31T15:30:17+00:00,Pantopia,6331,Falcon's Fury,False,0
2026-07-31T15:30:17+00:00,Pantopia,10529,Grand Caravan Carousel,False,0
2026-07-31T15:30:17+00:00,Pantopia,14516,Phoenix Rising,True,10
2026-07-31T15:30:17+00:00,Pantopia,11593,Serengeti Flyer,True,5
2026-07-31T15:30:17+00:00,Safari of Fun,1519,Air Grover,True,5
2026-07-31T15:30:17+00:00,Safari of Fun,1514,Big Bird's Whirly Birdie,False,0
2026-07-31T15:30:17+00:00,Safari of Fun,1513,Elmo's Safari Go-Round,False,0
2026-07-31T15:30:17+00:00,Safari of Fun,1516,Snuffy's Elephant Romp,False,0
2026-07-31T15:30:17+00:00,Safari of Fun,1524,The Count's Zambezi Rally,False,0
2026-07-31T15:30:17+00:00,Safari of Fun,1528,Zoe-Patra's Hippos of the Nile,False,0
2026-07-31T15:30:17+00:00,Stanleyville,1532,Serengeti Express (Stanleyville Station),False,0
2026-07-31T15:30:17+00:00,Stanleyville,6329,SheiKra,True,10
2026-07-31T15:30:17+00:00,Stanleyville,7310,Tigris,True,5
2026-07-31T15:35:12+00:00,Congo,1510,Congo River Rapids,True,0
2026-07-31T15:35:12+00:00,Congo,6333,Kumba,True,10
2026-07-31T15:35:12+00:00,Congo,10532,Ubanga-Banga Bumper Cars,False,0
2026-07-31T15:35:12+00:00,Crown Colony Plaza,6336,Cheetah Hunt,False,0
2026-07-31T15:35:12+00:00,Egypt,6335,Cobra's Curse,False,0
2026-07-31T15:35:12+00:00,Egypt,6334,Montu,True,90
2026-07-31T15:35:12+00:00,Egypt,12538,Skyride (Egypt Station),False,0
2026-07-31T15:35:12+00:00,Jungala,12539,Skyride (Jungala Station),False,0
2026-07-31T15:35:12+00:00,Morocco,1521,Gwazi Gliders,False,0
2026-07-31T15:35:12+00:00,Morocco,10516,Iron Gwazi,True,20
2026-07-31T15:35:12+00:00,Nairobi,1530,Serengeti Express (Nairobi Station),False,0
2026-07-31T15:35:12+00:00,Pantopia,6331,Falcon's Fury,False,0
2026-07-31T15:35:12+00:00,Pantopia,10529,Grand Caravan Carousel,False,0
2026-07-31T15:35:12+00:00,Pantopia,14516,Phoenix Rising,True,10
2026-07-31T15:35:12+00:00,Pantopia,11593,Serengeti Flyer,True,5
2026-07-31T15:35:12+00:00,Safari of Fun,1519,Air Grover,True,5
2026-07-31T15:35:12+00:00,Safari of Fun,1514,Big Bird's Whirly Birdie,False,0
2026-07-31T15:35:12+00:00,Safari of Fun,1513,Elmo's Safari Go-Round,False,0
2026-07-31T15:35:12+00:00,Safari of Fun,1516,Snuffy's Elephant Romp,False,0
2026-07-31T15:35:12+00:00,Safari of Fun,1524,The Count's Zambezi Rally,False,0
2026-07-31T15:35:12+00:00,Safari of Fun,1528,Zoe-Patra's Hippos of the Nile,False,0
2026-07-31T15:35:12+00:00,Stanleyville,1532,Serengeti Express (Stanleyville Station),False,0
2026-07-31T15:35:12+00:00,Stanleyville,6329,SheiKra,True,10
2026-07-31T15:35:12+00:00,Stanleyville,7310,Tigris,True,5
2026-07-31T15:40:19+00:00,Congo,1510,Congo River Rapids,True,0
2026-07-31T15:40:19+00:00,Congo,6333,Kumba,True,5
2026-07-31T15:40:19+00:00,Congo,10532,Ubanga-Banga Bumper Cars,False,0
2026-07-31T15:40:19+00:00,Crown Colony Plaza,6336,Cheetah Hunt,False,0
2026-07-31T15:40:19+00:00,Egypt,6335,Cobra's Curse,False,0
2026-07-31T15:40:19+00:00,Egypt,6334,Montu,True,90
2026-07-31T15:40:19+00:00,Egypt,12538,Skyride (Egypt Station),False,0
2026-07-31T15:40:19+00:00,Jungala,12539,Skyride (Jungala Station),False,0
2026-07-31T15:40:19+00:00,Morocco,1521,Gwazi Gliders,False,0
2026-07-31T15:40:19+00:00,Morocco,10516,Iron Gwazi,True,45
2026-07-31T15:40:19+00:00,Nairobi,1530,Serengeti Express (Nairobi Station),False,0
2026-07-31T15:40:19+00:00,Pantopia,6331,Falcon's Fury,False,0
2026-07-31T15:40:19+00:00,Pantopia,10529,Grand Caravan Carousel,False,0
2026-07-31T15:40:19+00:00,Pantopia,14516,Phoenix Rising,True,20
2026-07-31T15:40:19+00:00,Pantopia,11593,Serengeti Flyer,True,5
2026-07-31T15:40:19+00:00,Safari of Fun,1519,Air Grover,True,5
2026-07-31T15:40:19+00:00,Safari of Fun,1514,Big Bird's Whirly Birdie,False,0
2026-07-31T15:40:19+00:00,Safari of Fun,1513,Elmo's Safari Go-Round,False,0
2026-07-31T15:40:19+00:00,Safari of Fun,1516,Snuffy's Elephant Romp,False,0
2026-07-31T15:40:19+00:00,Safari of Fun,1524,The Count's Zambezi Rally,False,0
2026-07-31T15:40:19+00:00,Safari of Fun,1528,Zoe-Patra's Hippos of the Nile,False,0
2026-07-31T15:40:19+00:00,Stanleyville,1532,Serengeti Express (Stanleyville Station),False,0
2026-07-31T15:40:19+00:00,Stanleyville,6329,SheiKra,True,15
2026-07-31T15:40:19+00:00,Stanleyville,7310,Tigris,True,20
2026-07-31T15:45:15+00:00,Congo,1510,Congo River Rapids,True,0
2026-07-31T15:45:15+00:00,Congo,6333,Kumba,True,5
2026-07-31T15:45:15+00:00,Congo,10532,Ubanga-Banga Bumper Cars,False,0
2026-07-31T15:45:15+00:00,Crown Colony Plaza,6336,Cheetah Hunt,False,0
2026-07-31T15:45:15+00:00,Egypt,6335,Cobra's Curse,False,0
2026-07-31T15:45:15+00:00,Egypt,6334,Montu,True,90
2026-07-31T15:45:15+00:00,Egypt,12538,Skyride (Egypt Station),False,0
2026-07-31T15:45:15+00:00,Jungala,12539,Skyride (Jungala Station),False,0
2026-07-31T15:45:15+00:00,Morocco,1521,Gwazi Gliders,False,0
2026-07-31T15:45:15+00:00,Morocco,10516,Iron Gwazi,True,45
2026-07-31T15:45:15+00:00,Nairobi,1530,Serengeti Express (Nairobi Station),False,0
2026-07-31T15:45:15+00:00,Pantopia,6331,Falcon's Fury,False,0
2026-07-31T15:45:15+00:00,Pantopia,10529,Grand Caravan Carousel,False,0
2026-07-31T15:45:15+00:00,Pantopia,14516,Phoenix Rising,True,20
2026-07-31T15:45:15+00:00,Pantopia,11593,Serengeti Flyer,True,5
2026-07-31T15:45:15+00:00,Safari of Fun,1519,Air Grover,True,5
2026-07-31T15:45:15+00:00,Safari of Fun,1514,Big Bird's Whirly Birdie,False,0
2026-07-31T15:45:15+00:00,Safari of Fun,1513,Elmo's Safari Go-Round,False,0
2026-07-31T15:45:15+00:00,Safari of Fun,1516,Snuffy's Elephant Romp,False,0
2026-07-31T15:45:15+00:00,Safari of Fun,1524,The Count's Zambezi Rally,False,0
2026-07-31T15:45:15+00:00,Safari of Fun,1528,Zoe-Patra's Hippos of the Nile,False,0
2026-07-31T15:45:15+00:00,Stanleyville,1532,Serengeti Express (Stanleyville Station),False,0
2026-07-31T15:45:15+00:00,Stanleyville,6329,SheiKra,True,15
2026-07-31T15:45:15+00:00,Stanleyville,7310,Tigris,True,20
2026-07-31T15:50:14+00:00,Congo,1510,Congo River Rapids,True,0
2026-07-31T15:50:14+00:00,Congo,6333,Kumba,True,5
2026-07-31T15:50:14+00:00,Congo,10532,Ubanga-Banga Bumper Cars,False,0
2026-07-31T15:50:14+00:00,Crown Colony Plaza,6336,Cheetah Hunt,False,0
2026-07-31T15:50:14+00:00,Egypt,6335,Cobra's Curse,False,0
2026-07-31T15:50:14+00:00,Egypt,6334,Montu,True,90
2026-07-31T15:50:14+00:00,Egypt,12538,Skyride (Egypt Station),False,0
2026-07-31T15:50:14+00:00,Jungala,12539,Skyride (Jungala Station),False,0
2026-07-31T15:50:14+00:00,Morocco,1521,Gwazi Gliders,False,0
2026-07-31T15:50:14+00:00,Morocco,10516,Iron Gwazi,True,45
2026-07-31T15:50:14+00:00,Nairobi,1530,Serengeti Express (Nairobi Station),False,0
2026-07-31T15:50:14+00:00,Pantopia,6331,Falcon's Fury,False,0
2026-07-31T15:50:14+00:00,Pantopia,10529,Grand Caravan Carousel,False,0
2026-07-31T15:50:14+00:00,Pantopia,14516,Phoenix Rising,True,20
2026-07-31T15:50:14+00:00,Pantopia,11593,Serengeti Flyer,True,5
2026-07-31T15:50:14+00:00,Safari of Fun,1519,Air Grover,True,5
2026-07-31T15:50:14+00:00,Safari of Fun,1514,Big Bird's Whirly Birdie,False,0
2026-07-31T15:50:14+00:00,Safari of Fun,1513,Elmo's Safari Go-Round,False,0
2026-07-31T15:50:14+00:00,Safari of Fun,1516,Snuffy's Elephant Romp,False,0
2026-07-31T15:50:14+00:00,Safari of Fun,1524,The Count's Zambezi Rally,False,0
2026-07-31T15:50:14+00:00,Safari of Fun,1528,Zoe-Patra's Hippos of the Nile,False,0
2026-07-31T15:50:14+00:00,Stanleyville,1532,Serengeti Express (Stanleyville Station),False,0
2026-07-31T15:50:14+00:00,Stanleyville,6329,SheiKra,True,15
2026-07-31T15:50:14+00:00,Stanleyville,7310,Tigris,True,20
2026-07-31T15:55:11+00:00,Congo,1510,Congo River Rapids,True,0
2026-07-31T15:55:11+00:00,Congo,6333,Kumba,True,5
2026-07-31T15:55:11+00:00,Congo,10532,Ubanga-Banga Bumper Cars,False,0
2026-07-31T15:55:11+00:00,Crown Colony Plaza,6336,Cheetah Hunt,False,0
2026-07-31T15:55:11+00:00,Egypt,6335,Cobra's Curse,False,0
2026-07-31T15:55:11+00:00,Egypt,6334,Montu,True,90
2026-07-31T15:55:11+00:00,Egypt,12538,Skyride (Egypt Station),False,0
2026-07-31T15:55:11+00:00,Jungala,12539,Skyride (Jungala Station),False,0
2026-07-31T15:55:11+00:00,Morocco,1521,Gwazi Gliders,False,0
2026-07-31T15:55:11+00:00,Morocco,10516,Iron Gwazi,True,20
2026-07-31T15:55:11+00:00,Nairobi,1530,Serengeti Express (Nairobi Station),False,0
2026-07-31T15:55:11+00:00,Pantopia,6331,Falcon's Fury,False,0
2026-07-31T15:55:11+00:00,Pantopia,10529,Grand Caravan Carousel,False,0
2026-07-31T15:55:11+00:00,Pantopia,14516,Phoenix Rising,True,20
2026-07-31T15:55:11+00:00,Pantopia,11593,Serengeti Flyer,True,10
2026-07-31T15:55:11+00:00,Safari of Fun,1519,Air Grover,True,5
2026-07-31T15:55:11+00:00,Safari of Fun,1514,Big Bird's Whirly Birdie,False,0
2026-07-31T15:55:11+00:00,Safari of Fun,1513,Elmo's Safari Go-Round,False,0
2026-07-31T15:55:11+00:00,Safari of Fun,1516,Snuffy's Elephant Romp,False,0
2026-07-31T15:55:11+00:00,Safari of Fun,1524,The Count's Zambezi Rally,False,0
2026-07-31T15:55:11+00:00,Safari of Fun,1528,Zoe-Patra's Hippos of the Nile,False,0
2026-07-31T15:55:11+00:00,Stanleyville,1532,Serengeti Express (Stanleyville Station),False,0
2026-07-31T15:55:11+00:00,Stanleyville,6329,SheiKra,True,20
2026-07-31T15:55:11+00:00,Stanleyville,7310,Tigris,True,20
2026-07-31T16:00:19+00:00,Congo,1510,Congo River Rapids,True,0
2026-07-31T16:00:19+00:00,Congo,6333,Kumba,True,5
2026-07-31T16:00:19+00:00,Congo,10532,Ubanga-Banga Bumper Cars,False,0
2026-07-31T16:00:19+00:00,Crown Colony Plaza,6336,Cheetah Hunt,False,0
2026-07-31T16:00:19+00:00,Egypt,6335,Cobra's Curse,False,0
2026-07-31T16:00:19+00:00,Egypt,6334,Montu,True,90
2026-07-31T16:00:19+00:00,Egypt,12538,Skyride (Egypt Station),False,0
2026-07-31T16:00:19+00:00,Jungala,12539,Skyride (Jungala Station),False,0
2026-07-31T16:00:19+00:00,Morocco,1521,Gwazi Gliders,False,0
2026-07-31T16:00:19+00:00,Morocco,10516,Iron Gwazi,True,20
2026-07-31T16:00:19+00:00,Nairobi,1530,Serengeti Express (Nairobi Station),False,0
2026-07-31T16:00:19+00:00,Pantopia,6331,Falcon's Fury,False,0
2026-07-31T16:00:19+00:00,Pantopia,10529,Grand Caravan Carousel,False,0
2026-07-31T16:00:19+00:00,Pantopia,14516,Phoenix Rising,True,20
2026-07-31T16:00:19+00:00,Pantopia,11593,Serengeti Flyer,True,10
2026-07-31T16:00:19+00:00,Safari of Fun,1519,Air Grover,True,5
2026-07-31T16:00:19+00:00,Safari of Fun,1514,Big Bird's Whirly Birdie,False,0
2026-07-31T16:00:19+00:00,Safari of Fun,1513,Elmo's Safari Go-Round,False,0
2026-07-31T16:00:19+00:00,Safari of Fun,1516,Snuffy's Elephant Romp,False,0
2026-07-31T16:00:19+00:00,Safari of Fun,1524,The Count's Zambezi Rally,False,0
2026-07-31T16:00:19+00:00,Safari of Fun,1528,Zoe-Patra's Hippos of the Nile,False,0
2026-07-31T16:00:19+00:00,Stanleyville,1532,Serengeti Express (Stanleyville Station),False,0
2026-07-31T16:00:19+00:00,Stanleyville,6329,SheiKra,True,20
2026-07-31T16:00:19+00:00,Stanleyville,7310,Tigris,True,20
2026-07-31T16:05:14+00:00,Congo,1510,Congo River Rapids,True,0
2026-07-31T16:05:14+00:00,Congo,6333,Kumba,True,5
2026-07-31T16:05:14+00:00,Congo,10532,Ubanga-Banga Bumper Cars,False,0
2026-07-31T16:05:14+00:00,Crown Colony Plaza,6336,Cheetah Hunt,False,0
2026-07-31T16:05:14+00:00,Egypt,6335,Cobra's Curse,False,0
2026-07-31T16:05:14+00:00,Egypt,6334,Montu,True,90
2026-07-31T16:05:14+00:00,Egypt,12538,Skyride (Egypt Station),False,0
2026-07-31T16:05:14+00:00,Jungala,12539,Skyride (Jungala Station),False,0
2026-07-31T16:05:14+00:00,Morocco,1521,Gwazi Gliders,False,0
2026-07-31T16:05:14+00:00,Morocco,10516,Iron Gwazi,True,20
2026-07-31T16:05:14+00:00,Nairobi,1530,Serengeti Express (Nairobi Station),False,0
2026-07-31T16:05:14+00:00,Pantopia,6331,Falcon's Fury,False,0
2026-07-31T16:05:14+00:00,Pantopia,10529,Grand Caravan Carousel,False,0
2026-07-31T16:05:14+00:00,Pantopia,14516,Phoenix Rising,True,20
2026-07-31T16:05:14+00:00,Pantopia,11593,Serengeti Flyer,True,10
2026-07-31T16:05:14+00:00,Safari of Fun,1519,Air Grover,True,5
2026-07-31T16:05:14+00:00,Safari of Fun,1514,Big Bird's Whirly Birdie,False,0
2026-07-31T16:05:14+00:00,Safari of Fun,1513,Elmo's Safari Go-Round,False,0
2026-07-31T16:05:14+00:00,Safari of Fun,1516,Snuffy's Elephant Romp,False,0
2026-07-31T16:05:14+00:00,Safari of Fun,1524,The Count's Zambezi Rally,False,0
2026-07-31T16:05:14+00:00,Safari of Fun,1528,Zoe-Patra's Hippos of the Nile,False,0
2026-07-31T16:05:14+00:00,Stanleyville,1532,Serengeti Express (Stanleyville Station),False,0
2026-07-31T16:05:14+00:00,Stanleyville,6329,SheiKra,True,10
2026-07-31T16:05:14+00:00,Stanleyville,7310,Tigris,True,20
2026-07-31T16:10:17+00:00,Congo,1510,Congo River Rapids,True,0
2026-07-31T16:10:17+00:00,Congo,6333,Kumba,True,5
2026-07-31T16:10:17+00:00,Congo,10532,Ubanga-Banga Bumper Cars,False,0
2026-07-31T16:10:17+00:00,Crown Colony Plaza,6336,Cheetah Hunt,False,0
2026-07-31T16:10:17+00:00,Egypt,6335,Cobra's Curse,False,0
2026-07-31T16:10:17+00:00,Egypt,6334,Montu,True,90
2026-07-31T16:10:17+00:00,Egypt,12538,Skyride (Egypt Station),False,0
2026-07-31T16:10:17+00:00,Jungala,12539,Skyride (Jungala Station),False,0
2026-07-31T16:10:17+00:00,Morocco,1521,Gwazi Gliders,False,0
2026-07-31T16:10:17+00:00,Morocco,10516,Iron Gwazi,True,20
2026-07-31T16:10:17+00:00,Nairobi,1530,Serengeti Express (Nairobi Station),False,0
2026-07-31T16:10:17+00:00,Pantopia,6331,Falcon's Fury,False,0
2026-07-31T16:10:17+00:00,Pantopia,10529,Grand Caravan Carousel,False,0
2026-07-31T16:10:17+00:00,Pantopia,14516,Phoenix Rising,True,20
2026-07-31T16:10:17+00:00,Pantopia,11593,Serengeti Flyer,True,10
2026-07-31T16:10:17+00:00,Safari of Fun,1519,Air Grover,True,5
2026-07-31T16:10:17+00:00,Safari of Fun,1514,Big Bird's Whirly Birdie,False,0
2026-07-31T16:10:17+00:00,Safari of Fun,1513,Elmo's Safari Go-Round,False,0
2026-07-31T16:10:17+00:00,Safari of Fun,1516,Snuffy's Elephant Romp,False,0
2026-07-31T16:10:17+00:00,Safari of Fun,1524,The Count's Zambezi Rally,False,0
2026-07-31T16:10:17+00:00,Safari of Fun,1528,Zoe-Patra's Hippos of the Nile,False,0
2026-07-31T16:10:17+00:00,Stanleyville,1532,Serengeti Express (Stanleyville Station),False,0
2026-07-31T16:10:17+00:00,Stanleyville,6329,SheiKra,True,10
2026-07-31T16:10:17+00:00,Stanleyville,7310,Tigris,True,20
2026-07-31T16:15:14+00:00,Congo,1510,Congo River Rapids,True,0
2026-07-31T16:15:14+00:00,Congo,6333,Kumba,True,5
2026-07-31T16:15:14+00:00,Congo,10532,Ubanga-Banga Bumper Cars,False,0
2026-07-31T16:15:14+00:00,Crown Colony Plaza,6336,Cheetah Hunt,False,0
2026-07-31T16:15:14+00:00,Egypt,6335,Cobra's Curse,False,0
2026-07-31T16:15:14+00:00,Egypt,6334,Montu,True,90
2026-07-31T16:15:14+00:00,Egypt,12538,Skyride (Egypt Station),False,0
2026-07-31T16:15:14+00:00,Jungala,12539,Skyride (Jungala Station),False,0
2026-07-31T16:15:14+00:00,Morocco,1521,Gwazi Gliders,False,0
2026-07-31T16:15:14+00:00,Morocco,10516,Iron Gwazi,True,30
2026-07-31T16:15:14+00:00,Nairobi,1530,Serengeti Express (Nairobi Station),False,0
2026-07-31T16:15:14+00:00,Pantopia,6331,Falcon's Fury,False,0
2026-07-31T16:15:14+00:00,Pantopia,10529,Grand Caravan Carousel,False,0
2026-07-31T16:15:14+00:00,Pantopia,14516,Phoenix Rising,True,30
2026-07-31T16:15:14+00:00,Pantopia,11593,Serengeti Flyer,True,10
2026-07-31T16:15:14+00:00,Safari of Fun,1519,Air Grover,True,5
2026-07-31T16:15:14+00:00,Safari of Fun,1514,Big Bird's Whirly Birdie,False,0
2026-07-31T16:15:14+00:00,Safari of Fun,1513,Elmo's Safari Go-Round,False,0
2026-07-31T16:15:14+00:00,Safari of Fun,1516,Snuffy's Elephant Romp,False,0
2026-07-31T16:15:14+00:00,Safari of Fun,1524,The Count's Zambezi Rally,False,0
2026-07-31T16:15:14+00:00,Safari of Fun,1528,Zoe-Patra's Hippos of the Nile,False,0
2026-07-31T16:15:14+00:00,Stanleyville,1532,Serengeti Express (Stanleyville Station),False,0
2026-07-31T16:15:14+00:00,Stanleyville,6329,SheiKra,True,30
2026-07-31T16:15:14+00:00,Stanleyville,7310,Tigris,True,30
2026-07-31T16:20:19+00:00,Congo,1510,Congo River Rapids,True,0
2026-07-31T16:20:19+00:00,Congo,6333,Kumba,True,5
2026-07-31T16:20:19+00:00,Congo,10532,Ubanga-Banga Bumper Cars,False,0
2026-07-31T16:20:19+00:00,Crown Colony Plaza,6336,Cheetah Hunt,False,0
2026-07-31T16:20:19+00:00,Egypt,6335,Cobra's Curse,False,0
2026-07-31T16:20:19+00:00,Egypt,6334,Montu,True,90
2026-07-31T16:20:19+00:00,Egypt,12538,Skyride (Egypt Station),False,0
2026-07-31T16:20:19+00:00,Jungala,12539,Skyride (Jungala Station),False,0
2026-07-31T16:20:19+00:00,Morocco,1521,Gwazi Gliders,False,0
2026-07-31T16:20:19+00:00,Morocco,10516,Iron Gwazi,True,40
2026-07-31T16:20:19+00:00,Nairobi,1530,Serengeti Express (Nairobi Station),False,0
2026-07-31T16:20:19+00:00,Pantopia,6331,Falcon's Fury,False,0
2026-07-31T16:20:19+00:00,Pantopia,10529,Grand Caravan Carousel,False,0
2026-07-31T16:20:19+00:00,Pantopia,14516,Phoenix Rising,True,40
2026-07-31T16:20:19+00:00,Pantopia,11593,Serengeti Flyer,True,20
2026-07-31T16:20:19+00:00,Safari of Fun,1519,Air Grover,True,5
2026-07-31T16:20:19+00:00,Safari of Fun,1514,Big Bird's Whirly Birdie,False,0
2026-07-31T16:20:19+00:00,Safari of Fun,1513,Elmo's Safari Go-Round,False,0
2026-07-31T16:20:19+00:00,Safari of Fun,1516,Snuffy's Elephant Romp,False,0
2026-07-31T16:20:19+00:00,Safari of Fun,1524,The Count's Zambezi Rally,False,0
2026-07-31T16:20:19+00:00,Safari of Fun,1528,Zoe-Patra's Hippos of the Nile,False,0
2026-07-31T16:20:19+00:00,Stanleyville,1532,Serengeti Express (Stanleyville Station),False,0
2026-07-31T16:20:19+00:00,Stanleyville,6329,SheiKra,True,30
2026-07-31T16:20:19+00:00,Stanleyville,7310,Tigris,True,20
2026-07-31T16:25:19+00:00,Congo,1510,Congo River Rapids,True,0
2026-07-31T16:25:19+00:00,Congo,6333,Kumba,True,5
2026-07-31T16:25:19+00:00,Congo,10532,Ubanga-Banga Bumper Cars,False,0
2026-07-31T16:25:19+00:00,Crown Colony Plaza,6336,Cheetah Hunt,False,0
2026-07-31T16:25:19+00:00,Egypt,6335,Cobra's Curse,False,0
2026-07-31T16:25:19+00:00,Egypt,6334,Montu,True,90
2026-07-31T16:25:19+00:00,Egypt,12538,Skyride (Egypt Station),False,0
2026-07-31T16:25:19+00:00,Jungala,12539,Skyride (Jungala Station),False,0
2026-07-31T16:25:19+00:00,Morocco,1521,Gwazi Gliders,False,0
2026-07-31T16:25:19+00:00,Morocco,10516,Iron Gwazi,True,40
2026-07-31T16:25:19+00:00,Nairobi,1530,Serengeti Express (Nairobi Station),False,0
2026-07-31T16:25:19+00:00,Pantopia,6331,Falcon's Fury,False,0
2026-07-31T16:25:19+00:00,Pantopia,10529,Grand Caravan Carousel,False,0
2026-07-31T16:25:19+00:00,Pantopia,14516,Phoenix Rising,True,40
2026-07-31T16:25:19+00:00,Pantopia,11593,Serengeti Flyer,True,20
2026-07-31T16:25:19+00:00,Safari of Fun,1519,Air Grover,True,5
2026-07-31T16:25:19+00:00,Safari of Fun,1514,Big Bird's Whirly Birdie,False,0
2026-07-31T16:25:19+00:00,Safari of Fun,1513,Elmo's Safari Go-Round,False,0
2026-07-31T16:25:19+00:00,Safari of Fun,1516,Snuffy's Elephant Romp,False,0
2026-07-31T16:25:19+00:00,Safari of Fun,1524,The Count's Zambezi Rally,False,0
2026-07-31T16:25:19+00:00,Safari of Fun,1528,Zoe-Patra's Hippos of the Nile,False,0
2026-07-31T16:25:19+00:00,Stanleyville,1532,Serengeti Express (Stanleyville Station),False,0
2026-07-31T16:25:19+00:00,Stanleyville,6329,SheiKra,True,30
2026-07-31T16:25:19+00:00,Stanleyville,7310,Tigris,True,20
2026-07-31T16:30:24+00:00,Congo,1510,Congo River Rapids,True,0
2026-07-31T16:30:24+00:00,Congo,6333,Kumba,True,5
2026-07-31T16:30:24+00:00,Congo,10532,Ubanga-Banga Bumper Cars,False,0
2026-07-31T16:30:24+00:00,Crown Colony Plaza,6336,Cheetah Hunt,False,0
2026-07-31T16:30:24+00:00,Egypt,6335,Cobra's Curse,False,0
2026-07-31T16:30:24+00:00,Egypt,6334,Montu,True,90
2026-07-31T16:30:24+00:00,Egypt,12538,Skyride (Egypt Station),False,0
2026-07-31T16:30:24+00:00,Jungala,12539,Skyride (Jungala Station),False,0
2026-07-31T16:30:24+00:00,Morocco,1521,Gwazi Gliders,False,0
2026-07-31T16:30:24+00:00,Morocco,10516,Iron Gwazi,True,40
2026-07-31T16:30:24+00:00,Nairobi,1530,Serengeti Express (Nairobi Station),False,0
2026-07-31T16:30:24+00:00,Pantopia,6331,Falcon's Fury,False,0
2026-07-31T16:30:24+00:00,Pantopia,10529,Grand Caravan Carousel,False,0
2026-07-31T16:30:24+00:00,Pantopia,14516,Phoenix Rising,True,40
2026-07-31T16:30:24+00:00,Pantopia,11593,Serengeti Flyer,True,20
2026-07-31T16:30:24+00:00,Safari of Fun,1519,Air Grover,True,5
2026-07-31T16:30:24+00:00,Safari of Fun,1514,Big Bird's Whirly Birdie,False,0
2026-07-31T16:30:24+00:00,Safari of Fun,1513,Elmo's Safari Go-Round,False,0
2026-07-31T16:30:24+00:00,Safari of Fun,1516,Snuffy's Elephant Romp,False,0
2026-07-31T16:30:24+00:00,Safari of Fun,1524,The Count's Zambezi Rally,False,0
2026-07-31T16:30:24+00:00,Safari of Fun,1528,Zoe-Patra's Hippos of the Nile,False,0
2026-07-31T16:30:24+00:00,Stanleyville,1532,Serengeti Express (Stanleyville Station),False,0
2026-07-31T16:30:24+00:00,Stanleyville,6329,SheiKra,True,30
2026-07-31T16:30:24+00:00,Stanleyville,7310,Tigris,True,20
2026-07-31T16:35:16+00:00,Congo,1510,Congo River Rapids,True,0
2026-07-31T16:35:16+00:00,Congo,6333,Kumba,True,5
2026-07-31T16:35:16+00:00,Congo,10532,Ubanga-Banga Bumper Cars,False,0
2026-07-31T16:35:16+00:00,Crown Colony Plaza,6336,Cheetah Hunt,False,0
2026-07-31T16:35:16+00:00,Egypt,6335,Cobra's Curse,False,0
2026-07-31T16:35:16+00:00,Egypt,6334,Montu,True,90
2026-07-31T16:35:16+00:00,Egypt,12538,Skyride (Egypt Station),False,0
2026-07-31T16:35:16+00:00,Jungala,12539,Skyride (Jungala Station),False,0
2026-07-31T16:35:16+00:00,Morocco,1521,Gwazi Gliders,False,0
2026-07-31T16:35:16+00:00,Morocco,10516,Iron Gwazi,True,40
2026-07-31T16:35:16+00:00,Nairobi,1530,Serengeti Express (Nairobi Station),False,0
2026-07-31T16:35:16+00:00,Pantopia,6331,Falcon's Fury,False,0
2026-07-31T16:35:16+00:00,Pantopia,10529,Grand Caravan Carousel,False,0
2026-07-31T16:35:16+00:00,Pantopia,14516,Phoenix Rising,True,40
2026-07-31T16:35:16+00:00,Pantopia,11593,Serengeti Flyer,True,20
2026-07-31T16:35:16+00:00,Safari of Fun,1519,Air Grover,True,5
2026-07-31T16:35:16+00:00,Safari of Fun,1514,Big Bird's Whirly Birdie,False,0
2026-07-31T16:35:16+00:00,Safari of Fun,1513,Elmo's Safari Go-Round,False,0
2026-07-31T16:35:16+00:00,Safari of Fun,1516,Snuffy's Elephant Romp,False,0
2026-07-31T16:35:16+00:00,Safari of Fun,1524,The Count's Zambezi Rally,False,0
2026-07-31T16:35:16+00:00,Safari of Fun,1528,Zoe-Patra's Hippos of the Nile,False,0
2026-07-31T16:35:16+00:00,Stanleyville,1532,Serengeti Express (Stanleyville Station),False,0
2026-07-31T16:35:16+00:00,Stanleyville,6329,SheiKra,True,30
2026-07-31T16:35:16+00:00,Stanleyville,7310,Tigris,True,20
2026-07-31T16:40:18+00:00,Congo,1510,Congo River Rapids,True,0
2026-07-31T16:40:18+00:00,Congo,6333,Kumba,True,5
2026-07-31T16:40:18+00:00,Congo,10532,Ubanga-Banga Bumper Cars,False,0
2026-07-31T16:40:18+00:00,Crown Colony Plaza,6336,Cheetah Hunt,False,0
2026-07-31T16:40:18+00:00,Egypt,6335,Cobra's Curse,False,0
2026-07-31T16:40:18+00:00,Egypt,6334,Montu,True,90
2026-07-31T16:40:18+00:00,Egypt,12538,Skyride (Egypt Station),False,0
2026-07-31T16:40:18+00:00,Jungala,12539,Skyride (Jungala Station),False,0
2026-07-31T16:40:18+00:00,Morocco,1521,Gwazi Gliders,False,0
2026-07-31T16:40:18+00:00,Morocco,10516,Iron Gwazi,True,40
2026-07-31T16:40:18+00:00,Nairobi,1530,Serengeti Express (Nairobi Station),False,0
2026-07-31T16:40:18+00:00,Pantopia,6331,Falcon's Fury,False,0
2026-07-31T16:40:18+00:00,Pantopia,10529,Grand Caravan Carousel,False,0
2026-07-31T16:40:18+00:00,Pantopia,14516,Phoenix Rising,True,40
2026-07-31T16:40:18+00:00,Pantopia,11593,Serengeti Flyer,True,20
2026-07-31T16:40:18+00:00,Safari of Fun,1519,Air Grover,True,5
2026-07-31T16:40:18+00:00,Safari of Fun,1514,Big Bird's Whirly Birdie,False,0
2026-07-31T16:40:18+00:00,Safari of Fun,1513,Elmo's Safari Go-Round,False,0
2026-07-31T16:40:18+00:00,Safari of Fun,1516,Snuffy's Elephant Romp,False,0
2026-07-31T16:40:18+00:00,Safari of Fun,1524,The Count's Zambezi Rally,False,0
2026-07-31T16:40:18+00:00,Safari of Fun,1528,Zoe-Patra's Hippos of the Nile,False,0
2026-07-31T16:40:18+00:00,Stanleyville,1532,Serengeti Express (Stanleyville Station),False,0
2026-07-31T16:40:18+00:00,Stanleyville,6329,SheiKra,True,30
2026-07-31T16:40:18+00:00,Stanleyville,7310,Tigris,True,20
2026-07-31T16:45:22+00:00,Congo,1510,Congo River Rapids,True,0
2026-07-31T16:45:22+00:00,Congo,6333,Kumba,True,5
2026-07-31T16:45:22+00:00,Congo,10532,Ubanga-Banga Bumper Cars,False,0
2026-07-31T16:45:22+00:00,Crown Colony Plaza,6336,Cheetah Hunt,False,0
2026-07-31T16:45:22+00:00,Egypt,6335,Cobra's Curse,False,0
2026-07-31T16:45:22+00:00,Egypt,6334,Montu,True,90
2026-07-31T16:45:22+00:00,Egypt,12538,Skyride (Egypt Station),False,0
2026-07-31T16:45:22+00:00,Jungala,12539,Skyride (Jungala Station),False,0
2026-07-31T16:45:22+00:00,Morocco,1521,Gwazi Gliders,False,0
2026-07-31T16:45:22+00:00,Morocco,10516,Iron Gwazi,True,40
2026-07-31T16:45:22+00:00,Nairobi,1530,Serengeti Express (Nairobi Station),False,0
2026-07-31T16:45:22+00:00,Pantopia,6331,Falcon's Fury,False,0
2026-07-31T16:45:22+00:00,Pantopia,10529,Grand Caravan Carousel,False,0
2026-07-31T16:45:22+00:00,Pantopia,14516,Phoenix Rising,True,40
2026-07-31T16:45:22+00:00,Pantopia,11593,Serengeti Flyer,True,20
2026-07-31T16:45:22+00:00,Safari of Fun,1519,Air Grover,True,5
2026-07-31T16:45:22+00:00,Safari of Fun,1514,Big Bird's Whirly Birdie,False,0
2026-07-31T16:45:22+00:00,Safari of Fun,1513,Elmo's Safari Go-Round,False,0
2026-07-31T16:45:22+00:00,Safari of Fun,1516,Snuffy's Elephant Romp,False,0
2026-07-31T16:45:22+00:00,Safari of Fun,1524,The Count's Zambezi Rally,False,0
2026-07-31T16:45:22+00:00,Safari of Fun,1528,Zoe-Patra's Hippos of the Nile,False,0
2026-07-31T16:45:22+00:00,Stanleyville,1532,Serengeti Express (Stanleyville Station),False,0
2026-07-31T16:45:22+00:00,Stanleyville,6329,SheiKra,True,30
2026-07-31T16:45:22+00:00,Stanleyville,7310,Tigris,True,20
2026-07-31T16:50:23+00:00,Congo,1510,Congo River Rapids,True,0
2026-07-31T16:50:23+00:00,Congo,6333,Kumba,True,5
2026-07-31T16:50:23+00:00,Congo,10532,Ubanga-Banga Bumper Cars,False,0
2026-07-31T16:50:23+00:00,Crown Colony Plaza,6336,Cheetah Hunt,False,0
2026-07-31T16:50:23+00:00,Egypt,6335,Cobra's Curse,False,0
2026-07-31T16:50:23+00:00,Egypt,6334,Montu,True,90
2026-07-31T16:50:23+00:00,Egypt,12538,Skyride (Egypt Station),False,0
2026-07-31T16:50:23+00:00,Jungala,12539,Skyride (Jungala Station),False,0
2026-07-31T16:50:23+00:00,Morocco,1521,Gwazi Gliders,False,0
2026-07-31T16:50:23+00:00,Morocco,10516,Iron Gwazi,True,30
2026-07-31T16:50:23+00:00,Nairobi,1530,Serengeti Express (Nairobi Station),False,0
2026-07-31T16:50:23+00:00,Pantopia,6331,Falcon's Fury,False,0
2026-07-31T16:50:23+00:00,Pantopia,10529,Grand Caravan Carousel,False,0
2026-07-31T16:50:23+00:00,Pantopia,14516,Phoenix Rising,True,40
2026-07-31T16:50:23+00:00,Pantopia,11593,Serengeti Flyer,True,30
2026-07-31T16:50:23+00:00,Safari of Fun,1519,Air Grover,True,10
2026-07-31T16:50:23+00:00,Safari of Fun,1514,Big Bird's Whirly Birdie,False,0
2026-07-31T16:50:23+00:00,Safari of Fun,1513,Elmo's Safari Go-Round,False,0
2026-07-31T16:50:23+00:00,Safari of Fun,1516,Snuffy's Elephant Romp,False,0
2026-07-31T16:50:23+00:00,Safari of Fun,1524,The Count's Zambezi Rally,False,0
2026-07-31T16:50:23+00:00,Safari of Fun,1528,Zoe-Patra's Hippos of the Nile,False,0
2026-07-31T16:50:23+00:00,Stanleyville,1532,Serengeti Express (Stanleyville Station),False,0
2026-07-31T16:50:23+00:00,Stanleyville,6329,SheiKra,True,30
2026-07-31T16:50:23+00:00,Stanleyville,7310,Tigris,True,30
2026-07-31T16:55:18+00:00,Congo,1510,Congo River Rapids,True,0
2026-07-31T16:55:18+00:00,Congo,6333,Kumba,True,5
2026-07-31T16:55:18+00:00,Congo,10532,Ubanga-Banga Bumper Cars,False,0
2026-07-31T16:55:18+00:00,Crown Colony Plaza,6336,Cheetah Hunt,False,0
2026-07-31T16:55:18+00:00,Egypt,6335,Cobra's Curse,False,0
2026-07-31T16:55:18+00:00,Egypt,6334,Montu,True,90
2026-07-31T16:55:18+00:00,Egypt,12538,Skyride (Egypt Station),False,0
2026-07-31T16:55:18+00:00,Jungala,12539,Skyride (Jungala Station),False,0
2026-07-31T16:55:18+00:00,Morocco,1521,Gwazi Gliders,False,0
2026-07-31T16:55:18+00:00,Morocco,10516,Iron Gwazi,True,40
2026-07-31T16:55:18+00:00,Nairobi,1530,Serengeti Express (Nairobi Station),False,0
2026-07-31T16:55:18+00:00,Pantopia,6331,Falcon's Fury,False,0
2026-07-31T16:55:18+00:00,Pantopia,10529,Grand Caravan Carousel,False,0
2026-07-31T16:55:18+00:00,Pantopia,14516,Phoenix Rising,True,50
2026-07-31T16:55:18+00:00,Pantopia,11593,Serengeti Flyer,True,20
2026-07-31T16:55:18+00:00,Safari of Fun,1519,Air Grover,True,10
2026-07-31T16:55:18+00:00,Safari of Fun,1514,Big Bird's Whirly Birdie,False,0
2026-07-31T16:55:18+00:00,Safari of Fun,1513,Elmo's Safari Go-Round,False,0
2026-07-31T16:55:18+00:00,Safari of Fun,1516,Snuffy's Elephant Romp,False,0
2026-07-31T16:55:18+00:00,Safari of Fun,1524,The Count's Zambezi Rally,False,0
2026-07-31T16:55:18+00:00,Safari of Fun,1528,Zoe-Patra's Hippos of the Nile,False,0
2026-07-31T16:55:18+00:00,Stanleyville,1532,Serengeti Express (Stanleyville Station),False,0
2026-07-31T16:55:18+00:00,Stanleyville,6329,SheiKra,True,30
2026-07-31T16:55:18+00:00,Stanleyville,7310,Tigris,True,40
2026-07-31T17:00:27+00:00,Congo,1510,Congo River Rapids,True,0
2026-07-31T17:00:27+00:00,Congo,6333,Kumba,True,5
2026-07-31T17:00:27+00:00,Congo,10532,Ubanga-Banga Bumper Cars,False,0
2026-07-31T17:00:27+00:00,Crown Colony Plaza,6336,Cheetah Hunt,False,0
2026-07-31T17:00:27+00:00,Egypt,6335,Cobra's Curse,False,0
2026-07-31T17:00:27+00:00,Egypt,6334,Montu,True,90
2026-07-31T17:00:27+00:00,Egypt,12538,Skyride (Egypt Station),False,0
2026-07-31T17:00:27+00:00,Jungala,12539,Skyride (Jungala Station),False,0
2026-07-31T17:00:27+00:00,Morocco,1521,Gwazi Gliders,False,0
2026-07-31T17:00:27+00:00,Morocco,10516,Iron Gwazi,True,40
2026-07-31T17:00:27+00:00,Nairobi,1530,Serengeti Express (Nairobi Station),False,0
2026-07-31T17:00:27+00:00,Pantopia,6331,Falcon's Fury,False,0
2026-07-31T17:00:27+00:00,Pantopia,10529,Grand Caravan Carousel,False,0
2026-07-31T17:00:27+00:00,Pantopia,14516,Phoenix Rising,True,50
2026-07-31T17:00:27+00:00,Pantopia,11593,Serengeti Flyer,True,20
2026-07-31T17:00:27+00:00,Safari of Fun,1519,Air Grover,True,10
2026-07-31T17:00:27+00:00,Safari of Fun,1514,Big Bird's Whirly Birdie,False,0
2026-07-31T17:00:27+00:00,Safari of Fun,1513,Elmo's Safari Go-Round,False,0
2026-07-31T17:00:27+00:00,Safari of Fun,1516,Snuffy's Elephant Romp,False,0
2026-07-31T17:00:27+00:00,Safari of Fun,1524,The Count's Zambezi Rally,False,0
2026-07-31T17:00:27+00:00,Safari of Fun,1528,Zoe-Patra's Hippos of the Nile,False,0
2026-07-31T17:00:27+00:00,Stanleyville,1532,Serengeti Express (Stanleyville Station),False,0
2026-07-31T17:00:27+00:00,Stanleyville,6329,SheiKra,True,30
2026-07-31T17:00:27+00:00,Stanleyville,7310,Tigris,True,40
2026-07-31T17:05:06+00:00,Congo,1510,Congo River Rapids,True,0
2026-07-31T17:05:06+00:00,Congo,6333,Kumba,True,5
2026-07-31T17:05:06+00:00,Congo,10532,Ubanga-Banga Bumper Cars,False,0
2026-07-31T17:05:06+00:00,Crown Colony Plaza,6336,Cheetah Hunt,False,0
2026-07-31T17:05:06+00:00,Egypt,6335,Cobra's Curse,False,0
2026-07-31T17:05:06+00:00,Egypt,6334,Montu,True,90
2026-07-31T17:05:06+00:00,Egypt,12538,Skyride (Egypt Station),False,0
2026-07-31T17:05:06+00:00,Jungala,12539,Skyride (Jungala Station),False,0
2026-07-31T17:05:06+00:00,Morocco,1521,Gwazi Gliders,False,0
2026-07-31T17:05:06+00:00,Morocco,10516,Iron Gwazi,True,40
2026-07-31T17:05:06+00:00,Nairobi,1530,Serengeti Express (Nairobi Station),False,0
2026-07-31T17:05:06+00:00,Pantopia,6331,Falcon's Fury,False,0
2026-07-31T17:05:06+00:00,Pantopia,10529,Grand Caravan Carousel,False,0
2026-07-31T17:05:06+00:00,Pantopia,14516,Phoenix Rising,True,50
2026-07-31T17:05:06+00:00,Pantopia,11593,Serengeti Flyer,True,20
2026-07-31T17:05:06+00:00,Safari of Fun,1519,Air Grover,True,10
2026-07-31T17:05:06+00:00,Safari of Fun,1514,Big Bird's Whirly Birdie,False,0
2026-07-31T17:05:06+00:00,Safari of Fun,1513,Elmo's Safari Go-Round,False,0
2026-07-31T17:05:06+00:00,Safari of Fun,1516,Snuffy's Elephant Romp,False,0
2026-07-31T17:05:06+00:00,Safari of Fun,1524,The Count's Zambezi Rally,False,0
2026-07-31T17:05:06+00:00,Safari of Fun,1528,Zoe-Patra's Hippos of the Nile,False,0
2026-07-31T17:05:06+00:00,Stanleyville,1532,Serengeti Express (Stanleyville Station),False,0
2026-07-31T17:05:06+00:00,Stanleyville,6329,SheiKra,True,30
2026-07-31T17:05:06+00:00,Stanleyville,7310,Tigris,True,40
2026-07-31T17:10:21+00:00,Congo,1510,Congo River Rapids,True,0
2026-07-31T17:10:21+00:00,Congo,6333,Kumba,True,5
2026-07-31T17:10:21+00:00,Congo,10532,Ubanga-Banga Bumper Cars,False,0
2026-07-31T17:10:21+00:00,Crown Colony Plaza,6336,Cheetah Hunt,False,0
2026-07-31T17:10:21+00:00,Egypt,6335,Cobra's Curse,False,0
2026-07-31T17:10:21+00:00,Egypt,6334,Montu,True,90
2026-07-31T17:10:21+00:00,Egypt,12538,Skyride (Egypt Station),False,0
2026-07-31T17:10:21+00:00,Jungala,12539,Skyride (Jungala Station),False,0
2026-07-31T17:10:21+00:00,Morocco,1521,Gwazi Gliders,False,0
2026-07-31T17:10:21+00:00,Morocco,10516,Iron Gwazi,True,30
2026-07-31T17:10:21+00:00,Nairobi,1530,Serengeti Express (Nairobi Station),False,0
2026-07-31T17:10:21+00:00,Pantopia,6331,Falcon's Fury,False,0
2026-07-31T17:10:21+00:00,Pantopia,10529,Grand Caravan Carousel,False,0
2026-07-31T17:10:21+00:00,Pantopia,14516,Phoenix Rising,True,50
2026-07-31T17:10:21+00:00,Pantopia,11593,Serengeti Flyer,True,10
2026-07-31T17:10:21+00:00,Safari of Fun,1519,Air Grover,True,20
2026-07-31T17:10:21+00:00,Safari of Fun,1514,Big Bird's Whirly Birdie,False,0
2026-07-31T17:10:21+00:00,Safari of Fun,1513,Elmo's Safari Go-Round,False,0
2026-07-31T17:10:21+00:00,Safari of Fun,1516,Snuffy's Elephant Romp,False,0
2026-07-31T17:10:21+00:00,Safari of Fun,1524,The Count's Zambezi Rally,False,0
2026-07-31T17:10:21+00:00,Safari of Fun,1528,Zoe-Patra's Hippos of the Nile,False,0
2026-07-31T17:10:21+00:00,Stanleyville,1532,Serengeti Express (Stanleyville Station),False,0
2026-07-31T17:10:21+00:00,Stanleyville,6329,SheiKra,True,20
2026-07-31T17:10:21+00:00,Stanleyville,7310,Tigris,True,30
2026-07-31T17:15:19+00:00,Congo,1510,Congo River Rapids,False,0
2026-07-31T17:15:19+00:00,Congo,6333,Kumba,True,45
2026-07-31T17:15:19+00:00,Congo,10532,Ubanga-Banga Bumper Cars,False,0
2026-07-31T17:15:19+00:00,Crown Colony Plaza,6336,Cheetah Hunt,True,60
2026-07-31T17:15:19+00:00,Egypt,6335,Cobra's Curse,True,50
2026-07-31T17:15:19+00:00,Egypt,6334,Montu,True,40
2026-07-31T17:15:19+00:00,Egypt,12538,Skyride (Egypt Station),False,0
2026-07-31T17:15:19+00:00,Jungala,12539,Skyride (Jungala Station),False,0
2026-07-31T17:15:19+00:00,Morocco,1521,Gwazi Gliders,False,0
2026-07-31T17:15:19+00:00,Morocco,10516,Iron Gwazi,True,55
2026-07-31T17:15:19+00:00,Nairobi,1530,Serengeti Express (Nairobi Station),False,0
2026-07-31T17:15:19+00:00,Pantopia,6331,Falcon's Fury,False,0
2026-07-31T17:15:19+00:00,Pantopia,10529,Grand Caravan Carousel,False,0
2026-07-31T17:15:19+00:00,Pantopia,14516,Phoenix Rising,True,40
2026-07-31T17:15:19+00:00,Pantopia,11593,Serengeti Flyer,True,5
2026-07-31T17:15:19+00:00,Safari of Fun,1519,Air Grover,True,20
2026-07-31T17:15:19+00:00,Safari of Fun,1514,Big Bird's Whirly Birdie,False,0
2026-07-31T17:15:19+00:00,Safari of Fun,1513,Elmo's Safari Go-Round,False,0
2026-07-31T17:15:19+00:00,Safari of Fun,1516,Snuffy's Elephant Romp,False,0
2026-07-31T17:15:19+00:00,Safari of Fun,1524,The Count's Zambezi Rally,False,0
2026-07-31T17:15:19+00:00,Safari of Fun,1528,Zoe-Patra's Hippos of the Nile,False,0
2026-07-31T17:15:19+00:00,Stanleyville,1532,Serengeti Express (Stanleyville Station),False,0
2026-07-31T17:15:19+00:00,Stanleyville,6329,SheiKra,True,20
2026-07-31T17:15:19+00:00,Stanleyville,7310,Tigris,True,45
2026-07-31T17:20:17+00:00,Congo,1510,Congo River Rapids,False,0
2026-07-31T17:20:17+00:00,Congo,6333,Kumba,True,45
2026-07-31T17:20:17+00:00,Congo,10532,Ubanga-Banga Bumper Cars,False,0
2026-07-31T17:20:17+00:00,Crown Colony Plaza,6336,Cheetah Hunt,True,60
2026-07-31T17:20:17+00:00,Egypt,6335,Cobra's Curse,True,50
2026-07-31T17:20:17+00:00,Egypt,6334,Montu,True,40
2026-07-31T17:20:17+00:00,Egypt,12538,Skyride (Egypt Station),False,0
2026-07-31T17:20:17+00:00,Jungala,12539,Skyride (Jungala Station),False,0
2026-07-31T17:20:17+00:00,Morocco,1521,Gwazi Gliders,False,0
2026-07-31T17:20:17+00:00,Morocco,10516,Iron Gwazi,True,55
2026-07-31T17:20:17+00:00,Nairobi,1530,Serengeti Express (Nairobi Station),False,0
2026-07-31T17:20:17+00:00,Pantopia,6331,Falcon's Fury,False,0
2026-07-31T17:20:17+00:00,Pantopia,10529,Grand Caravan Carousel,False,0
2026-07-31T17:20:17+00:00,Pantopia,14516,Phoenix Rising,True,40
2026-07-31T17:20:17+00:00,Pantopia,11593,Serengeti Flyer,True,5
2026-07-31T17:20:17+00:00,Safari of Fun,1519,Air Grover,True,10
2026-07-31T17:20:17+00:00,Safari of Fun,1514,Big Bird's Whirly Birdie,False,0
2026-07-31T17:20:17+00:00,Safari of Fun,1513,Elmo's Safari Go-Round,False,0
2026-07-31T17:20:17+00:00,Safari of Fun,1516,Snuffy's Elephant Romp,False,0
2026-07-31T17:20:17+00:00,Safari of Fun,1524,The Count's Zambezi Rally,False,0
2026-07-31T17:20:17+00:00,Safari of Fun,1528,Zoe-Patra's Hippos of the Nile,False,0
2026-07-31T17:20:17+00:00,Stanleyville,1532,Serengeti Express (Stanleyville Station),False,0
2026-07-31T17:20:17+00:00,Stanleyville,6329,SheiKra,True,50
2026-07-31T17:20:17+00:00,Stanleyville,7310,Tigris,True,45
2026-07-31T17:25:20+00:00,Congo,1510,Congo River Rapids,False,0
2026-07-31T17:25:20+00:00,Congo,6333,Kumba,True,45
2026-07-31T17:25:20+00:00,Congo,10532,Ubanga-Banga Bumper Cars,False,0
2026-07-31T17:25:20+00:00,Crown Colony Plaza,6336,Cheetah Hunt,True,60
2026-07-31T17:25:20+00:00,Egypt,6335,Cobra's Curse,True,50
2026-07-31T17:25:20+00:00,Egypt,6334,Montu,True,40
2026-07-31T17:25:20+00:00,Egypt,12538,Skyride (Egypt Station),False,0
2026-07-31T17:25:20+00:00,Jungala,12539,Skyride (Jungala Station),False,0
2026-07-31T17:25:20+00:00,Morocco,1521,Gwazi Gliders,False,0
2026-07-31T17:25:20+00:00,Morocco,10516,Iron Gwazi,True,55
2026-07-31T17:25:20+00:00,Nairobi,1530,Serengeti Express (Nairobi Station),False,0
2026-07-31T17:25:20+00:00,Pantopia,6331,Falcon's Fury,False,0
2026-07-31T17:25:20+00:00,Pantopia,10529,Grand Caravan Carousel,False,0
2026-07-31T17:25:20+00:00,Pantopia,14516,Phoenix Rising,True,40
2026-07-31T17:25:20+00:00,Pantopia,11593,Serengeti Flyer,True,5
2026-07-31T17:25:20+00:00,Safari of Fun,1519,Air Grover,True,10
2026-07-31T17:25:20+00:00,Safari of Fun,1514,Big Bird's Whirly Birdie,False,0
2026-07-31T17:25:20+00:00,Safari of Fun,1513,Elmo's Safari Go-Round,False,0
2026-07-31T17:25:20+00:00,Safari of Fun,1516,Snuffy's Elephant Romp,False,0
2026-07-31T17:25:20+00:00,Safari of Fun,1524,The Count's Zambezi Rally,False,0
2026-07-31T17:25:20+00:00,Safari of Fun,1528,Zoe-Patra's Hippos of the Nile,False,0
2026-07-31T17:25:20+00:00,Stanleyville,1532,Serengeti Express (Stanleyville Station),False,0
2026-07-31T17:25:20+00:00,Stanleyville,6329,SheiKra,True,50
2026-07-31T17:25:20+00:00,Stanleyville,7310,Tigris,True,45
2026-07-31T17:30:22+00:00,Congo,1510,Congo River Rapids,False,0
2026-07-31T17:30:22+00:00,Congo,6333,Kumba,True,45
2026-07-31T17:30:22+00:00,Congo,10532,Ubanga-Banga Bumper Cars,False,0
2026-07-31T17:30:22+00:00,Crown Colony Plaza,6336,Cheetah Hunt,True,60
2026-07-31T17:30:22+00:00,Egypt,6335,Cobra's Curse,True,50
2026-07-31T17:30:22+00:00,Egypt,6334,Montu,True,40
2026-07-31T17:30:22+00:00,Egypt,12538,Skyride (Egypt Station),False,0
2026-07-31T17:30:22+00:00,Jungala,12539,Skyride (Jungala Station),False,0
2026-07-31T17:30:22+00:00,Morocco,1521,Gwazi Gliders,False,0
2026-07-31T17:30:22+00:00,Morocco,10516,Iron Gwazi,True,55
2026-07-31T17:30:22+00:00,Nairobi,1530,Serengeti Express (Nairobi Station),False,0
2026-07-31T17:30:22+00:00,Pantopia,6331,Falcon's Fury,False,0
2026-07-31T17:30:22+00:00,Pantopia,10529,Grand Caravan Carousel,False,0
2026-07-31T17:30:22+00:00,Pantopia,14516,Phoenix Rising,True,40
2026-07-31T17:30:22+00:00,Pantopia,11593,Serengeti Flyer,True,5
2026-07-31T17:30:22+00:00,Safari of Fun,1519,Air Grover,True,10
2026-07-31T17:30:22+00:00,Safari of Fun,1514,Big Bird's Whirly Birdie,False,0
2026-07-31T17:30:22+00:00,Safari of Fun,1513,Elmo's Safari Go-Round,False,0
2026-07-31T17:30:22+00:00,Safari of Fun,1516,Snuffy's Elephant Romp,False,0
2026-07-31T17:30:22+00:00,Safari of Fun,1524,The Count's Zambezi Rally,False,0
2026-07-31T17:30:22+00:00,Safari of Fun,1528,Zoe-Patra's Hippos of the Nile,False,0
2026-07-31T17:30:22+00:00,Stanleyville,1532,Serengeti Express (Stanleyville Station),False,0
2026-07-31T17:30:22+00:00,Stanleyville,6329,SheiKra,True,50
2026-07-31T17:30:22+00:00,Stanleyville,7310,Tigris,True,45
2026-07-31T17:35:13+00:00,Congo,1510,Congo River Rapids,False,0
2026-07-31T17:35:13+00:00,Congo,6333,Kumba,True,45
2026-07-31T17:35:13+00:00,Congo,10532,Ubanga-Banga Bumper Cars,False,0
2026-07-31T17:35:13+00:00,Crown Colony Plaza,6336,Cheetah Hunt,True,60
2026-07-31T17:35:13+00:00,Egypt,6335,Cobra's Curse,True,50
2026-07-31T17:35:13+00:00,Egypt,6334,Montu,True,40
2026-07-31T17:35:13+00:00,Egypt,12538,Skyride (Egypt Station),False,0
2026-07-31T17:35:13+00:00,Jungala,12539,Skyride (Jungala Station),False,0
2026-07-31T17:35:13+00:00,Morocco,1521,Gwazi Gliders,False,0
2026-07-31T17:35:13+00:00,Morocco,10516,Iron Gwazi,True,30
2026-07-31T17:35:13+00:00,Nairobi,1530,Serengeti Express (Nairobi Station),False,0
2026-07-31T17:35:13+00:00,Pantopia,6331,Falcon's Fury,False,0
2026-07-31T17:35:13+00:00,Pantopia,10529,Grand Caravan Carousel,False,0
2026-07-31T17:35:13+00:00,Pantopia,14516,Phoenix Rising,True,40
2026-07-31T17:35:13+00:00,Pantopia,11593,Serengeti Flyer,True,10
2026-07-31T17:35:13+00:00,Safari of Fun,1519,Air Grover,True,10
2026-07-31T17:35:13+00:00,Safari of Fun,1514,Big Bird's Whirly Birdie,False,0
2026-07-31T17:35:13+00:00,Safari of Fun,1513,Elmo's Safari Go-Round,False,0
2026-07-31T17:35:13+00:00,Safari of Fun,1516,Snuffy's Elephant Romp,False,0
2026-07-31T17:35:13+00:00,Safari of Fun,1524,The Count's Zambezi Rally,False,0
2026-07-31T17:35:13+00:00,Safari of Fun,1528,Zoe-Patra's Hippos of the Nile,False,0
2026-07-31T17:35:13+00:00,Stanleyville,1532,Serengeti Express (Stanleyville Station),False,0
2026-07-31T17:35:13+00:00,Stanleyville,6329,SheiKra,True,20
2026-07-31T17:35:13+00:00,Stanleyville,7310,Tigris,True,20
2026-07-31T17:40:20+00:00,Congo,1510,Congo River Rapids,False,0
2026-07-31T17:40:20+00:00,Congo,6333,Kumba,True,25
2026-07-31T17:40:20+00:00,Congo,10532,Ubanga-Banga Bumper Cars,False,0
2026-07-31T17:40:20+00:00,Crown Colony Plaza,6336,Cheetah Hunt,True,75
2026-07-31T17:40:20+00:00,Egypt,6335,Cobra's Curse,True,35
2026-07-31T17:40:20+00:00,Egypt,6334,Montu,True,50
2026-07-31T17:40:20+00:00,Egypt,12538,Skyride (Egypt Station),False,0
2026-07-31T17:40:20+00:00,Jungala,12539,Skyride (Jungala Station),False,0
2026-07-31T17:40:20+00:00,Morocco,1521,Gwazi Gliders,False,0
2026-07-31T17:40:20+00:00,Morocco,10516,Iron Gwazi,True,50
2026-07-31T17:40:20+00:00,Nairobi,1530,Serengeti Express (Nairobi Station),False,0
2026-07-31T17:40:20+00:00,Pantopia,6331,Falcon's Fury,False,0
2026-07-31T17:40:20+00:00,Pantopia,10529,Grand Caravan Carousel,False,0
2026-07-31T17:40:20+00:00,Pantopia,14516,Phoenix Rising,True,40
2026-07-31T17:40:20+00:00,Pantopia,11593,Serengeti Flyer,True,5
2026-07-31T17:40:20+00:00,Safari of Fun,1519,Air Grover,True,20
2026-07-31T17:40:20+00:00,Safari of Fun,1514,Big Bird's Whirly Birdie,False,0
2026-07-31T17:40:20+00:00,Safari of Fun,1513,Elmo's Safari Go-Round,False,0
2026-07-31T17:40:20+00:00,Safari of Fun,1516,Snuffy's Elephant Romp,False,0
2026-07-31T17:40:20+00:00,Safari of Fun,1524,The Count's Zambezi Rally,False,0
2026-07-31T17:40:20+00:00,Safari of Fun,1528,Zoe-Patra's Hippos of the Nile,False,0
2026-07-31T17:40:20+00:00,Stanleyville,1532,Serengeti Express (Stanleyville Station),False,0
2026-07-31T17:40:20+00:00,Stanleyville,6329,SheiKra,True,50
2026-07-31T17:40:20+00:00,Stanleyville,7310,Tigris,True,45
2026-07-31T17:45:15+00:00,Congo,1510,Congo River Rapids,False,0
2026-07-31T17:45:15+00:00,Congo,6333,Kumba,True,25
2026-07-31T17:45:15+00:00,Congo,10532,Ubanga-Banga Bumper Cars,False,0
2026-07-31T17:45:15+00:00,Crown Colony Plaza,6336,Cheetah Hunt,True,75
2026-07-31T17:45:15+00:00,Egypt,6335,Cobra's Curse,True,35
2026-07-31T17:45:15+00:00,Egypt,6334,Montu,True,50
2026-07-31T17:45:15+00:00,Egypt,12538,Skyride (Egypt Station),False,0
2026-07-31T17:45:15+00:00,Jungala,12539,Skyride (Jungala Station),False,0
2026-07-31T17:45:15+00:00,Morocco,1521,Gwazi Gliders,False,0
2026-07-31T17:45:15+00:00,Morocco,10516,Iron Gwazi,True,50
2026-07-31T17:45:15+00:00,Nairobi,1530,Serengeti Express (Nairobi Station),False,0
2026-07-31T17:45:15+00:00,Pantopia,6331,Falcon's Fury,False,0
2026-07-31T17:45:15+00:00,Pantopia,10529,Grand Caravan Carousel,False,0
2026-07-31T17:45:15+00:00,Pantopia,14516,Phoenix Rising,True,40
2026-07-31T17:45:15+00:00,Pantopia,11593,Serengeti Flyer,True,5
2026-07-31T17:45:15+00:00,Safari of Fun,1519,Air Grover,True,20
2026-07-31T17:45:15+00:00,Safari of Fun,1514,Big Bird's Whirly Birdie,False,0
2026-07-31T17:45:15+00:00,Safari of Fun,1513,Elmo's Safari Go-Round,False,0
2026-07-31T17:45:15+00:00,Safari of Fun,1516,Snuffy's Elephant Romp,False,0
2026-07-31T17:45:15+00:00,Safari of Fun,1524,The Count's Zambezi Rally,False,0
2026-07-31T17:45:15+00:00,Safari of Fun,1528,Zoe-Patra's Hippos of the Nile,False,0
2026-07-31T17:45:15+00:00,Stanleyville,1532,Serengeti Express (Stanleyville Station),False,0
2026-07-31T17:45:15+00:00,Stanleyville,6329,SheiKra,True,50
2026-07-31T17:45:15+00:00,Stanleyville,7310,Tigris,True,45
2026-07-31T17:50:18+00:00,Congo,1510,Congo River Rapids,False,0
2026-07-31T17:50:18+00:00,Congo,6333,Kumba,True,25
2026-07-31T17:50:18+00:00,Congo,10532,Ubanga-Banga Bumper Cars,False,0
2026-07-31T17:50:18+00:00,Crown Colony Plaza,6336,Cheetah Hunt,True,75
2026-07-31T17:50:18+00:00,Egypt,6335,Cobra's Curse,True,35
2026-07-31T17:50:18+00:00,Egypt,6334,Montu,True,50
2026-07-31T17:50:18+00:00,Egypt,12538,Skyride (Egypt Station),False,0
2026-07-31T17:50:18+00:00,Jungala,12539,Skyride (Jungala Station),False,0
2026-07-31T17:50:18+00:00,Morocco,1521,Gwazi Gliders,False,0
2026-07-31T17:50:18+00:00,Morocco,10516,Iron Gwazi,True,50
2026-07-31T17:50:18+00:00,Nairobi,1530,Serengeti Express (Nairobi Station),False,0
2026-07-31T17:50:18+00:00,Pantopia,6331,Falcon's Fury,False,0
2026-07-31T17:50:18+00:00,Pantopia,10529,Grand Caravan Carousel,False,0
2026-07-31T17:50:18+00:00,Pantopia,14516,Phoenix Rising,True,40
2026-07-31T17:50:18+00:00,Pantopia,11593,Serengeti Flyer,True,5
2026-07-31T17:50:18+00:00,Safari of Fun,1519,Air Grover,True,20
2026-07-31T17:50:18+00:00,Safari of Fun,1514,Big Bird's Whirly Birdie,False,0
2026-07-31T17:50:18+00:00,Safari of Fun,1513,Elmo's Safari Go-Round,False,0
2026-07-31T17:50:18+00:00,Safari of Fun,1516,Snuffy's Elephant Romp,False,0
2026-07-31T17:50:18+00:00,Safari of Fun,1524,The Count's Zambezi Rally,False,0
2026-07-31T17:50:18+00:00,Safari of Fun,1528,Zoe-Patra's Hippos of the Nile,False,0
2026-07-31T17:50:18+00:00,Stanleyville,1532,Serengeti Express (Stanleyville Station),False,0
2026-07-31T17:50:18+00:00,Stanleyville,6329,SheiKra,True,50
2026-07-31T17:50:18+00:00,Stanleyville,7310,Tigris,True,45
2026-07-31T17:55:12+00:00,Congo,1510,Congo River Rapids,False,0
2026-07-31T17:55:12+00:00,Congo,6333,Kumba,True,25
2026-07-31T17:55:12+00:00,Congo,10532,Ubanga-Banga Bumper Cars,False,0
2026-07-31T17:55:12+00:00,Crown Colony Plaza,6336,Cheetah Hunt,True,75
2026-07-31T17:55:12+00:00,Egypt,6335,Cobra's Curse,True,35
2026-07-31T17:55:12+00:00,Egypt,6334,Montu,True,50
2026-07-31T17:55:12+00:00,Egypt,12538,Skyride (Egypt Station),False,0
2026-07-31T17:55:12+00:00,Jungala,12539,Skyride (Jungala Station),False,0
2026-07-31T17:55:12+00:00,Morocco,1521,Gwazi Gliders,False,0
2026-07-31T17:55:12+00:00,Morocco,10516,Iron Gwazi,True,50
2026-07-31T17:55:12+00:00,Nairobi,1530,Serengeti Express (Nairobi Station),False,0
2026-07-31T17:55:12+00:00,Pantopia,6331,Falcon's Fury,False,0
2026-07-31T17:55:12+00:00,Pantopia,10529,Grand Caravan Carousel,False,0
2026-07-31T17:55:12+00:00,Pantopia,14516,Phoenix Rising,True,40
2026-07-31T17:55:12+00:00,Pantopia,11593,Serengeti Flyer,True,5
2026-07-31T17:55:12+00:00,Safari of Fun,1519,Air Grover,True,20
2026-07-31T17:55:12+00:00,Safari of Fun,1514,Big Bird's Whirly Birdie,False,0
2026-07-31T17:55:12+00:00,Safari of Fun,1513,Elmo's Safari Go-Round,False,0
2026-07-31T17:55:12+00:00,Safari of Fun,1516,Snuffy's Elephant Romp,False,0
2026-07-31T17:55:12+00:00,Safari of Fun,1524,The Count's Zambezi Rally,False,0
2026-07-31T17:55:12+00:00,Safari of Fun,1528,Zoe-Patra's Hippos of the Nile,False,0
2026-07-31T17:55:12+00:00,Stanleyville,1532,Serengeti Express (Stanleyville Station),False,0
2026-07-31T17:55:12+00:00,Stanleyville,6329,SheiKra,True,50
2026-07-31T17:55:12+00:00,Stanleyville,7310,Tigris,True,45
2026-07-31T18:00:20+00:00,Congo,1510,Congo River Rapids,False,0
2026-07-31T18:00:20+00:00,Congo,6333,Kumba,True,25
2026-07-31T18:00:20+00:00,Congo,10532,Ubanga-Banga Bumper Cars,False,0
2026-07-31T18:00:20+00:00,Crown Colony Plaza,6336,Cheetah Hunt,True,75
2026-07-31T18:00:20+00:00,Egypt,6335,Cobra's Curse,True,35
2026-07-31T18:00:20+00:00,Egypt,6334,Montu,True,50
2026-07-31T18:00:20+00:00,Egypt,12538,Skyride (Egypt Station),False,0
2026-07-31T18:00:20+00:00,Jungala,12539,Skyride (Jungala Station),False,0
2026-07-31T18:00:20+00:00,Morocco,1521,Gwazi Gliders,False,0
2026-07-31T18:00:20+00:00,Morocco,10516,Iron Gwazi,True,30
2026-07-31T18:00:20+00:00,Nairobi,1530,Serengeti Express (Nairobi Station),False,0
2026-07-31T18:00:20+00:00,Pantopia,6331,Falcon's Fury,False,0
2026-07-31T18:00:20+00:00,Pantopia,10529,Grand Caravan Carousel,False,0
2026-07-31T18:00:20+00:00,Pantopia,14516,Phoenix Rising,True,50
2026-07-31T18:00:20+00:00,Pantopia,11593,Serengeti Flyer,True,20
2026-07-31T18:00:20+00:00,Safari of Fun,1519,Air Grover,True,20
2026-07-31T18:00:20+00:00,Safari of Fun,1514,Big Bird's Whirly Birdie,False,0
2026-07-31T18:00:20+00:00,Safari of Fun,1513,Elmo's Safari Go-Round,False,0
2026-07-31T18:00:20+00:00,Safari of Fun,1516,Snuffy's Elephant Romp,False,0
2026-07-31T18:00:20+00:00,Safari of Fun,1524,The Count's Zambezi Rally,False,0
2026-07-31T18:00:20+00:00,Safari of Fun,1528,Zoe-Patra's Hippos of the Nile,False,0
2026-07-31T18:00:20+00:00,Stanleyville,1532,Serengeti Express (Stanleyville Station),False,0
2026-07-31T18:00:20+00:00,Stanleyville,6329,SheiKra,True,20
2026-07-31T18:00:20+00:00,Stanleyville,7310,Tigris,True,30
2026-07-31T18:05:13+00:00,Congo,1510,Congo River Rapids,False,0
2026-07-31T18:05:13+00:00,Congo,6333,Kumba,True,25
2026-07-31T18:05:13+00:00,Congo,10532,Ubanga-Banga Bumper Cars,False,0
2026-07-31T18:05:13+00:00,Crown Colony Plaza,6336,Cheetah Hunt,True,75
2026-07-31T18:05:13+00:00,Egypt,6335,Cobra's Curse,True,35
2026-07-31T18:05:13+00:00,Egypt,6334,Montu,True,50
2026-07-31T18:05:13+00:00,Egypt,12538,Skyride (Egypt Station),False,0
2026-07-31T18:05:13+00:00,Jungala,12539,Skyride (Jungala Station),False,0
2026-07-31T18:05:13+00:00,Morocco,1521,Gwazi Gliders,False,0
2026-07-31T18:05:13+00:00,Morocco,10516,Iron Gwazi,True,30
2026-07-31T18:05:13+00:00,Nairobi,1530,Serengeti Express (Nairobi Station),False,0
2026-07-31T18:05:13+00:00,Pantopia,6331,Falcon's Fury,False,0
2026-07-31T18:05:13+00:00,Pantopia,10529,Grand Caravan Carousel,False,0
2026-07-31T18:05:13+00:00,Pantopia,14516,Phoenix Rising,True,50
2026-07-31T18:05:13+00:00,Pantopia,11593,Serengeti Flyer,True,20
2026-07-31T18:05:13+00:00,Safari of Fun,1519,Air Grover,True,20
2026-07-31T18:05:13+00:00,Safari of Fun,1514,Big Bird's Whirly Birdie,False,0
2026-07-31T18:05:13+00:00,Safari of Fun,1513,Elmo's Safari Go-Round,False,0
2026-07-31T18:05:13+00:00,Safari of Fun,1516,Snuffy's Elephant Romp,False,0
2026-07-31T18:05:13+00:00,Safari of Fun,1524,The Count's Zambezi Rally,False,0
2026-07-31T18:05:13+00:00,Safari of Fun,1528,Zoe-Patra's Hippos of the Nile,False,0
2026-07-31T18:05:13+00:00,Stanleyville,1532,Serengeti Express (Stanleyville Station),False,0
2026-07-31T18:05:13+00:00,Stanleyville,6329,SheiKra,True,20
2026-07-31T18:05:13+00:00,Stanleyville,7310,Tigris,True,30
2026-07-31T18:10:17+00:00,Congo,1510,Congo River Rapids,False,0
2026-07-31T18:10:17+00:00,Congo,6333,Kumba,True,25
2026-07-31T18:10:17+00:00,Congo,10532,Ubanga-Banga Bumper Cars,False,0
2026-07-31T18:10:17+00:00,Crown Colony Plaza,6336,Cheetah Hunt,True,75
2026-07-31T18:10:17+00:00,Egypt,6335,Cobra's Curse,True,35
2026-07-31T18:10:17+00:00,Egypt,6334,Montu,True,50
2026-07-31T18:10:17+00:00,Egypt,12538,Skyride (Egypt Station),False,0
2026-07-31T18:10:17+00:00,Jungala,12539,Skyride (Jungala Station),False,0
2026-07-31T18:10:17+00:00,Morocco,1521,Gwazi Gliders,False,0
2026-07-31T18:10:17+00:00,Morocco,10516,Iron Gwazi,True,30
2026-07-31T18:10:17+00:00,Nairobi,1530,Serengeti Express (Nairobi Station),False,0
2026-07-31T18:10:17+00:00,Pantopia,6331,Falcon's Fury,False,0
2026-07-31T18:10:17+00:00,Pantopia,10529,Grand Caravan Carousel,False,0
2026-07-31T18:10:17+00:00,Pantopia,14516,Phoenix Rising,True,50
2026-07-31T18:10:17+00:00,Pantopia,11593,Serengeti Flyer,True,30
2026-07-31T18:10:17+00:00,Safari of Fun,1519,Air Grover,True,10
2026-07-31T18:10:17+00:00,Safari of Fun,1514,Big Bird's Whirly Birdie,False,0
2026-07-31T18:10:17+00:00,Safari of Fun,1513,Elmo's Safari Go-Round,False,0
2026-07-31T18:10:17+00:00,Safari of Fun,1516,Snuffy's Elephant Romp,False,0
2026-07-31T18:10:17+00:00,Safari of Fun,1524,The Count's Zambezi Rally,False,0
2026-07-31T18:10:17+00:00,Safari of Fun,1528,Zoe-Patra's Hippos of the Nile,False,0
2026-07-31T18:10:17+00:00,Stanleyville,1532,Serengeti Express (Stanleyville Station),False,0
2026-07-31T18:10:17+00:00,Stanleyville,6329,SheiKra,True,40
2026-07-31T18:10:17+00:00,Stanleyville,7310,Tigris,True,40
2026-07-31T18:15:26+00:00,Congo,1510,Congo River Rapids,False,0
2026-07-31T18:15:26+00:00,Congo,6333,Kumba,True,25
2026-07-31T18:15:26+00:00,Congo,10532,Ubanga-Banga Bumper Cars,False,0
2026-07-31T18:15:26+00:00,Crown Colony Plaza,6336,Cheetah Hunt,True,75
2026-07-31T18:15:26+00:00,Egypt,6335,Cobra's Curse,True,35
2026-07-31T18:15:26+00:00,Egypt,6334,Montu,True,60
2026-07-31T18:15:26+00:00,Egypt,12538,Skyride (Egypt Station),False,0
2026-07-31T18:15:26+00:00,Jungala,12539,Skyride (Jungala Station),False,0
2026-07-31T18:15:26+00:00,Morocco,1521,Gwazi Gliders,False,0
2026-07-31T18:15:26+00:00,Morocco,10516,Iron Gwazi,True,55
2026-07-31T18:15:26+00:00,Nairobi,1530,Serengeti Express (Nairobi Station),False,0
2026-07-31T18:15:26+00:00,Pantopia,6331,Falcon's Fury,False,0
2026-07-31T18:15:26+00:00,Pantopia,10529,Grand Caravan Carousel,False,0
2026-07-31T18:15:26+00:00,Pantopia,14516,Phoenix Rising,True,50
2026-07-31T18:15:26+00:00,Pantopia,11593,Serengeti Flyer,True,5
2026-07-31T18:15:26+00:00,Safari of Fun,1519,Air Grover,True,10
2026-07-31T18:15:26+00:00,Safari of Fun,1514,Big Bird's Whirly Birdie,False,0
2026-07-31T18:15:26+00:00,Safari of Fun,1513,Elmo's Safari Go-Round,False,0
2026-07-31T18:15:26+00:00,Safari of Fun,1516,Snuffy's Elephant Romp,False,0
2026-07-31T18:15:26+00:00,Safari of Fun,1524,The Count's Zambezi Rally,False,0
2026-07-31T18:15:26+00:00,Safari of Fun,1528,Zoe-Patra's Hippos of the Nile,False,0
2026-07-31T18:15:26+00:00,Stanleyville,1532,Serengeti Express (Stanleyville Station),False,0
2026-07-31T18:15:26+00:00,Stanleyville,6329,SheiKra,True,40
2026-07-31T18:15:26+00:00,Stanleyville,7310,Tigris,True,40
2026-07-31T18:20:22+00:00,Congo,1510,Congo River Rapids,False,0
2026-07-31T18:20:22+00:00,Congo,6333,Kumba,True,25
2026-07-31T18:20:22+00:00,Congo,10532,Ubanga-Banga Bumper Cars,False,0
2026-07-31T18:20:22+00:00,Crown Colony Plaza,6336,Cheetah Hunt,True,75
2026-07-31T18:20:22+00:00,Egypt,6335,Cobra's Curse,True,35
2026-07-31T18:20:22+00:00,Egypt,6334,Montu,True,60
2026-07-31T18:20:22+00:00,Egypt,12538,Skyride (Egypt Station),False,0
2026-07-31T18:20:22+00:00,Jungala,12539,Skyride (Jungala Station),False,0
2026-07-31T18:20:22+00:00,Morocco,1521,Gwazi Gliders,False,0
2026-07-31T18:20:22+00:00,Morocco,10516,Iron Gwazi,True,55
2026-07-31T18:20:22+00:00,Nairobi,1530,Serengeti Express (Nairobi Station),False,0
2026-07-31T18:20:22+00:00,Pantopia,6331,Falcon's Fury,False,0
2026-07-31T18:20:22+00:00,Pantopia,10529,Grand Caravan Carousel,False,0
2026-07-31T18:20:22+00:00,Pantopia,14516,Phoenix Rising,True,50
2026-07-31T18:20:22+00:00,Pantopia,11593,Serengeti Flyer,True,5
2026-07-31T18:20:22+00:00,Safari of Fun,1519,Air Grover,True,10
2026-07-31T18:20:22+00:00,Safari of Fun,1514,Big Bird's Whirly Birdie,False,0
2026-07-31T18:20:22+00:00,Safari of Fun,1513,Elmo's Safari Go-Round,False,0
2026-07-31T18:20:22+00:00,Safari of Fun,1516,Snuffy's Elephant Romp,False,0
2026-07-31T18:20:22+00:00,Safari of Fun,1524,The Count's Zambezi Rally,False,0
2026-07-31T18:20:22+00:00,Safari of Fun,1528,Zoe-Patra's Hippos of the Nile,False,0
2026-07-31T18:20:22+00:00,Stanleyville,1532,Serengeti Express (Stanleyville Station),False,0
2026-07-31T18:20:22+00:00,Stanleyville,6329,SheiKra,True,40
2026-07-31T18:20:22+00:00,Stanleyville,7310,Tigris,True,40
2026-07-31T18:25:18+00:00,Congo,1510,Congo River Rapids,False,0
2026-07-31T18:25:18+00:00,Congo,6333,Kumba,True,25
2026-07-31T18:25:18+00:00,Congo,10532,Ubanga-Banga Bumper Cars,False,0
2026-07-31T18:25:18+00:00,Crown Colony Plaza,6336,Cheetah Hunt,True,75
2026-07-31T18:25:18+00:00,Egypt,6335,Cobra's Curse,True,35
2026-07-31T18:25:18+00:00,Egypt,6334,Montu,True,60
2026-07-31T18:25:18+00:00,Egypt,12538,Skyride (Egypt Station),False,0
2026-07-31T18:25:18+00:00,Jungala,12539,Skyride (Jungala Station),False,0
2026-07-31T18:25:18+00:00,Morocco,1521,Gwazi Gliders,False,0
2026-07-31T18:25:18+00:00,Morocco,10516,Iron Gwazi,True,55
2026-07-31T18:25:18+00:00,Nairobi,1530,Serengeti Express (Nairobi Station),False,0
2026-07-31T18:25:18+00:00,Pantopia,6331,Falcon's Fury,False,0
2026-07-31T18:25:18+00:00,Pantopia,10529,Grand Caravan Carousel,False,0
2026-07-31T18:25:18+00:00,Pantopia,14516,Phoenix Rising,True,50
2026-07-31T18:25:18+00:00,Pantopia,11593,Serengeti Flyer,True,5
2026-07-31T18:25:18+00:00,Safari of Fun,1519,Air Grover,True,10
2026-07-31T18:25:18+00:00,Safari of Fun,1514,Big Bird's Whirly Birdie,False,0
2026-07-31T18:25:18+00:00,Safari of Fun,1513,Elmo's Safari Go-Round,False,0
2026-07-31T18:25:18+00:00,Safari of Fun,1516,Snuffy's Elephant Romp,False,0
2026-07-31T18:25:18+00:00,Safari of Fun,1524,The Count's Zambezi Rally,False,0
2026-07-31T18:25:18+00:00,Safari of Fun,1528,Zoe-Patra's Hippos of the Nile,False,0
2026-07-31T18:25:18+00:00,Stanleyville,1532,Serengeti Express (Stanleyville Station),False,0
2026-07-31T18:25:18+00:00,Stanleyville,6329,SheiKra,True,40
2026-07-31T18:25:18+00:00,Stanleyville,7310,Tigris,True,50
2026-07-31T18:35:45+00:00,Congo,1510,Congo River Rapids,False,0
2026-07-31T18:35:45+00:00,Congo,6333,Kumba,True,25
2026-07-31T18:35:45+00:00,Congo,10532,Ubanga-Banga Bumper Cars,False,0
2026-07-31T18:35:45+00:00,Crown Colony Plaza,6336,Cheetah Hunt,True,75
2026-07-31T18:35:45+00:00,Egypt,6335,Cobra's Curse,True,35
2026-07-31T18:35:45+00:00,Egypt,6334,Montu,True,60
2026-07-31T18:35:45+00:00,Egypt,12538,Skyride (Egypt Station),False,0
2026-07-31T18:35:45+00:00,Jungala,12539,Skyride (Jungala Station),False,0
2026-07-31T18:35:45+00:00,Morocco,1521,Gwazi Gliders,False,0
2026-07-31T18:35:45+00:00,Morocco,10516,Iron Gwazi,True,30
2026-07-31T18:35:45+00:00,Nairobi,1530,Serengeti Express (Nairobi Station),False,0
2026-07-31T18:35:45+00:00,Pantopia,6331,Falcon's Fury,False,0
2026-07-31T18:35:45+00:00,Pantopia,10529,Grand Caravan Carousel,False,0
2026-07-31T18:35:45+00:00,Pantopia,14516,Phoenix Rising,True,50
2026-07-31T18:35:45+00:00,Pantopia,11593,Serengeti Flyer,True,20
2026-07-31T18:35:45+00:00,Safari of Fun,1519,Air Grover,True,10
2026-07-31T18:35:45+00:00,Safari of Fun,1514,Big Bird's Whirly Birdie,False,0
2026-07-31T18:35:45+00:00,Safari of Fun,1513,Elmo's Safari Go-Round,False,0
2026-07-31T18:35:45+00:00,Safari of Fun,1516,Snuffy's Elephant Romp,False,0
2026-07-31T18:35:45+00:00,Safari of Fun,1524,The Count's Zambezi Rally,False,0
2026-07-31T18:35:45+00:00,Safari of Fun,1528,Zoe-Patra's Hippos of the Nile,False,0
2026-07-31T18:35:45+00:00,Stanleyville,1532,Serengeti Express (Stanleyville Station),False,0
2026-07-31T18:35:45+00:00,Stanleyville,6329,SheiKra,True,40
2026-07-31T18:35:45+00:00,Stanleyville,7310,Tigris,True,50
2026-07-31T18:40:13+00:00,Congo,1510,Congo River Rapids,False,0
2026-07-31T18:40:13+00:00,Congo,6333,Kumba,False,0
2026-07-31T18:40:13+00:00,Congo,10532,Ubanga-Banga Bumper Cars,False,0
2026-07-31T18:40:13+00:00,Crown Colony Plaza,6336,Cheetah Hunt,True,45
2026-07-31T18:40:13+00:00,Egypt,6335,Cobra's Curse,True,50
2026-07-31T18:40:13+00:00,Egypt,6334,Montu,True,60
2026-07-31T18:40:13+00:00,Egypt,12538,Skyride (Egypt Station),False,0
2026-07-31T18:40:13+00:00,Jungala,12539,Skyride (Jungala Station),False,0
2026-07-31T18:40:13+00:00,Morocco,1521,Gwazi Gliders,False,0
2026-07-31T18:40:13+00:00,Morocco,10516,Iron Gwazi,True,40
2026-07-31T18:40:13+00:00,Nairobi,1530,Serengeti Express (Nairobi Station),False,0
2026-07-31T18:40:13+00:00,Pantopia,6331,Falcon's Fury,False,0
2026-07-31T18:40:13+00:00,Pantopia,10529,Grand Caravan Carousel,False,0
2026-07-31T18:40:13+00:00,Pantopia,14516,Phoenix Rising,True,50
2026-07-31T18:40:13+00:00,Pantopia,11593,Serengeti Flyer,True,5
2026-07-31T18:40:13+00:00,Safari of Fun,1519,Air Grover,True,10
2026-07-31T18:40:13+00:00,Safari of Fun,1514,Big Bird's Whirly Birdie,False,0
2026-07-31T18:40:13+00:00,Safari of Fun,1513,Elmo's Safari Go-Round,False,0
2026-07-31T18:40:13+00:00,Safari of Fun,1516,Snuffy's Elephant Romp,False,0
2026-07-31T18:40:13+00:00,Safari of Fun,1524,The Count's Zambezi Rally,False,0
2026-07-31T18:40:13+00:00,Safari of Fun,1528,Zoe-Patra's Hippos of the Nile,False,0
2026-07-31T18:40:13+00:00,Stanleyville,1532,Serengeti Express (Stanleyville Station),False,0
2026-07-31T18:40:13+00:00,Stanleyville,6329,SheiKra,True,40
2026-07-31T18:40:13+00:00,Stanleyville,7310,Tigris,True,50
2026-07-31T18:41:50+00:00,Congo,1510,Congo River Rapids,False,0
2026-07-31T18:41:50+00:00,Congo,6333,Kumba,False,0
2026-07-31T18:41:50+00:00,Congo,10532,Ubanga-Banga Bumper Cars,False,0
2026-07-31T18:41:50+00:00,Crown Colony Plaza,6336,Cheetah Hunt,True,45
2026-07-31T18:41:50+00:00,Egypt,6335,Cobra's Curse,True,50
2026-07-31T18:41:50+00:00,Egypt,6334,Montu,True,60
2026-07-31T18:41:50+00:00,Egypt,12538,Skyride (Egypt Station),False,0
2026-07-31T18:41:50+00:00,Jungala,12539,Skyride (Jungala Station),False,0
2026-07-31T18:41:50+00:00,Morocco,1521,Gwazi Gliders,False,0
2026-07-31T18:41:50+00:00,Morocco,10516,Iron Gwazi,True,40
2026-07-31T18:41:50+00:00,Nairobi,1530,Serengeti Express (Nairobi Station),False,0
2026-07-31T18:41:50+00:00,Pantopia,6331,Falcon's Fury,False,0
2026-07-31T18:41:50+00:00,Pantopia,10529,Grand Caravan Carousel,False,0
2026-07-31T18:41:50+00:00,Pantopia,14516,Phoenix Rising,True,50
2026-07-31T18:41:50+00:00,Pantopia,11593,Serengeti Flyer,True,5
2026-07-31T18:41:50+00:00,Safari of Fun,1519,Air Grover,True,10
2026-07-31T18:41:50+00:00,Safari of Fun,1514,Big Bird's Whirly Birdie,False,0
2026-07-31T18:41:50+00:00,Safari of Fun,1513,Elmo's Safari Go-Round,False,0
2026-07-31T18:41:50+00:00,Safari of Fun,1516,Snuffy's Elephant Romp,False,0
2026-07-31T18:41:50+00:00,Safari of Fun,1524,The Count's Zambezi Rally,False,0
2026-07-31T18:41:50+00:00,Safari of Fun,1528,Zoe-Patra's Hippos of the Nile,False,0
2026-07-31T18:41:50+00:00,Stanleyville,1532,Serengeti Express (Stanleyville Station),False,0
2026-07-31T18:41:50+00:00,Stanleyville,6329,SheiKra,True,40
2026-07-31T18:41:50+00:00,Stanleyville,7310,Tigris,True,50
2026-07-31T18:45:19+00:00,Congo,1510,Congo River Rapids,False,0
2026-07-31T18:45:19+00:00,Congo,6333,Kumba,False,0
2026-07-31T18:45:19+00:00,Congo,10532,Ubanga-Banga Bumper Cars,False,0
2026-07-31T18:45:19+00:00,Crown Colony Plaza,6336,Cheetah Hunt,True,45
2026-07-31T18:45:19+00:00,Egypt,6335,Cobra's Curse,True,50
2026-07-31T18:45:19+00:00,Egypt,6334,Montu,True,60
2026-07-31T18:45:19+00:00,Egypt,12538,Skyride (Egypt Station),False,0
2026-07-31T18:45:19+00:00,Jungala,12539,Skyride (Jungala Station),False,0
2026-07-31T18:45:19+00:00,Morocco,1521,Gwazi Gliders,False,0
2026-07-31T18:45:19+00:00,Morocco,10516,Iron Gwazi,True,40
2026-07-31T18:45:19+00:00,Nairobi,1530,Serengeti Express (Nairobi Station),False,0
2026-07-31T18:45:19+00:00,Pantopia,6331,Falcon's Fury,False,0
2026-07-31T18:45:19+00:00,Pantopia,10529,Grand Caravan Carousel,False,0
2026-07-31T18:45:19+00:00,Pantopia,14516,Phoenix Rising,True,25
2026-07-31T18:45:19+00:00,Pantopia,11593,Serengeti Flyer,True,5
2026-07-31T18:45:19+00:00,Safari of Fun,1519,Air Grover,True,20
2026-07-31T18:45:19+00:00,Safari of Fun,1514,Big Bird's Whirly Birdie,False,0
2026-07-31T18:45:19+00:00,Safari of Fun,1513,Elmo's Safari Go-Round,False,0
2026-07-31T18:45:19+00:00,Safari of Fun,1516,Snuffy's Elephant Romp,False,0
2026-07-31T18:45:19+00:00,Safari of Fun,1524,The Count's Zambezi Rally,False,0
2026-07-31T18:45:19+00:00,Safari of Fun,1528,Zoe-Patra's Hippos of the Nile,False,0
2026-07-31T18:45:19+00:00,Stanleyville,1532,Serengeti Express (Stanleyville Station),False,0
2026-07-31T18:45:19+00:00,Stanleyville,6329,SheiKra,True,45
2026-07-31T18:45:19+00:00,Stanleyville,7310,Tigris,True,60
2026-07-31T18:50:17+00:00,Congo,1510,Congo River Rapids,False,0
2026-07-31T18:50:17+00:00,Congo,6333,Kumba,False,0
2026-07-31T18:50:17+00:00,Congo,10532,Ubanga-Banga Bumper Cars,False,0
2026-07-31T18:50:17+00:00,Crown Colony Plaza,6336,Cheetah Hunt,True,45
2026-07-31T18:50:17+00:00,Egypt,6335,Cobra's Curse,True,50
2026-07-31T18:50:17+00:00,Egypt,6334,Montu,True,60
2026-07-31T18:50:17+00:00,Egypt,12538,Skyride (Egypt Station),False,0
2026-07-31T18:50:17+00:00,Jungala,12539,Skyride (Jungala Station),False,0
2026-07-31T18:50:17+00:00,Morocco,1521,Gwazi Gliders,False,0
2026-07-31T18:50:17+00:00,Morocco,10516,Iron Gwazi,True,40
2026-07-31T18:50:17+00:00,Nairobi,1530,Serengeti Express (Nairobi Station),False,0
2026-07-31T18:50:17+00:00,Pantopia,6331,Falcon's Fury,False,0
2026-07-31T18:50:17+00:00,Pantopia,10529,Grand Caravan Carousel,False,0
2026-07-31T18:50:17+00:00,Pantopia,14516,Phoenix Rising,True,25
2026-07-31T18:50:17+00:00,Pantopia,11593,Serengeti Flyer,True,5
2026-07-31T18:50:17+00:00,Safari of Fun,1519,Air Grover,True,20
2026-07-31T18:50:17+00:00,Safari of Fun,1514,Big Bird's Whirly Birdie,False,0
2026-07-31T18:50:17+00:00,Safari of Fun,1513,Elmo's Safari Go-Round,False,0
2026-07-31T18:50:17+00:00,Safari of Fun,1516,Snuffy's Elephant Romp,False,0
2026-07-31T18:50:17+00:00,Safari of Fun,1524,The Count's Zambezi Rally,False,0
2026-07-31T18:50:17+00:00,Safari of Fun,1528,Zoe-Patra's Hippos of the Nile,False,0
2026-07-31T18:50:17+00:00,Stanleyville,1532,Serengeti Express (Stanleyville Station),False,0
2026-07-31T18:50:17+00:00,Stanleyville,6329,SheiKra,True,45
2026-07-31T18:50:17+00:00,Stanleyville,7310,Tigris,True,60
2026-07-31T18:55:18+00:00,Congo,1510,Congo River Rapids,False,0
2026-07-31T18:55:18+00:00,Congo,6333,Kumba,True,40
2026-07-31T18:55:18+00:00,Congo,10532,Ubanga-Banga Bumper Cars,False,0
2026-07-31T18:55:18+00:00,Crown Colony Plaza,6336,Cheetah Hunt,True,45
2026-07-31T18:55:18+00:00,Egypt,6335,Cobra's Curse,True,50
2026-07-31T18:55:18+00:00,Egypt,6334,Montu,True,60
2026-07-31T18:55:18+00:00,Egypt,12538,Skyride (Egypt Station),False,0
2026-07-31T18:55:18+00:00,Jungala,12539,Skyride (Jungala Station),False,0
2026-07-31T18:55:18+00:00,Morocco,1521,Gwazi Gliders,False,0
2026-07-31T18:55:18+00:00,Morocco,10516,Iron Gwazi,True,40
2026-07-31T18:55:18+00:00,Nairobi,1530,Serengeti Express (Nairobi Station),False,0
2026-07-31T18:55:18+00:00,Pantopia,6331,Falcon's Fury,False,0
2026-07-31T18:55:18+00:00,Pantopia,10529,Grand Caravan Carousel,False,0
2026-07-31T18:55:18+00:00,Pantopia,14516,Phoenix Rising,True,25
2026-07-31T18:55:18+00:00,Pantopia,11593,Serengeti Flyer,True,5
2026-07-31T18:55:18+00:00,Safari of Fun,1519,Air Grover,True,10
2026-07-31T18:55:18+00:00,Safari of Fun,1514,Big Bird's Whirly Birdie,False,0
2026-07-31T18:55:18+00:00,Safari of Fun,1513,Elmo's Safari Go-Round,False,0
2026-07-31T18:55:18+00:00,Safari of Fun,1516,Snuffy's Elephant Romp,False,0
2026-07-31T18:55:18+00:00,Safari of Fun,1524,The Count's Zambezi Rally,False,0
2026-07-31T18:55:18+00:00,Safari of Fun,1528,Zoe-Patra's Hippos of the Nile,False,0
2026-07-31T18:55:18+00:00,Stanleyville,1532,Serengeti Express (Stanleyville Station),False,0
2026-07-31T18:55:18+00:00,Stanleyville,6329,SheiKra,True,45
2026-07-31T18:55:18+00:00,Stanleyville,7310,Tigris,True,60
2026-07-31T19:00:26+00:00,Congo,1510,Congo River Rapids,False,0
2026-07-31T19:00:26+00:00,Congo,6333,Kumba,True,40
2026-07-31T19:00:26+00:00,Congo,10532,Ubanga-Banga Bumper Cars,False,0
2026-07-31T19:00:26+00:00,Crown Colony Plaza,6336,Cheetah Hunt,True,45
2026-07-31T19:00:26+00:00,Egypt,6335,Cobra's Curse,True,50
2026-07-31T19:00:26+00:00,Egypt,6334,Montu,True,60
2026-07-31T19:00:26+00:00,Egypt,12538,Skyride (Egypt Station),False,0
2026-07-31T19:00:26+00:00,Jungala,12539,Skyride (Jungala Station),False,0
2026-07-31T19:00:26+00:00,Morocco,1521,Gwazi Gliders,False,0
2026-07-31T19:00:26+00:00,Morocco,10516,Iron Gwazi,True,30
2026-07-31T19:00:26+00:00,Nairobi,1530,Serengeti Express (Nairobi Station),False,0
2026-07-31T19:00:26+00:00,Pantopia,6331,Falcon's Fury,False,0
2026-07-31T19:00:26+00:00,Pantopia,10529,Grand Caravan Carousel,False,0
2026-07-31T19:00:26+00:00,Pantopia,14516,Phoenix Rising,True,25
2026-07-31T19:00:26+00:00,Pantopia,11593,Serengeti Flyer,True,30
2026-07-31T19:00:26+00:00,Safari of Fun,1519,Air Grover,True,10
2026-07-31T19:00:26+00:00,Safari of Fun,1514,Big Bird's Whirly Birdie,False,0
2026-07-31T19:00:26+00:00,Safari of Fun,1513,Elmo's Safari Go-Round,False,0
2026-07-31T19:00:26+00:00,Safari of Fun,1516,Snuffy's Elephant Romp,False,0
2026-07-31T19:00:26+00:00,Safari of Fun,1524,The Count's Zambezi Rally,False,0
2026-07-31T19:00:26+00:00,Safari of Fun,1528,Zoe-Patra's Hippos of the Nile,False,0
2026-07-31T19:00:26+00:00,Stanleyville,1532,Serengeti Express (Stanleyville Station),False,0
2026-07-31T19:00:26+00:00,Stanleyville,6329,SheiKra,True,40
2026-07-31T19:00:26+00:00,Stanleyville,7310,Tigris,True,40
