timestamp_utc,land,ride_id,ride_name,is_open,wait_time
2026-07-31T01:00:06+00:00,Jurassic Park,6008,Camp Jurassic™,False,0
2026-07-31T01:00:06+00:00,Jurassic Park,6012,Jurassic Park Discovery Center,False,0
2026-07-31T01:00:06+00:00,Jurassic Park,5994,Jurassic Park River Adventure,False,0
2026-07-31T01:00:06+00:00,Jurassic Park,8721,Jurassic World VelociCoaster,True,45
2026-07-31T01:00:06+00:00,Jurassic Park,5999,Pteranodon Flyers,True,25
2026-07-31T01:00:06+00:00,Jurassic Park,6017,Skull Island: Reign of Kong™,True,5
2026-07-31T01:00:06+00:00,Marvel Super Hero Island,5988,Doctor Doom's Fearfall®,True,10
2026-07-31T01:00:06+00:00,Marvel Super Hero Island,16645,Doctor Doom's Fearfall® Single Rider,True,0
2026-07-31T01:00:06+00:00,Marvel Super Hero Island,6003,Storm Force Accelatron®,False,0
2026-07-31T01:00:06+00:00,Marvel Super Hero Island,5985,The Amazing Adventures of Spider-Man®,True,20
2026-07-31T01:00:06+00:00,Marvel Super Hero Island,6004,The Incredible Hulk Coaster®,True,25
2026-07-31T01:00:06+00:00,Marvel Super Hero Island,15384,The Incredible Hulk Coaster® Single Rider,True,0
2026-07-31T01:00:06+00:00,Seuss Landing,5986,Caro-Seuss-el™,True,5
2026-07-31T01:00:06+00:00,Seuss Landing,6011,If I Ran The Zoo™,False,0
2026-07-31T01:00:06+00:00,Seuss Landing,5997,One Fish; Two Fish; Red Fish; Blue Fish™,True,5
2026-07-31T01:00:06+00:00,Seuss Landing,5987,The Cat in The Hat™,True,5
2026-07-31T01:00:06+00:00,Seuss Landing,6001,The High in the Sky Seuss Trolley Train Ride!™,True,25
2026-07-31T01:00:06+00:00,The Wizarding World of Harry Potter - Hogsmeade,5991,Flight of the Hippogriff™,True,45
2026-07-31T01:00:06+00:00,The Wizarding World of Harry Potter - Hogsmeade,6682,Hagrid's Magical Creatures Motorbike Adventure™,True,80
2026-07-31T01:00:06+00:00,The Wizarding World of Harry Potter - Hogsmeade,5992,Harry Potter and the Forbidden Journey™,False,0
2026-07-31T01:00:06+00:00,The Wizarding World of Harry Potter - Hogsmeade,13113,Harry Potter and the Forbidden Journey™ Single Rider,True,0
2026-07-31T01:00:06+00:00,The Wizarding World of Harry Potter - Hogsmeade,6015,Hogwarts Express™ - Hogsmeade™ Station,True,10
2026-07-31T01:00:06+00:00,The Wizarding World of Harry Potter - Hogsmeade,13098,Ollivanders™ Experience in Hogsmeade™,True,15
2026-07-31T01:00:06+00:00,Toon Lagoon,5989,Dudley Do-Right's Ripsaw Falls®,True,15
2026-07-31T01:00:06+00:00,Toon Lagoon,6013,Me Ship; The Olive®,False,0
2026-07-31T01:00:06+00:00,Toon Lagoon,5998,Popeye & Bluto's Bilge-Rat Barges®,False,0
2026-07-31T01:13:21+00:00,Jurassic Park,6008,Camp Jurassic™,False,0
2026-07-31T01:13:21+00:00,Jurassic Park,6012,Jurassic Park Discovery Center,False,0
2026-07-31T01:13:21+00:00,Jurassic Park,5994,Jurassic Park River Adventure,False,0
2026-07-31T01:13:21+00:00,Jurassic Park,8721,Jurassic World VelociCoaster,False,0
2026-07-31T01:13:21+00:00,Jurassic Park,5999,Pteranodon Flyers,False,0
2026-07-31T01:13:21+00:00,Jurassic Park,6017,Skull Island: Reign of Kong™,False,0
2026-07-31T01:13:21+00:00,Marvel Super Hero Island,5988,Doctor Doom's Fearfall®,False,0
2026-07-31T01:13:21+00:00,Marvel Super Hero Island,16645,Doctor Doom's Fearfall® Single Rider,True,0
2026-07-31T01:13:21+00:00,Marvel Super Hero Island,6003,Storm Force Accelatron®,False,0
2026-07-31T01:13:21+00:00,Marvel Super Hero Island,5985,The Amazing Adventures of Spider-Man®,False,0
2026-07-31T01:13:21+00:00,Marvel Super Hero Island,6004,The Incredible Hulk Coaster®,False,0
2026-07-31T01:13:21+00:00,Marvel Super Hero Island,15384,The Incredible Hulk Coaster® Single Rider,True,0
2026-07-31T01:13:21+00:00,Seuss Landing,5986,Caro-Seuss-el™,False,0
2026-07-31T01:13:21+00:00,Seuss Landing,6011,If I Ran The Zoo™,False,0
2026-07-31T01:13:21+00:00,Seuss Landing,5997,One Fish; Two Fish; Red Fish; Blue Fish™,False,0
2026-07-31T01:13:21+00:00,Seuss Landing,5987,The Cat in The Hat™,False,0
2026-07-31T01:13:21+00:00,Seuss Landing,6001,The High in the Sky Seuss Trolley Train Ride!™,False,0
2026-07-31T01:13:21+00:00,The Wizarding World of Harry Potter - Hogsmeade,5991,Flight of the Hippogriff™,False,0
2026-07-31T01:13:21+00:00,The Wizarding World of Harry Potter - Hogsmeade,6682,Hagrid's Magical Creatures Motorbike Adventure™,False,0
2026-07-31T01:13:21+00:00,The Wizarding World of Harry Potter - Hogsmeade,5992,Harry Potter and the Forbidden Journey™,False,0
2026-07-31T01:13:21+00:00,The Wizarding World of Harry Potter - Hogsmeade,13113,Harry Potter and the Forbidden Journey™ Single Rider,True,0
2026-07-31T01:13:21+00:00,The Wizarding World of Harry Potter - Hogsmeade,6015,Hogwarts Express™ - Hogsmeade™ Station,False,0
2026-07-31T01:13:21+00:00,The Wizarding World of Harry Potter - Hogsmeade,13098,Ollivanders™ Experience in Hogsmeade™,True,15
2026-07-31T01:13:21+00:00,Toon Lagoon,5989,Dudley Do-Right's Ripsaw Falls®,False,0
2026-07-31T01:13:21+00:00,Toon Lagoon,6013,Me Ship; The Olive®,False,0
2026-07-31T01:13:21+00:00,Toon Lagoon,5998,Popeye & Bluto's Bilge-Rat Barges®,False,0
2026-07-31T02:36:43+00:00,Jurassic Park,6008,Camp Jurassic™,False,0
2026-07-31T02:36:43+00:00,Jurassic Park,6012,Jurassic Park Discovery Center,False,0
2026-07-31T02:36:43+00:00,Jurassic Park,5994,Jurassic Park River Adventure,False,0
2026-07-31T02:36:43+00:00,Jurassic Park,8721,Jurassic World VelociCoaster,False,0
2026-07-31T02:36:43+00:00,Jurassic Park,5999,Pteranodon Flyers,False,0
2026-07-31T02:36:43+00:00,Jurassic Park,6017,Skull Island: Reign of Kong™,False,0
2026-07-31T02:36:43+00:00,Marvel Super Hero Island,5988,Doctor Doom's Fearfall®,False,0
2026-07-31T02:36:43+00:00,Marvel Super Hero Island,16645,Doctor Doom's Fearfall® Single Rider,True,0
2026-07-31T02:36:43+00:00,Marvel Super Hero Island,6003,Storm Force Accelatron®,False,0
2026-07-31T02:36:43+00:00,Marvel Super Hero Island,5985,The Amazing Adventures of Spider-Man®,False,0
2026-07-31T02:36:43+00:00,Marvel Super Hero Island,6004,The Incredible Hulk Coaster®,False,0
2026-07-31T02:36:43+00:00,Marvel Super Hero Island,15384,The Incredible Hulk Coaster® Single Rider,True,0
2026-07-31T02:36:43+00:00,Seuss Landing,5986,Caro-Seuss-el™,False,0
2026-07-31T02:36:43+00:00,Seuss Landing,6011,If I Ran The Zoo™,False,0
2026-07-31T02:36:43+00:00,Seuss Landing,5997,One Fish; Two Fish; Red Fish; Blue Fish™,False,0
2026-07-31T02:36:43+00:00,Seuss Landing,5987,The Cat in The Hat™,False,0
2026-07-31T02:36:43+00:00,Seuss Landing,6001,The High in the Sky Seuss Trolley Train Ride!™,False,0
2026-07-31T02:36:43+00:00,The Wizarding World of Harry Potter - Hogsmeade,5991,Flight of the Hippogriff™,False,0
2026-07-31T02:36:43+00:00,The Wizarding World of Harry Potter - Hogsmeade,6682,Hagrid's Magical Creatures Motorbike Adventure™,False,0
2026-07-31T02:36:43+00:00,The Wizarding World of Harry Potter - Hogsmeade,5992,Harry Potter and the Forbidden Journey™,False,0
2026-07-31T02:36:43+00:00,The Wizarding World of Harry Potter - Hogsmeade,13113,Harry Potter and the Forbidden Journey™ Single Rider,True,0
2026-07-31T02:36:43+00:00,The Wizarding World of Harry Potter - Hogsmeade,6015,Hogwarts Express™ - Hogsmeade™ Station,False,0
2026-07-31T02:36:43+00:00,The Wizarding World of Harry Potter - Hogsmeade,13098,Ollivanders™ Experience in Hogsmeade™,True,15
2026-07-31T02:36:43+00:00,Toon Lagoon,5989,Dudley Do-Right's Ripsaw Falls®,False,0
2026-07-31T02:36:43+00:00,Toon Lagoon,6013,Me Ship; The Olive®,False,0
2026-07-31T02:36:43+00:00,Toon Lagoon,5998,Popeye & Bluto's Bilge-Rat Barges®,False,0
2026-07-31T02:51:08+00:00,Jurassic Park,6008,Camp Jurassic™,False,0
2026-07-31T02:51:08+00:00,Jurassic Park,6012,Jurassic Park Discovery Center,False,0
2026-07-31T02:51:08+00:00,Jurassic Park,5994,Jurassic Park River Adventure,False,0
2026-07-31T02:51:08+00:00,Jurassic Park,8721,Jurassic World VelociCoaster,False,0
2026-07-31T02:51:08+00:00,Jurassic Park,5999,Pteranodon Flyers,False,0
2026-07-31T02:51:08+00:00,Jurassic Park,6017,Skull Island: Reign of Kong™,False,0
2026-07-31T02:51:08+00:00,Marvel Super Hero Island,5988,Doctor Doom's Fearfall®,False,0
2026-07-31T02:51:08+00:00,Marvel Super Hero Island,16645,Doctor Doom's Fearfall® Single Rider,True,0
2026-07-31T02:51:08+00:00,Marvel Super Hero Island,6003,Storm Force Accelatron®,False,0
2026-07-31T02:51:08+00:00,Marvel Super Hero Island,5985,The Amazing Adventures of Spider-Man®,False,0
2026-07-31T02:51:08+00:00,Marvel Super Hero Island,6004,The Incredible Hulk Coaster®,False,0
2026-07-31T02:51:08+00:00,Marvel Super Hero Island,15384,The Incredible Hulk Coaster® Single Rider,True,0
2026-07-31T02:51:08+00:00,Seuss Landing,5986,Caro-Seuss-el™,False,0
2026-07-31T02:51:08+00:00,Seuss Landing,6011,If I Ran The Zoo™,False,0
2026-07-31T02:51:08+00:00,Seuss Landing,5997,One Fish; Two Fish; Red Fish; Blue Fish™,False,0
2026-07-31T02:51:08+00:00,Seuss Landing,5987,The Cat in The Hat™,False,0
2026-07-31T02:51:08+00:00,Seuss Landing,6001,The High in the Sky Seuss Trolley Train Ride!™,False,0
2026-07-31T02:51:08+00:00,The Wizarding World of Harry Potter - Hogsmeade,5991,Flight of the Hippogriff™,False,0
2026-07-31T02:51:08+00:00,The Wizarding World of Harry Potter - Hogsmeade,6682,Hagrid's Magical Creatures Motorbike Adventure™,False,0
2026-07-31T02:51:08+00:00,The Wizarding World of Harry Potter - Hogsmeade,5992,Harry Potter and the Forbidden Journey™,False,0
2026-07-31T02:51:08+00:00,The Wizarding World of Harry Potter - Hogsmeade,13113,Harry Potter and the Forbidden Journey™ Single Rider,True,0
2026-07-31T02:51:08+00:00,The Wizarding World of Harry Potter - Hogsmeade,6015,Hogwarts Express™ - Hogsmeade™ Station,False,0
2026-07-31T02:51:08+00:00,The Wizarding World of Harry Potter - Hogsmeade,13098,Ollivanders™ Experience in Hogsmeade™,True,15
2026-07-31T02:51:08+00:00,Toon Lagoon,5989,Dudley Do-Right's Ripsaw Falls®,False,0
2026-07-31T02:51:08+00:00,Toon Lagoon,6013,Me Ship; The Olive®,False,0
2026-07-31T02:51:08+00:00,Toon Lagoon,5998,Popeye & Bluto's Bilge-Rat Barges®,False,0
2026-07-31T02:53:35+00:00,Jurassic Park,6008,Camp Jurassic™,False,0
2026-07-31T02:53:35+00:00,Jurassic Park,6012,Jurassic Park Discovery Center,False,0
2026-07-31T02:53:35+00:00,Jurassic Park,5994,Jurassic Park River Adventure,False,0
2026-07-31T02:53:35+00:00,Jurassic Park,8721,Jurassic World VelociCoaster,False,0
2026-07-31T02:53:35+00:00,Jurassic Park,5999,Pteranodon Flyers,False,0
2026-07-31T02:53:35+00:00,Jurassic Park,6017,Skull Island: Reign of Kong™,False,0
2026-07-31T02:53:35+00:00,Marvel Super Hero Island,5988,Doctor Doom's Fearfall®,False,0
2026-07-31T02:53:35+00:00,Marvel Super Hero Island,16645,Doctor Doom's Fearfall® Single Rider,True,0
2026-07-31T02:53:35+00:00,Marvel Super Hero Island,6003,Storm Force Accelatron®,False,0
2026-07-31T02:53:35+00:00,Marvel Super Hero Island,5985,The Amazing Adventures of Spider-Man®,False,0
2026-07-31T02:53:35+00:00,Marvel Super Hero Island,6004,The Incredible Hulk Coaster®,False,0
2026-07-31T02:53:35+00:00,Marvel Super Hero Island,15384,The Incredible Hulk Coaster® Single Rider,True,0
2026-07-31T02:53:35+00:00,Seuss Landing,5986,Caro-Seuss-el™,False,0
2026-07-31T02:53:35+00:00,Seuss Landing,6011,If I Ran The Zoo™,False,0
2026-07-31T02:53:35+00:00,Seuss Landing,5997,One Fish; Two Fish; Red Fish; Blue Fish™,False,0
2026-07-31T02:53:35+00:00,Seuss Landing,5987,The Cat in The Hat™,False,0
2026-07-31T02:53:35+00:00,Seuss Landing,6001,The High in the Sky Seuss Trolley Train Ride!™,False,0
2026-07-31T02:53:35+00:00,The Wizarding World of Harry Potter - Hogsmeade,5991,Flight of the Hippogriff™,False,0
2026-07-31T02:53:35+00:00,The Wizarding World of Harry Potter - Hogsmeade,6682,Hagrid's Magical Creatures Motorbike Adventure™,False,0
2026-07-31T02:53:35+00:00,The Wizarding World of Harry Potter - Hogsmeade,5992,Harry Potter and the Forbidden Journey™,False,0
2026-07-31T02:53:35+00:00,The Wizarding World of Harry Potter - Hogsmeade,13113,Harry Potter and the Forbidden Journey™ Single Rider,True,0
2026-07-31T02:53:35+00:00,The Wizarding World of Harry Potter - Hogsmeade,6015,Hogwarts Express™ - Hogsmeade™ Station,False,0
2026-07-31T02:53:35+00:00,The Wizarding World of Harry Potter - Hogsmeade,13098,Ollivanders™ Experience in Hogsmeade™,True,15
2026-07-31T02:53:35+00:00,Toon Lagoon,5989,Dudley Do-Right's Ripsaw Falls®,False,0
2026-07-31T02:53:35+00:00,Toon Lagoon,6013,Me Ship; The Olive®,False,0
2026-07-31T02:53:35+00:00,Toon Lagoon,5998,Popeye & Bluto's Bilge-Rat Barges®,False,0
2026-07-31T03:02:09+00:00,Jurassic Park,6008,Camp Jurassic™,False,0
2026-07-31T03:02:09+00:00,Jurassic Park,6012,Jurassic Park Discovery Center,False,0
2026-07-31T03:02:09+00:00,Jurassic Park,5994,Jurassic Park River Adventure,False,0
2026-07-31T03:02:09+00:00,Jurassic Park,8721,Jurassic World VelociCoaster,False,0
2026-07-31T03:02:09+00:00,Jurassic Park,5999,Pteranodon Flyers,False,0
2026-07-31T03:02:09+00:00,Jurassic Park,6017,Skull Island: Reign of Kong™,False,0
2026-07-31T03:02:09+00:00,Marvel Super Hero Island,5988,Doctor Doom's Fearfall®,False,0
2026-07-31T03:02:09+00:00,Marvel Super Hero Island,16645,Doctor Doom's Fearfall® Single Rider,True,0
2026-07-31T03:02:09+00:00,Marvel Super Hero Island,6003,Storm Force Accelatron®,False,0
2026-07-31T03:02:09+00:00,Marvel Super Hero Island,5985,The Amazing Adventures of Spider-Man®,False,0
2026-07-31T03:02:09+00:00,Marvel Super Hero Island,6004,The Incredible Hulk Coaster®,False,0
2026-07-31T03:02:09+00:00,Marvel Super Hero Island,15384,The Incredible Hulk Coaster® Single Rider,True,0
2026-07-31T03:02:09+00:00,Seuss Landing,5986,Caro-Seuss-el™,False,0
2026-07-31T03:02:09+00:00,Seuss Landing,6011,If I Ran The Zoo™,False,0
2026-07-31T03:02:09+00:00,Seuss Landing,5997,One Fish; Two Fish; Red Fish; Blue Fish™,False,0
2026-07-31T03:02:09+00:00,Seuss Landing,5987,The Cat in The Hat™,False,0
2026-07-31T03:02:09+00:00,Seuss Landing,6001,The High in the Sky Seuss Trolley Train Ride!™,False,0
2026-07-31T03:02:09+00:00,The Wizarding World of Harry Potter - Hogsmeade,5991,Flight of the Hippogriff™,False,0
2026-07-31T03:02:09+00:00,The Wizarding World of Harry Potter - Hogsmeade,6682,Hagrid's Magical Creatures Motorbike Adventure™,False,0
2026-07-31T03:02:09+00:00,The Wizarding World of Harry Potter - Hogsmeade,5992,Harry Potter and the Forbidden Journey™,False,0
2026-07-31T03:02:09+00:00,The Wizarding World of Harry Potter - Hogsmeade,13113,Harry Potter and the Forbidden Journey™ Single Rider,True,0
2026-07-31T03:02:09+00:00,The Wizarding World of Harry Potter - Hogsmeade,6015,Hogwarts Express™ - Hogsmeade™ Station,False,0
2026-07-31T03:02:09+00:00,The Wizarding World of Harry Potter - Hogsmeade,13098,Ollivanders™ Experience in Hogsmeade™,True,15
2026-07-31T03:02:09+00:00,Toon Lagoon,5989,Dudley Do-Right's Ripsaw Falls®,False,0
2026-07-31T03:02:09+00:00,Toon Lagoon,6013,Me Ship; The Olive®,False,0
2026-07-31T03:02:09+00:00,Toon Lagoon,5998,Popeye & Bluto's Bilge-Rat Barges®,False,0
2026-07-31T03:03:08+00:00,Jurassic Park,6008,Camp Jurassic™,False,0
2026-07-31T03:03:08+00:00,Jurassic Park,6012,Jurassic Park Discovery Center,False,0
2026-07-31T03:03:08+00:00,Jurassic Park,5994,Jurassic Park River Adventure,False,0
2026-07-31T03:03:08+00:00,Jurassic Park,8721,Jurassic World VelociCoaster,False,0
2026-07-31T03:03:08+00:00,Jurassic Park,5999,Pteranodon Flyers,False,0
2026-07-31T03:03:08+00:00,Jurassic Park,6017,Skull Island: Reign of Kong™,False,0
2026-07-31T03:03:08+00:00,Marvel Super Hero Island,5988,Doctor Doom's Fearfall®,False,0
2026-07-31T03:03:08+00:00,Marvel Super Hero Island,16645,Doctor Doom's Fearfall® Single Rider,True,0
2026-07-31T03:03:08+00:00,Marvel Super Hero Island,6003,Storm Force Accelatron®,False,0
2026-07-31T03:03:08+00:00,Marvel Super Hero Island,5985,The Amazing Adventures of Spider-Man®,False,0
2026-07-31T03:03:08+00:00,Marvel Super Hero Island,6004,The Incredible Hulk Coaster®,False,0
2026-07-31T03:03:08+00:00,Marvel Super Hero Island,15384,The Incredible Hulk Coaster® Single Rider,True,0
2026-07-31T03:03:08+00:00,Seuss Landing,5986,Caro-Seuss-el™,False,0
2026-07-31T03:03:08+00:00,Seuss Landing,6011,If I Ran The Zoo™,False,0
2026-07-31T03:03:08+00:00,Seuss Landing,5997,One Fish; Two Fish; Red Fish; Blue Fish™,False,0
2026-07-31T03:03:08+00:00,Seuss Landing,5987,The Cat in The Hat™,False,0
2026-07-31T03:03:08+00:00,Seuss Landing,6001,The High in the Sky Seuss Trolley Train Ride!™,False,0
2026-07-31T03:03:08+00:00,The Wizarding World of Harry Potter - Hogsmeade,5991,Flight of the Hippogriff™,False,0
2026-07-31T03:03:08+00:00,The Wizarding World of Harry Potter - Hogsmeade,6682,Hagrid's Magical Creatures Motorbike Adventure™,False,0
2026-07-31T03:03:08+00:00,The Wizarding World of Harry Potter - Hogsmeade,5992,Harry Potter and the Forbidden Journey™,False,0
2026-07-31T03:03:08+00:00,The Wizarding World of Harry Potter - Hogsmeade,13113,Harry Potter and the Forbidden Journey™ Single Rider,True,0
2026-07-31T03:03:08+00:00,The Wizarding World of Harry Potter - Hogsmeade,6015,Hogwarts Express™ - Hogsmeade™ Station,False,0
2026-07-31T03:03:08+00:00,The Wizarding World of Harry Potter - Hogsmeade,13098,Ollivanders™ Experience in Hogsmeade™,True,15
2026-07-31T03:03:08+00:00,Toon Lagoon,5989,Dudley Do-Right's Ripsaw Falls®,False,0
2026-07-31T03:03:08+00:00,Toon Lagoon,6013,Me Ship; The Olive®,False,0
2026-07-31T03:03:08+00:00,Toon Lagoon,5998,Popeye & Bluto's Bilge-Rat Barges®,False,0
2026-07-31T03:05:11+00:00,Jurassic Park,6008,Camp Jurassic™,False,0
2026-07-31T03:05:11+00:00,Jurassic Park,6012,Jurassic Park Discovery Center,False,0
2026-07-31T03:05:11+00:00,Jurassic Park,5994,Jurassic Park River Adventure,False,0
2026-07-31T03:05:11+00:00,Jurassic Park,8721,Jurassic World VelociCoaster,False,0
2026-07-31T03:05:11+00:00,Jurassic Park,5999,Pteranodon Flyers,False,0
2026-07-31T03:05:11+00:00,Jurassic Park,6017,Skull Island: Reign of Kong™,False,0
2026-07-31T03:05:11+00:00,Marvel Super Hero Island,5988,Doctor Doom's Fearfall®,False,0
2026-07-31T03:05:11+00:00,Marvel Super Hero Island,16645,Doctor Doom's Fearfall® Single Rider,True,0
2026-07-31T03:05:11+00:00,Marvel Super Hero Island,6003,Storm Force Accelatron®,False,0
2026-07-31T03:05:11+00:00,Marvel Super Hero Island,5985,The Amazing Adventures of Spider-Man®,False,0
2026-07-31T03:05:11+00:00,Marvel Super Hero Island,6004,The Incredible Hulk Coaster®,False,0
2026-07-31T03:05:11+00:00,Marvel Super Hero Island,15384,The Incredible Hulk Coaster® Single Rider,True,0
2026-07-31T03:05:11+00:00,Seuss Landing,5986,Caro-Seuss-el™,False,0
2026-07-31T03:05:11+00:00,Seuss Landing,6011,If I Ran The Zoo™,False,0
2026-07-31T03:05:11+00:00,Seuss Landing,5997,One Fish; Two Fish; Red Fish; Blue Fish™,False,0
2026-07-31T03:05:11+00:00,Seuss Landing,5987,The Cat in The Hat™,False,0
2026-07-31T03:05:11+00:00,Seuss Landing,6001,The High in the Sky Seuss Trolley Train Ride!™,False,0
2026-07-31T03:05:11+00:00,The Wizarding World of Harry Potter - Hogsmeade,5991,Flight of the Hippogriff™,False,0
2026-07-31T03:05:11+00:00,The Wizarding World of Harry Potter - Hogsmeade,6682,Hagrid's Magical Creatures Motorbike Adventure™,False,0
2026-07-31T03:05:11+00:00,The Wizarding World of Harry Potter - Hogsmeade,5992,Harry Potter and the Forbidden Journey™,False,0
2026-07-31T03:05:11+00:00,The Wizarding World of Harry Potter - Hogsmeade,13113,Harry Potter and the Forbidden Journey™ Single Rider,True,0
2026-07-31T03:05:11+00:00,The Wizarding World of Harry Potter - Hogsmeade,6015,Hogwarts Express™ - Hogsmeade™ Station,False,0
2026-07-31T03:05:11+00:00,The Wizarding World of Harry Potter - Hogsmeade,13098,Ollivanders™ Experience in Hogsmeade™,True,15
2026-07-31T03:05:11+00:00,Toon Lagoon,5989,Dudley Do-Right's Ripsaw Falls®,False,0
2026-07-31T03:05:11+00:00,Toon Lagoon,6013,Me Ship; The Olive®,False,0
2026-07-31T03:05:11+00:00,Toon Lagoon,5998,Popeye & Bluto's Bilge-Rat Barges®,False,0
2026-07-31T03:10:15+00:00,Jurassic Park,6008,Camp Jurassic™,False,0
2026-07-31T03:10:15+00:00,Jurassic Park,6012,Jurassic Park Discovery Center,False,0
2026-07-31T03:10:15+00:00,Jurassic Park,5994,Jurassic Park River Adventure,False,0
2026-07-31T03:10:15+00:00,Jurassic Park,8721,Jurassic World VelociCoaster,False,0
2026-07-31T03:10:15+00:00,Jurassic Park,5999,Pteranodon Flyers,False,0
2026-07-31T03:10:15+00:00,Jurassic Park,6017,Skull Island: Reign of Kong™,False,0
2026-07-31T03:10:15+00:00,Marvel Super Hero Island,5988,Doctor Doom's Fearfall®,False,0
2026-07-31T03:10:15+00:00,Marvel Super Hero Island,16645,Doctor Doom's Fearfall® Single Rider,True,0
2026-07-31T03:10:15+00:00,Marvel Super Hero Island,6003,Storm Force Accelatron®,False,0
2026-07-31T03:10:15+00:00,Marvel Super Hero Island,5985,The Amazing Adventures of Spider-Man®,False,0
2026-07-31T03:10:15+00:00,Marvel Super Hero Island,6004,The Incredible Hulk Coaster®,False,0
2026-07-31T03:10:15+00:00,Marvel Super Hero Island,15384,The Incredible Hulk Coaster® Single Rider,True,0
2026-07-31T03:10:15+00:00,Seuss Landing,5986,Caro-Seuss-el™,False,0
2026-07-31T03:10:15+00:00,Seuss Landing,6011,If I Ran The Zoo™,False,0
2026-07-31T03:10:15+00:00,Seuss Landing,5997,One Fish; Two Fish; Red Fish; Blue Fish™,False,0
2026-07-31T03:10:15+00:00,Seuss Landing,5987,The Cat in The Hat™,False,0
2026-07-31T03:10:15+00:00,Seuss Landing,6001,The High in the Sky Seuss Trolley Train Ride!™,False,0
2026-07-31T03:10:15+00:00,The Wizarding World of Harry Potter - Hogsmeade,5991,Flight of the Hippogriff™,False,0
2026-07-31T03:10:15+00:00,The Wizarding World of Harry Potter - Hogsmeade,6682,Hagrid's Magical Creatures Motorbike Adventure™,False,0
2026-07-31T03:10:15+00:00,The Wizarding World of Harry Potter - Hogsmeade,5992,Harry Potter and the Forbidden Journey™,False,0
2026-07-31T03:10:15+00:00,The Wizarding World of Harry Potter - Hogsmeade,13113,Harry Potter and the Forbidden Journey™ Single Rider,True,0
2026-07-31T03:10:15+00:00,The Wizarding World of Harry Potter - Hogsmeade,6015,Hogwarts Express™ - Hogsmeade™ Station,False,0
2026-07-31T03:10:15+00:00,The Wizarding World of Harry Potter - Hogsmeade,13098,Ollivanders™ Experience in Hogsmeade™,True,15
2026-07-31T03:10:15+00:00,Toon Lagoon,5989,Dudley Do-Right's Ripsaw Falls®,False,0
2026-07-31T03:10:15+00:00,Toon Lagoon,6013,Me Ship; The Olive®,False,0
2026-07-31T03:10:15+00:00,Toon Lagoon,5998,Popeye & Bluto's Bilge-Rat Barges®,False,0
2026-07-31T03:15:20+00:00,Jurassic Park,6008,Camp Jurassic™,False,0
2026-07-31T03:15:20+00:00,Jurassic Park,6012,Jurassic Park Discovery Center,False,0
2026-07-31T03:15:20+00:00,Jurassic Park,5994,Jurassic Park River Adventure,False,0
2026-07-31T03:15:20+00:00,Jurassic Park,8721,Jurassic World VelociCoaster,False,0
2026-07-31T03:15:20+00:00,Jurassic Park,5999,Pteranodon Flyers,False,0
2026-07-31T03:15:20+00:00,Jurassic Park,6017,Skull Island: Reign of Kong™,False,0
2026-07-31T03:15:20+00:00,Marvel Super Hero Island,5988,Doctor Doom's Fearfall®,False,0
2026-07-31T03:15:20+00:00,Marvel Super Hero Island,16645,Doctor Doom's Fearfall® Single Rider,True,0
2026-07-31T03:15:20+00:00,Marvel Super Hero Island,6003,Storm Force Accelatron®,False,0
2026-07-31T03:15:20+00:00,Marvel Super Hero Island,5985,The Amazing Adventures of Spider-Man®,False,0
2026-07-31T03:15:20+00:00,Marvel Super Hero Island,6004,The Incredible Hulk Coaster®,False,0
2026-07-31T03:15:20+00:00,Marvel Super Hero Island,15384,The Incredible Hulk Coaster® Single Rider,True,0
2026-07-31T03:15:20+00:00,Seuss Landing,5986,Caro-Seuss-el™,False,0
2026-07-31T03:15:20+00:00,Seuss Landing,6011,If I Ran The Zoo™,False,0
2026-07-31T03:15:20+00:00,Seuss Landing,5997,One Fish; Two Fish; Red Fish; Blue Fish™,False,0
2026-07-31T03:15:20+00:00,Seuss Landing,5987,The Cat in The Hat™,False,0
2026-07-31T03:15:20+00:00,Seuss Landing,6001,The High in the Sky Seuss Trolley Train Ride!™,False,0
2026-07-31T03:15:20+00:00,The Wizarding World of Harry Potter - Hogsmeade,5991,Flight of the Hippogriff™,False,0
2026-07-31T03:15:20+00:00,The Wizarding World of Harry Potter - Hogsmeade,6682,Hagrid's Magical Creatures Motorbike Adventure™,False,0
2026-07-31T03:15:20+00:00,The Wizarding World of Harry Potter - Hogsmeade,5992,Harry Potter and the Forbidden Journey™,False,0
2026-07-31T03:15:20+00:00,The Wizarding World of Harry Potter - Hogsmeade,13113,Harry Potter and the Forbidden Journey™ Single Rider,True,0
2026-07-31T03:15:20+00:00,The Wizarding World of Harry Potter - Hogsmeade,6015,Hogwarts Express™ - Hogsmeade™ Station,False,0
2026-07-31T03:15:20+00:00,The Wizarding World of Harry Potter - Hogsmeade,13098,Ollivanders™ Experience in Hogsmeade™,True,15
2026-07-31T03:15:20+00:00,Toon Lagoon,5989,Dudley Do-Right's Ripsaw Falls®,False,0
2026-07-31T03:15:20+00:00,Toon Lagoon,6013,Me Ship; The Olive®,False,0
2026-07-31T03:15:20+00:00,Toon Lagoon,5998,Popeye & Bluto's Bilge-Rat Barges®,False,0
2026-07-31T03:20:12+00:00,Jurassic Park,6008,Camp Jurassic™,False,0
2026-07-31T03:20:12+00:00,Jurassic Park,6012,Jurassic Park Discovery Center,False,0
2026-07-31T03:20:12+00:00,Jurassic Park,5994,Jurassic Park River Adventure,False,0
2026-07-31T03:20:12+00:00,Jurassic Park,8721,Jurassic World VelociCoaster,False,0
2026-07-31T03:20:12+00:00,Jurassic Park,5999,Pteranodon Flyers,False,0
2026-07-31T03:20:12+00:00,Jurassic Park,6017,Skull Island: Reign of Kong™,False,0
2026-07-31T03:20:12+00:00,Marvel Super Hero Island,5988,Doctor Doom's Fearfall®,False,0
2026-07-31T03:20:12+00:00,Marvel Super Hero Island,16645,Doctor Doom's Fearfall® Single Rider,True,0
2026-07-31T03:20:12+00:00,Marvel Super Hero Island,6003,Storm Force Accelatron®,False,0
2026-07-31T03:20:12+00:00,Marvel Super Hero Island,5985,The Amazing Adventures of Spider-Man®,False,0
2026-07-31T03:20:12+00:00,Marvel Super Hero Island,6004,The Incredible Hulk Coaster®,False,0
2026-07-31T03:20:12+00:00,Marvel Super Hero Island,15384,The Incredible Hulk Coaster® Single Rider,True,0
2026-07-31T03:20:12+00:00,Seuss Landing,5986,Caro-Seuss-el™,False,0
2026-07-31T03:20:12+00:00,Seuss Landing,6011,If I Ran The Zoo™,False,0
2026-07-31T03:20:12+00:00,Seuss Landing,5997,One Fish; Two Fish; Red Fish; Blue Fish™,False,0
2026-07-31T03:20:12+00:00,Seuss Landing,5987,The Cat in The Hat™,False,0
2026-07-31T03:20:12+00:00,Seuss Landing,6001,The High in the Sky Seuss Trolley Train Ride!™,False,0
2026-07-31T03:20:12+00:00,The Wizarding World of Harry Potter - Hogsmeade,5991,Flight of the Hippogriff™,False,0
2026-07-31T03:20:12+00:00,The Wizarding World of Harry Potter - Hogsmeade,6682,Hagrid's Magical Creatures Motorbike Adventure™,False,0
2026-07-31T03:20:12+00:00,The Wizarding World of Harry Potter - Hogsmeade,5992,Harry Potter and the Forbidden Journey™,False,0
2026-07-31T03:20:12+00:00,The Wizarding World of Harry Potter - Hogsmeade,13113,Harry Potter and the Forbidden Journey™ Single Rider,True,0
2026-07-31T03:20:12+00:00,The Wizarding World of Harry Potter - Hogsmeade,6015,Hogwarts Express™ - Hogsmeade™ Station,False,0
2026-07-31T03:20:12+00:00,The Wizarding World of Harry Potter - Hogsmeade,13098,Ollivanders™ Experience in Hogsmeade™,True,15
2026-07-31T03:20:12+00:00,Toon Lagoon,5989,Dudley Do-Right's Ripsaw Falls®,False,0
2026-07-31T03:20:12+00:00,Toon Lagoon,6013,Me Ship; The Olive®,False,0
2026-07-31T03:20:12+00:00,Toon Lagoon,5998,Popeye & Bluto's Bilge-Rat Barges®,False,0
2026-07-31T03:25:10+00:00,Jurassic Park,6008,Camp Jurassic™,False,0
2026-07-31T03:25:10+00:00,Jurassic Park,6012,Jurassic Park Discovery Center,False,0
2026-07-31T03:25:10+00:00,Jurassic Park,5994,Jurassic Park River Adventure,False,0
2026-07-31T03:25:10+00:00,Jurassic Park,8721,Jurassic World VelociCoaster,False,0
2026-07-31T03:25:10+00:00,Jurassic Park,5999,Pteranodon Flyers,False,0
2026-07-31T03:25:10+00:00,Jurassic Park,6017,Skull Island: Reign of Kong™,False,0
2026-07-31T03:25:10+00:00,Marvel Super Hero Island,5988,Doctor Doom's Fearfall®,False,0
2026-07-31T03:25:10+00:00,Marvel Super Hero Island,16645,Doctor Doom's Fearfall® Single Rider,True,0
2026-07-31T03:25:10+00:00,Marvel Super Hero Island,6003,Storm Force Accelatron®,False,0
2026-07-31T03:25:10+00:00,Marvel Super Hero Island,5985,The Amazing Adventures of Spider-Man®,False,0
2026-07-31T03:25:10+00:00,Marvel Super Hero Island,6004,The Incredible Hulk Coaster®,False,0
2026-07-31T03:25:10+00:00,Marvel Super Hero Island,15384,The Incredible Hulk Coaster® Single Rider,True,0
2026-07-31T03:25:10+00:00,Seuss Landing,5986,Caro-Seuss-el™,False,0
2026-07-31T03:25:10+00:00,Seuss Landing,6011,If I Ran The Zoo™,False,0
2026-07-31T03:25:10+00:00,Seuss Landing,5997,One Fish; Two Fish; Red Fish; Blue Fish™,False,0
2026-07-31T03:25:10+00:00,Seuss Landing,5987,The Cat in The Hat™,False,0
2026-07-31T03:25:10+00:00,Seuss Landing,6001,The High in the Sky Seuss Trolley Train Ride!™,False,0
2026-07-31T03:25:10+00:00,The Wizarding World of Harry Potter - Hogsmeade,5991,Flight of the Hippogriff™,False,0
2026-07-31T03:25:10+00:00,The Wizarding World of Harry Potter - Hogsmeade,6682,Hagrid's Magical Creatures Motorbike Adventure™,False,0
2026-07-31T03:25:10+00:00,The Wizarding World of Harry Potter - Hogsmeade,5992,Harry Potter and the Forbidden Journey™,False,0
2026-07-31T03:25:10+00:00,The Wizarding World of Harry Potter - Hogsmeade,13113,Harry Potter and the Forbidden Journey™ Single Rider,True,0
2026-07-31T03:25:10+00:00,The Wizarding World of Harry Potter - Hogsmeade,6015,Hogwarts Express™ - Hogsmeade™ Station,False,0
2026-07-31T03:25:10+00:00,The Wizarding World of Harry Potter - Hogsmeade,13098,Ollivanders™ Experience in Hogsmeade™,True,15
2026-07-31T03:25:10+00:00,Toon Lagoon,5989,Dudley Do-Right's Ripsaw Falls®,False,0
2026-07-31T03:25:10+00:00,Toon Lagoon,6013,Me Ship; The Olive®,False,0
2026-07-31T03:25:10+00:00,Toon Lagoon,5998,Popeye & Bluto's Bilge-Rat Barges®,False,0
2026-07-31T03:30:15+00:00,Jurassic Park,6008,Camp Jurassic™,False,0
2026-07-31T03:30:15+00:00,Jurassic Park,6012,Jurassic Park Discovery Center,False,0
2026-07-31T03:30:15+00:00,Jurassic Park,5994,Jurassic Park River Adventure,False,0
2026-07-31T03:30:15+00:00,Jurassic Park,8721,Jurassic World VelociCoaster,False,0
2026-07-31T03:30:15+00:00,Jurassic Park,5999,Pteranodon Flyers,False,0
2026-07-31T03:30:15+00:00,Jurassic Park,6017,Skull Island: Reign of Kong™,False,0
2026-07-31T03:30:15+00:00,Marvel Super Hero Island,5988,Doctor Doom's Fearfall®,False,0
2026-07-31T03:30:15+00:00,Marvel Super Hero Island,16645,Doctor Doom's Fearfall® Single Rider,True,0
2026-07-31T03:30:15+00:00,Marvel Super Hero Island,6003,Storm Force Accelatron®,False,0
2026-07-31T03:30:15+00:00,Marvel Super Hero Island,5985,The Amazing Adventures of Spider-Man®,False,0
2026-07-31T03:30:15+00:00,Marvel Super Hero Island,6004,The Incredible Hulk Coaster®,False,0
2026-07-31T03:30:15+00:00,Marvel Super Hero Island,15384,The Incredible Hulk Coaster® Single Rider,True,0
2026-07-31T03:30:15+00:00,Seuss Landing,5986,Caro-Seuss-el™,False,0
2026-07-31T03:30:15+00:00,Seuss Landing,6011,If I Ran The Zoo™,False,0
2026-07-31T03:30:15+00:00,Seuss Landing,5997,One Fish; Two Fish; Red Fish; Blue Fish™,False,0
2026-07-31T03:30:15+00:00,Seuss Landing,5987,The Cat in The Hat™,False,0
2026-07-31T03:30:15+00:00,Seuss Landing,6001,The High in the Sky Seuss Trolley Train Ride!™,False,0
2026-07-31T03:30:15+00:00,The Wizarding World of Harry Potter - Hogsmeade,5991,Flight of the Hippogriff™,False,0
2026-07-31T03:30:15+00:00,The Wizarding World of Harry Potter - Hogsmeade,6682,Hagrid's Magical Creatures Motorbike Adventure™,False,0
2026-07-31T03:30:15+00:00,The Wizarding World of Harry Potter - Hogsmeade,5992,Harry Potter and the Forbidden Journey™,False,0
2026-07-31T03:30:15+00:00,The Wizarding World of Harry Potter - Hogsmeade,13113,Harry Potter and the Forbidden Journey™ Single Rider,True,0
2026-07-31T03:30:15+00:00,The Wizarding World of Harry Potter - Hogsmeade,6015,Hogwarts Express™ - Hogsmeade™ Station,False,0
2026-07-31T03:30:15+00:00,The Wizarding World of Harry Potter - Hogsmeade,13098,Ollivanders™ Experience in Hogsmeade™,True,15
2026-07-31T03:30:15+00:00,Toon Lagoon,5989,Dudley Do-Right's Ripsaw Falls®,False,0
2026-07-31T03:30:15+00:00,Toon Lagoon,6013,Me Ship; The Olive®,False,0
2026-07-31T03:30:15+00:00,Toon Lagoon,5998,Popeye & Bluto's Bilge-Rat Barges®,False,0
2026-07-31T03:35:18+00:00,Jurassic Park,6008,Camp Jurassic™,False,0
2026-07-31T03:35:18+00:00,Jurassic Park,6012,Jurassic Park Discovery Center,False,0
2026-07-31T03:35:18+00:00,Jurassic Park,5994,Jurassic Park River Adventure,False,0
2026-07-31T03:35:18+00:00,Jurassic Park,8721,Jurassic World VelociCoaster,False,0
2026-07-31T03:35:18+00:00,Jurassic Park,5999,Pteranodon Flyers,False,0
2026-07-31T03:35:18+00:00,Jurassic Park,6017,Skull Island: Reign of Kong™,False,0
2026-07-31T03:35:18+00:00,Marvel Super Hero Island,5988,Doctor Doom's Fearfall®,False,0
2026-07-31T03:35:18+00:00,Marvel Super Hero Island,16645,Doctor Doom's Fearfall® Single Rider,True,0
2026-07-31T03:35:18+00:00,Marvel Super Hero Island,6003,Storm Force Accelatron®,False,0
2026-07-31T03:35:18+00:00,Marvel Super Hero Island,5985,The Amazing Adventures of Spider-Man®,False,0
2026-07-31T03:35:18+00:00,Marvel Super Hero Island,6004,The Incredible Hulk Coaster®,False,0
2026-07-31T03:35:18+00:00,Marvel Super Hero Island,15384,The Incredible Hulk Coaster® Single Rider,True,0
2026-07-31T03:35:18+00:00,Seuss Landing,5986,Caro-Seuss-el™,False,0
2026-07-31T03:35:18+00:00,Seuss Landing,6011,If I Ran The Zoo™,False,0
2026-07-31T03:35:18+00:00,Seuss Landing,5997,One Fish; Two Fish; Red Fish; Blue Fish™,False,0
2026-07-31T03:35:18+00:00,Seuss Landing,5987,The Cat in The Hat™,False,0
2026-07-31T03:35:18+00:00,Seuss Landing,6001,The High in the Sky Seuss Trolley Train Ride!™,False,0
2026-07-31T03:35:18+00:00,The Wizarding World of Harry Potter - Hogsmeade,5991,Flight of the Hippogriff™,False,0
2026-07-31T03:35:18+00:00,The Wizarding World of Harry Potter - Hogsmeade,6682,Hagrid's Magical Creatures Motorbike Adventure™,False,0
2026-07-31T03:35:18+00:00,The Wizarding World of Harry Potter - Hogsmeade,5992,Harry Potter and the Forbidden Journey™,False,0
2026-07-31T03:35:18+00:00,The Wizarding World of Harry Potter - Hogsmeade,13113,Harry Potter and the Forbidden Journey™ Single Rider,True,0
2026-07-31T03:35:18+00:00,The Wizarding World of Harry Potter - Hogsmeade,6015,Hogwarts Express™ - Hogsmeade™ Station,False,0
2026-07-31T03:35:18+00:00,The Wizarding World of Harry Potter - Hogsmeade,13098,Ollivanders™ Experience in Hogsmeade™,True,15
2026-07-31T03:35:18+00:00,Toon Lagoon,5989,Dudley Do-Right's Ripsaw Falls®,False,0
2026-07-31T03:35:18+00:00,Toon Lagoon,6013,Me Ship; The Olive®,False,0
2026-07-31T03:35:18+00:00,Toon Lagoon,5998,Popeye & Bluto's Bilge-Rat Barges®,False,0
2026-07-31T03:40:15+00:00,Jurassic Park,6008,Camp Jurassic™,False,0
2026-07-31T03:40:15+00:00,Jurassic Park,6012,Jurassic Park Discovery Center,False,0
2026-07-31T03:40:15+00:00,Jurassic Park,5994,Jurassic Park River Adventure,False,0
2026-07-31T03:40:15+00:00,Jurassic Park,8721,Jurassic World VelociCoaster,False,0
2026-07-31T03:40:15+00:00,Jurassic Park,5999,Pteranodon Flyers,False,0
2026-07-31T03:40:15+00:00,Jurassic Park,6017,Skull Island: Reign of Kong™,False,0
2026-07-31T03:40:15+00:00,Marvel Super Hero Island,5988,Doctor Doom's Fearfall®,False,0
2026-07-31T03:40:15+00:00,Marvel Super Hero Island,16645,Doctor Doom's Fearfall® Single Rider,True,0
2026-07-31T03:40:15+00:00,Marvel Super Hero Island,6003,Storm Force Accelatron®,False,0
2026-07-31T03:40:15+00:00,Marvel Super Hero Island,5985,The Amazing Adventures of Spider-Man®,False,0
2026-07-31T03:40:15+00:00,Marvel Super Hero Island,6004,The Incredible Hulk Coaster®,False,0
2026-07-31T03:40:15+00:00,Marvel Super Hero Island,15384,The Incredible Hulk Coaster® Single Rider,True,0
2026-07-31T03:40:15+00:00,Seuss Landing,5986,Caro-Seuss-el™,False,0
2026-07-31T03:40:15+00:00,Seuss Landing,6011,If I Ran The Zoo™,False,0
2026-07-31T03:40:15+00:00,Seuss Landing,5997,One Fish; Two Fish; Red Fish; Blue Fish™,False,0
2026-07-31T03:40:15+00:00,Seuss Landing,5987,The Cat in The Hat™,False,0
2026-07-31T03:40:15+00:00,Seuss Landing,6001,The High in the Sky Seuss Trolley Train Ride!™,False,0
2026-07-31T03:40:15+00:00,The Wizarding World of Harry Potter - Hogsmeade,5991,Flight of the Hippogriff™,False,0
2026-07-31T03:40:15+00:00,The Wizarding World of Harry Potter - Hogsmeade,6682,Hagrid's Magical Creatures Motorbike Adventure™,False,0
2026-07-31T03:40:15+00:00,The Wizarding World of Harry Potter - Hogsmeade,5992,Harry Potter and the Forbidden Journey™,False,0
2026-07-31T03:40:15+00:00,The Wizarding World of Harry Potter - Hogsmeade,13113,Harry Potter and the Forbidden Journey™ Single Rider,True,0
2026-07-31T03:40:15+00:00,The Wizarding World of Harry Potter - Hogsmeade,6015,Hogwarts Express™ - Hogsmeade™ Station,False,0
2026-07-31T03:40:15+00:00,The Wizarding World of Harry Potter - Hogsmeade,13098,Ollivanders™ Experience in Hogsmeade™,True,15
2026-07-31T03:40:15+00:00,Toon Lagoon,5989,Dudley Do-Right's Ripsaw Falls®,False,0
2026-07-31T03:40:15+00:00,Toon Lagoon,6013,Me Ship; The Olive®,False,0
2026-07-31T03:40:15+00:00,Toon Lagoon,5998,Popeye & Bluto's Bilge-Rat Barges®,False,0
2026-07-31T03:45:13+00:00,Jurassic Park,6008,Camp Jurassic™,False,0
2026-07-31T03:45:13+00:00,Jurassic Park,6012,Jurassic Park Discovery Center,False,0
2026-07-31T03:45:13+00:00,Jurassic Park,5994,Jurassic Park River Adventure,False,0
2026-07-31T03:45:13+00:00,Jurassic Park,8721,Jurassic World VelociCoaster,False,0
2026-07-31T03:45:13+00:00,Jurassic Park,5999,Pteranodon Flyers,False,0
2026-07-31T03:45:13+00:00,Jurassic Park,6017,Skull Island: Reign of Kong™,False,0
2026-07-31T03:45:13+00:00,Marvel Super Hero Island,5988,Doctor Doom's Fearfall®,False,0
2026-07-31T03:45:13+00:00,Marvel Super Hero Island,16645,Doctor Doom's Fearfall® Single Rider,True,0
2026-07-31T03:45:13+00:00,Marvel Super Hero Island,6003,Storm Force Accelatron®,False,0
2026-07-31T03:45:13+00:00,Marvel Super Hero Island,5985,The Amazing Adventures of Spider-Man®,False,0
2026-07-31T03:45:13+00:00,Marvel Super Hero Island,6004,The Incredible Hulk Coaster®,False,0
2026-07-31T03:45:13+00:00,Marvel Super Hero Island,15384,The Incredible Hulk Coaster® Single Rider,True,0
2026-07-31T03:45:13+00:00,Seuss Landing,5986,Caro-Seuss-el™,False,0
2026-07-31T03:45:13+00:00,Seuss Landing,6011,If I Ran The Zoo™,False,0
2026-07-31T03:45:13+00:00,Seuss Landing,5997,One Fish; Two Fish; Red Fish; Blue Fish™,False,0
2026-07-31T03:45:13+00:00,Seuss Landing,5987,The Cat in The Hat™,False,0
2026-07-31T03:45:13+00:00,Seuss Landing,6001,The High in the Sky Seuss Trolley Train Ride!™,False,0
2026-07-31T03:45:13+00:00,The Wizarding World of Harry Potter - Hogsmeade,5991,Flight of the Hippogriff™,False,0
2026-07-31T03:45:13+00:00,The Wizarding World of Harry Potter - Hogsmeade,6682,Hagrid's Magical Creatures Motorbike Adventure™,False,0
2026-07-31T03:45:13+00:00,The Wizarding World of Harry Potter - Hogsmeade,5992,Harry Potter and the Forbidden Journey™,False,0
2026-07-31T03:45:13+00:00,The Wizarding World of Harry Potter - Hogsmeade,13113,Harry Potter and the Forbidden Journey™ Single Rider,True,0
2026-07-31T03:45:13+00:00,The Wizarding World of Harry Potter - Hogsmeade,6015,Hogwarts Express™ - Hogsmeade™ Station,False,0
2026-07-31T03:45:13+00:00,The Wizarding World of Harry Potter - Hogsmeade,13098,Ollivanders™ Experience in Hogsmeade™,True,15
2026-07-31T03:45:13+00:00,Toon Lagoon,5989,Dudley Do-Right's Ripsaw Falls®,False,0
2026-07-31T03:45:13+00:00,Toon Lagoon,6013,Me Ship; The Olive®,False,0
2026-07-31T03:45:13+00:00,Toon Lagoon,5998,Popeye & Bluto's Bilge-Rat Barges®,False,0
2026-07-31T03:50:13+00:00,Jurassic Park,6008,Camp Jurassic™,False,0
2026-07-31T03:50:13+00:00,Jurassic Park,6012,Jurassic Park Discovery Center,False,0
2026-07-31T03:50:13+00:00,Jurassic Park,5994,Jurassic Park River Adventure,False,0
2026-07-31T03:50:13+00:00,Jurassic Park,8721,Jurassic World VelociCoaster,False,0
2026-07-31T03:50:13+00:00,Jurassic Park,5999,Pteranodon Flyers,False,0
2026-07-31T03:50:13+00:00,Jurassic Park,6017,Skull Island: Reign of Kong™,False,0
2026-07-31T03:50:13+00:00,Marvel Super Hero Island,5988,Doctor Doom's Fearfall®,False,0
2026-07-31T03:50:13+00:00,Marvel Super Hero Island,16645,Doctor Doom's Fearfall® Single Rider,True,0
2026-07-31T03:50:13+00:00,Marvel Super Hero Island,6003,Storm Force Accelatron®,False,0
2026-07-31T03:50:13+00:00,Marvel Super Hero Island,5985,The Amazing Adventures of Spider-Man®,False,0
2026-07-31T03:50:13+00:00,Marvel Super Hero Island,6004,The Incredible Hulk Coaster®,False,0
2026-07-31T03:50:13+00:00,Marvel Super Hero Island,15384,The Incredible Hulk Coaster® Single Rider,True,0
2026-07-31T03:50:13+00:00,Seuss Landing,5986,Caro-Seuss-el™,False,0
2026-07-31T03:50:13+00:00,Seuss Landing,6011,If I Ran The Zoo™,False,0
2026-07-31T03:50:13+00:00,Seuss Landing,5997,One Fish; Two Fish; Red Fish; Blue Fish™,False,0
2026-07-31T03:50:13+00:00,Seuss Landing,5987,The Cat in The Hat™,False,0
2026-07-31T03:50:13+00:00,Seuss Landing,6001,The High in the Sky Seuss Trolley Train Ride!™,False,0
2026-07-31T03:50:13+00:00,The Wizarding World of Harry Potter - Hogsmeade,5991,Flight of the Hippogriff™,False,0
2026-07-31T03:50:13+00:00,The Wizarding World of Harry Potter - Hogsmeade,6682,Hagrid's Magical Creatures Motorbike Adventure™,False,0
2026-07-31T03:50:13+00:00,The Wizarding World of Harry Potter - Hogsmeade,5992,Harry Potter and the Forbidden Journey™,False,0
2026-07-31T03:50:13+00:00,The Wizarding World of Harry Potter - Hogsmeade,13113,Harry Potter and the Forbidden Journey™ Single Rider,True,0
2026-07-31T03:50:13+00:00,The Wizarding World of Harry Potter - Hogsmeade,6015,Hogwarts Express™ - Hogsmeade™ Station,False,0
2026-07-31T03:50:13+00:00,The Wizarding World of Harry Potter - Hogsmeade,13098,Ollivanders™ Experience in Hogsmeade™,True,15
2026-07-31T03:50:13+00:00,Toon Lagoon,5989,Dudley Do-Right's Ripsaw Falls®,False,0
2026-07-31T03:50:13+00:00,Toon Lagoon,6013,Me Ship; The Olive®,False,0
2026-07-31T03:50:13+00:00,Toon Lagoon,5998,Popeye & Bluto's Bilge-Rat Barges®,False,0
2026-07-31T03:55:11+00:00,Jurassic Park,6008,Camp Jurassic™,False,0
2026-07-31T03:55:11+00:00,Jurassic Park,6012,Jurassic Park Discovery Center,False,0
2026-07-31T03:55:11+00:00,Jurassic Park,5994,Jurassic Park River Adventure,False,0
2026-07-31T03:55:11+00:00,Jurassic Park,8721,Jurassic World VelociCoaster,False,0
2026-07-31T03:55:11+00:00,Jurassic Park,5999,Pteranodon Flyers,False,0
2026-07-31T03:55:11+00:00,Jurassic Park,6017,Skull Island: Reign of Kong™,False,0
2026-07-31T03:55:11+00:00,Marvel Super Hero Island,5988,Doctor Doom's Fearfall®,False,0
2026-07-31T03:55:11+00:00,Marvel Super Hero Island,16645,Doctor Doom's Fearfall® Single Rider,True,0
2026-07-31T03:55:11+00:00,Marvel Super Hero Island,6003,Storm Force Accelatron®,False,0
2026-07-31T03:55:11+00:00,Marvel Super Hero Island,5985,The Amazing Adventures of Spider-Man®,False,0
2026-07-31T03:55:11+00:00,Marvel Super Hero Island,6004,The Incredible Hulk Coaster®,False,0
2026-07-31T03:55:11+00:00,Marvel Super Hero Island,15384,The Incredible Hulk Coaster® Single Rider,True,0
2026-07-31T03:55:11+00:00,Seuss Landing,5986,Caro-Seuss-el™,False,0
2026-07-31T03:55:11+00:00,Seuss Landing,6011,If I Ran The Zoo™,False,0
2026-07-31T03:55:11+00:00,Seuss Landing,5997,One Fish; Two Fish; Red Fish; Blue Fish™,False,0
2026-07-31T03:55:11+00:00,Seuss Landing,5987,The Cat in The Hat™,False,0
2026-07-31T03:55:11+00:00,Seuss Landing,6001,The High in the Sky Seuss Trolley Train Ride!™,False,0
2026-07-31T03:55:11+00:00,The Wizarding World of Harry Potter - Hogsmeade,5991,Flight of the Hippogriff™,False,0
2026-07-31T03:55:11+00:00,The Wizarding World of Harry Potter - Hogsmeade,6682,Hagrid's Magical Creatures Motorbike Adventure™,False,0
2026-07-31T03:55:11+00:00,The Wizarding World of Harry Potter - Hogsmeade,5992,Harry Potter and the Forbidden Journey™,False,0
2026-07-31T03:55:11+00:00,The Wizarding World of Harry Potter - Hogsmeade,13113,Harry Potter and the Forbidden Journey™ Single Rider,True,0
2026-07-31T03:55:11+00:00,The Wizarding World of Harry Potter - Hogsmeade,6015,Hogwarts Express™ - Hogsmeade™ Station,False,0
2026-07-31T03:55:11+00:00,The Wizarding World of Harry Potter - Hogsmeade,13098,Ollivanders™ Experience in Hogsmeade™,True,15
2026-07-31T03:55:11+00:00,Toon Lagoon,5989,Dudley Do-Right's Ripsaw Falls®,False,0
2026-07-31T03:55:11+00:00,Toon Lagoon,6013,Me Ship; The Olive®,False,0
2026-07-31T03:55:11+00:00,Toon Lagoon,5998,Popeye & Bluto's Bilge-Rat Barges®,False,0
2026-07-31T04:00:17+00:00,Jurassic Park,6008,Camp Jurassic™,False,0
2026-07-31T04:00:17+00:00,Jurassic Park,6012,Jurassic Park Discovery Center,False,0
2026-07-31T04:00:17+00:00,Jurassic Park,5994,Jurassic Park River Adventure,False,0
2026-07-31T04:00:17+00:00,Jurassic Park,8721,Jurassic World VelociCoaster,False,0
2026-07-31T04:00:17+00:00,Jurassic Park,5999,Pteranodon Flyers,False,0
2026-07-31T04:00:17+00:00,Jurassic Park,6017,Skull Island: Reign of Kong™,False,0
2026-07-31T04:00:17+00:00,Marvel Super Hero Island,5988,Doctor Doom's Fearfall®,False,0
2026-07-31T04:00:17+00:00,Marvel Super Hero Island,16645,Doctor Doom's Fearfall® Single Rider,True,0
2026-07-31T04:00:17+00:00,Marvel Super Hero Island,6003,Storm Force Accelatron®,False,0
2026-07-31T04:00:17+00:00,Marvel Super Hero Island,5985,The Amazing Adventures of Spider-Man®,False,0
2026-07-31T04:00:17+00:00,Marvel Super Hero Island,6004,The Incredible Hulk Coaster®,False,0
2026-07-31T04:00:17+00:00,Marvel Super Hero Island,15384,The Incredible Hulk Coaster® Single Rider,True,0
2026-07-31T04:00:17+00:00,Seuss Landing,5986,Caro-Seuss-el™,False,0
2026-07-31T04:00:17+00:00,Seuss Landing,6011,If I Ran The Zoo™,False,0
2026-07-31T04:00:17+00:00,Seuss Landing,5997,One Fish; Two Fish; Red Fish; Blue Fish™,False,0
2026-07-31T04:00:17+00:00,Seuss Landing,5987,The Cat in The Hat™,False,0
2026-07-31T04:00:17+00:00,Seuss Landing,6001,The High in the Sky Seuss Trolley Train Ride!™,False,0
2026-07-31T04:00:17+00:00,The Wizarding World of Harry Potter - Hogsmeade,5991,Flight of the Hippogriff™,False,0
2026-07-31T04:00:17+00:00,The Wizarding World of Harry Potter - Hogsmeade,6682,Hagrid's Magical Creatures Motorbike Adventure™,False,0
2026-07-31T04:00:17+00:00,The Wizarding World of Harry Potter - Hogsmeade,5992,Harry Potter and the Forbidden Journey™,False,0
2026-07-31T04:00:17+00:00,The Wizarding World of Harry Potter - Hogsmeade,13113,Harry Potter and the Forbidden Journey™ Single Rider,True,0
2026-07-31T04:00:17+00:00,The Wizarding World of Harry Potter - Hogsmeade,6015,Hogwarts Express™ - Hogsmeade™ Station,False,0
2026-07-31T04:00:17+00:00,The Wizarding World of Harry Potter - Hogsmeade,13098,Ollivanders™ Experience in Hogsmeade™,True,15
2026-07-31T04:00:17+00:00,Toon Lagoon,5989,Dudley Do-Right's Ripsaw Falls®,False,0
2026-07-31T04:00:17+00:00,Toon Lagoon,6013,Me Ship; The Olive®,False,0
2026-07-31T04:00:17+00:00,Toon Lagoon,5998,Popeye & Bluto's Bilge-Rat Barges®,False,0
2026-07-31T04:05:12+00:00,Jurassic Park,6008,Camp Jurassic™,False,0
2026-07-31T04:05:12+00:00,Jurassic Park,6012,Jurassic Park Discovery Center,False,0
2026-07-31T04:05:12+00:00,Jurassic Park,5994,Jurassic Park River Adventure,False,0
2026-07-31T04:05:12+00:00,Jurassic Park,8721,Jurassic World VelociCoaster,False,0
2026-07-31T04:05:12+00:00,Jurassic Park,5999,Pteranodon Flyers,False,0
2026-07-31T04:05:12+00:00,Jurassic Park,6017,Skull Island: Reign of Kong™,False,0
2026-07-31T04:05:12+00:00,Marvel Super Hero Island,5988,Doctor Doom's Fearfall®,False,0
2026-07-31T04:05:12+00:00,Marvel Super Hero Island,16645,Doctor Doom's Fearfall® Single Rider,True,0
2026-07-31T04:05:12+00:00,Marvel Super Hero Island,6003,Storm Force Accelatron®,False,0
2026-07-31T04:05:12+00:00,Marvel Super Hero Island,5985,The Amazing Adventures of Spider-Man®,False,0
2026-07-31T04:05:12+00:00,Marvel Super Hero Island,6004,The Incredible Hulk Coaster®,False,0
2026-07-31T04:05:12+00:00,Marvel Super Hero Island,15384,The Incredible Hulk Coaster® Single Rider,True,0
2026-07-31T04:05:12+00:00,Seuss Landing,5986,Caro-Seuss-el™,False,0
2026-07-31T04:05:12+00:00,Seuss Landing,6011,If I Ran The Zoo™,False,0
2026-07-31T04:05:12+00:00,Seuss Landing,5997,One Fish; Two Fish; Red Fish; Blue Fish™,False,0
2026-07-31T04:05:12+00:00,Seuss Landing,5987,The Cat in The Hat™,False,0
2026-07-31T04:05:12+00:00,Seuss Landing,6001,The High in the Sky Seuss Trolley Train Ride!™,False,0
2026-07-31T04:05:12+00:00,The Wizarding World of Harry Potter - Hogsmeade,5991,Flight of the Hippogriff™,False,0
2026-07-31T04:05:12+00:00,The Wizarding World of Harry Potter - Hogsmeade,6682,Hagrid's Magical Creatures Motorbike Adventure™,False,0
2026-07-31T04:05:12+00:00,The Wizarding World of Harry Potter - Hogsmeade,5992,Harry Potter and the Forbidden Journey™,False,0
2026-07-31T04:05:12+00:00,The Wizarding World of Harry Potter - Hogsmeade,13113,Harry Potter and the Forbidden Journey™ Single Rider,True,0
2026-07-31T04:05:12+00:00,The Wizarding World of Harry Potter - Hogsmeade,6015,Hogwarts Express™ - Hogsmeade™ Station,False,0
2026-07-31T04:05:12+00:00,The Wizarding World of Harry Potter - Hogsmeade,13098,Ollivanders™ Experience in Hogsmeade™,True,15
2026-07-31T04:05:12+00:00,Toon Lagoon,5989,Dudley Do-Right's Ripsaw Falls®,False,0
2026-07-31T04:05:12+00:00,Toon Lagoon,6013,Me Ship; The Olive®,False,0
2026-07-31T04:05:12+00:00,Toon Lagoon,5998,Popeye & Bluto's Bilge-Rat Barges®,False,0
2026-07-31T04:10:12+00:00,Jurassic Park,6008,Camp Jurassic™,False,0
2026-07-31T04:10:12+00:00,Jurassic Park,6012,Jurassic Park Discovery Center,False,0
2026-07-31T04:10:12+00:00,Jurassic Park,5994,Jurassic Park River Adventure,False,0
2026-07-31T04:10:12+00:00,Jurassic Park,8721,Jurassic World VelociCoaster,False,0
2026-07-31T04:10:12+00:00,Jurassic Park,5999,Pteranodon Flyers,False,0
2026-07-31T04:10:12+00:00,Jurassic Park,6017,Skull Island: Reign of Kong™,False,0
2026-07-31T04:10:12+00:00,Marvel Super Hero Island,5988,Doctor Doom's Fearfall®,False,0
2026-07-31T04:10:12+00:00,Marvel Super Hero Island,16645,Doctor Doom's Fearfall® Single Rider,True,0
2026-07-31T04:10:12+00:00,Marvel Super Hero Island,6003,Storm Force Accelatron®,False,0
2026-07-31T04:10:12+00:00,Marvel Super Hero Island,5985,The Amazing Adventures of Spider-Man®,False,0
2026-07-31T04:10:12+00:00,Marvel Super Hero Island,6004,The Incredible Hulk Coaster®,False,0
2026-07-31T04:10:12+00:00,Marvel Super Hero Island,15384,The Incredible Hulk Coaster® Single Rider,True,0
2026-07-31T04:10:12+00:00,Seuss Landing,5986,Caro-Seuss-el™,False,0
2026-07-31T04:10:12+00:00,Seuss Landing,6011,If I Ran The Zoo™,False,0
2026-07-31T04:10:12+00:00,Seuss Landing,5997,One Fish; Two Fish; Red Fish; Blue Fish™,False,0
2026-07-31T04:10:12+00:00,Seuss Landing,5987,The Cat in The Hat™,False,0
2026-07-31T04:10:12+00:00,Seuss Landing,6001,The High in the Sky Seuss Trolley Train Ride!™,False,0
2026-07-31T04:10:12+00:00,The Wizarding World of Harry Potter - Hogsmeade,5991,Flight of the Hippogriff™,False,0
2026-07-31T04:10:12+00:00,The Wizarding World of Harry Potter - Hogsmeade,6682,Hagrid's Magical Creatures Motorbike Adventure™,False,0
2026-07-31T04:10:12+00:00,The Wizarding World of Harry Potter - Hogsmeade,5992,Harry Potter and the Forbidden Journey™,False,0
2026-07-31T04:10:12+00:00,The Wizarding World of Harry Potter - Hogsmeade,13113,Harry Potter and the Forbidden Journey™ Single Rider,True,0
2026-07-31T04:10:12+00:00,The Wizarding World of Harry Potter - Hogsmeade,6015,Hogwarts Express™ - Hogsmeade™ Station,False,0
2026-07-31T04:10:12+00:00,The Wizarding World of Harry Potter - Hogsmeade,13098,Ollivanders™ Experience in Hogsmeade™,True,15
2026-07-31T04:10:12+00:00,Toon Lagoon,5989,Dudley Do-Right's Ripsaw Falls®,False,0
2026-07-31T04:10:12+00:00,Toon Lagoon,6013,Me Ship; The Olive®,False,0
2026-07-31T04:10:12+00:00,Toon Lagoon,5998,Popeye & Bluto's Bilge-Rat Barges®,False,0
2026-07-31T04:15:13+00:00,Jurassic Park,6008,Camp Jurassic™,False,0
2026-07-31T04:15:13+00:00,Jurassic Park,6012,Jurassic Park Discovery Center,False,0
2026-07-31T04:15:13+00:00,Jurassic Park,5994,Jurassic Park River Adventure,False,0
2026-07-31T04:15:13+00:00,Jurassic Park,8721,Jurassic World VelociCoaster,False,0
2026-07-31T04:15:13+00:00,Jurassic Park,5999,Pteranodon Flyers,False,0
2026-07-31T04:15:13+00:00,Jurassic Park,6017,Skull Island: Reign of Kong™,False,0
2026-07-31T04:15:13+00:00,Marvel Super Hero Island,5988,Doctor Doom's Fearfall®,False,0
2026-07-31T04:15:13+00:00,Marvel Super Hero Island,16645,Doctor Doom's Fearfall® Single Rider,True,0
2026-07-31T04:15:13+00:00,Marvel Super Hero Island,6003,Storm Force Accelatron®,False,0
2026-07-31T04:15:13+00:00,Marvel Super Hero Island,5985,The Amazing Adventures of Spider-Man®,False,0
2026-07-31T04:15:13+00:00,Marvel Super Hero Island,6004,The Incredible Hulk Coaster®,False,0
2026-07-31T04:15:13+00:00,Marvel Super Hero Island,15384,The Incredible Hulk Coaster® Single Rider,True,0
2026-07-31T04:15:13+00:00,Seuss Landing,5986,Caro-Seuss-el™,False,0
2026-07-31T04:15:13+00:00,Seuss Landing,6011,If I Ran The Zoo™,False,0
2026-07-31T04:15:13+00:00,Seuss Landing,5997,One Fish; Two Fish; Red Fish; Blue Fish™,False,0
2026-07-31T04:15:13+00:00,Seuss Landing,5987,The Cat in The Hat™,False,0
2026-07-31T04:15:13+00:00,Seuss Landing,6001,The High in the Sky Seuss Trolley Train Ride!™,False,0
2026-07-31T04:15:13+00:00,The Wizarding World of Harry Potter - Hogsmeade,5991,Flight of the Hippogriff™,False,0
2026-07-31T04:15:13+00:00,The Wizarding World of Harry Potter - Hogsmeade,6682,Hagrid's Magical Creatures Motorbike Adventure™,False,0
2026-07-31T04:15:13+00:00,The Wizarding World of Harry Potter - Hogsmeade,5992,Harry Potter and the Forbidden Journey™,False,0
2026-07-31T04:15:13+00:00,The Wizarding World of Harry Potter - Hogsmeade,13113,Harry Potter and the Forbidden Journey™ Single Rider,True,0
2026-07-31T04:15:13+00:00,The Wizarding World of Harry Potter - Hogsmeade,6015,Hogwarts Express™ - Hogsmeade™ Station,False,0
2026-07-31T04:15:13+00:00,The Wizarding World of Harry Potter - Hogsmeade,13098,Ollivanders™ Experience in Hogsmeade™,True,15
2026-07-31T04:15:13+00:00,Toon Lagoon,5989,Dudley Do-Right's Ripsaw Falls®,False,0
2026-07-31T04:15:13+00:00,Toon Lagoon,6013,Me Ship; The Olive®,False,0
2026-07-31T04:15:13+00:00,Toon Lagoon,5998,Popeye & Bluto's Bilge-Rat Barges®,False,0
2026-07-31T04:20:13+00:00,Jurassic Park,6008,Camp Jurassic™,False,0
2026-07-31T04:20:13+00:00,Jurassic Park,6012,Jurassic Park Discovery Center,False,0
2026-07-31T04:20:13+00:00,Jurassic Park,5994,Jurassic Park River Adventure,False,0
2026-07-31T04:20:13+00:00,Jurassic Park,8721,Jurassic World VelociCoaster,False,0
2026-07-31T04:20:13+00:00,Jurassic Park,5999,Pteranodon Flyers,False,0
2026-07-31T04:20:13+00:00,Jurassic Park,6017,Skull Island: Reign of Kong™,False,0
2026-07-31T04:20:13+00:00,Marvel Super Hero Island,5988,Doctor Doom's Fearfall®,False,0
2026-07-31T04:20:13+00:00,Marvel Super Hero Island,16645,Doctor Doom's Fearfall® Single Rider,True,0
2026-07-31T04:20:13+00:00,Marvel Super Hero Island,6003,Storm Force Accelatron®,False,0
2026-07-31T04:20:13+00:00,Marvel Super Hero Island,5985,The Amazing Adventures of Spider-Man®,False,0
2026-07-31T04:20:13+00:00,Marvel Super Hero Island,6004,The Incredible Hulk Coaster®,False,0
2026-07-31T04:20:13+00:00,Marvel Super Hero Island,15384,The Incredible Hulk Coaster® Single Rider,True,0
2026-07-31T04:20:13+00:00,Seuss Landing,5986,Caro-Seuss-el™,False,0
2026-07-31T04:20:13+00:00,Seuss Landing,6011,If I Ran The Zoo™,False,0
2026-07-31T04:20:13+00:00,Seuss Landing,5997,One Fish; Two Fish; Red Fish; Blue Fish™,False,0
2026-07-31T04:20:13+00:00,Seuss Landing,5987,The Cat in The Hat™,False,0
2026-07-31T04:20:13+00:00,Seuss Landing,6001,The High in the Sky Seuss Trolley Train Ride!™,False,0
2026-07-31T04:20:13+00:00,The Wizarding World of Harry Potter - Hogsmeade,5991,Flight of the Hippogriff™,False,0
2026-07-31T04:20:13+00:00,The Wizarding World of Harry Potter - Hogsmeade,6682,Hagrid's Magical Creatures Motorbike Adventure™,False,0
2026-07-31T04:20:13+00:00,The Wizarding World of Harry Potter - Hogsmeade,5992,Harry Potter and the Forbidden Journey™,False,0
2026-07-31T04:20:13+00:00,The Wizarding World of Harry Potter - Hogsmeade,13113,Harry Potter and the Forbidden Journey™ Single Rider,True,0
2026-07-31T04:20:13+00:00,The Wizarding World of Harry Potter - Hogsmeade,6015,Hogwarts Express™ - Hogsmeade™ Station,False,0
2026-07-31T04:20:13+00:00,The Wizarding World of Harry Potter - Hogsmeade,13098,Ollivanders™ Experience in Hogsmeade™,True,15
2026-07-31T04:20:13+00:00,Toon Lagoon,5989,Dudley Do-Right's Ripsaw Falls®,False,0
2026-07-31T04:20:13+00:00,Toon Lagoon,6013,Me Ship; The Olive®,False,0
2026-07-31T04:20:13+00:00,Toon Lagoon,5998,Popeye & Bluto's Bilge-Rat Barges®,False,0
2026-07-31T04:25:18+00:00,Jurassic Park,6008,Camp Jurassic™,False,0
2026-07-31T04:25:18+00:00,Jurassic Park,6012,Jurassic Park Discovery Center,False,0
2026-07-31T04:25:18+00:00,Jurassic Park,5994,Jurassic Park River Adventure,False,0
2026-07-31T04:25:18+00:00,Jurassic Park,8721,Jurassic World VelociCoaster,False,0
2026-07-31T04:25:18+00:00,Jurassic Park,5999,Pteranodon Flyers,False,0
2026-07-31T04:25:18+00:00,Jurassic Park,6017,Skull Island: Reign of Kong™,False,0
2026-07-31T04:25:18+00:00,Marvel Super Hero Island,5988,Doctor Doom's Fearfall®,False,0
2026-07-31T04:25:18+00:00,Marvel Super Hero Island,16645,Doctor Doom's Fearfall® Single Rider,True,0
2026-07-31T04:25:18+00:00,Marvel Super Hero Island,6003,Storm Force Accelatron®,False,0
2026-07-31T04:25:18+00:00,Marvel Super Hero Island,5985,The Amazing Adventures of Spider-Man®,False,0
2026-07-31T04:25:18+00:00,Marvel Super Hero Island,6004,The Incredible Hulk Coaster®,False,0
2026-07-31T04:25:18+00:00,Marvel Super Hero Island,15384,The Incredible Hulk Coaster® Single Rider,True,0
2026-07-31T04:25:18+00:00,Seuss Landing,5986,Caro-Seuss-el™,False,0
2026-07-31T04:25:18+00:00,Seuss Landing,6011,If I Ran The Zoo™,False,0
2026-07-31T04:25:18+00:00,Seuss Landing,5997,One Fish; Two Fish; Red Fish; Blue Fish™,False,0
2026-07-31T04:25:18+00:00,Seuss Landing,5987,The Cat in The Hat™,False,0
2026-07-31T04:25:18+00:00,Seuss Landing,6001,The High in the Sky Seuss Trolley Train Ride!™,False,0
2026-07-31T04:25:18+00:00,The Wizarding World of Harry Potter - Hogsmeade,5991,Flight of the Hippogriff™,False,0
2026-07-31T04:25:18+00:00,The Wizarding World of Harry Potter - Hogsmeade,6682,Hagrid's Magical Creatures Motorbike Adventure™,False,0
2026-07-31T04:25:18+00:00,The Wizarding World of Harry Potter - Hogsmeade,5992,Harry Potter and the Forbidden Journey™,False,0
2026-07-31T04:25:18+00:00,The Wizarding World of Harry Potter - Hogsmeade,13113,Harry Potter and the Forbidden Journey™ Single Rider,True,0
2026-07-31T04:25:18+00:00,The Wizarding World of Harry Potter - Hogsmeade,6015,Hogwarts Express™ - Hogsmeade™ Station,False,0
2026-07-31T04:25:18+00:00,The Wizarding World of Harry Potter - Hogsmeade,13098,Ollivanders™ Experience in Hogsmeade™,True,15
2026-07-31T04:25:18+00:00,Toon Lagoon,5989,Dudley Do-Right's Ripsaw Falls®,False,0
2026-07-31T04:25:18+00:00,Toon Lagoon,6013,Me Ship; The Olive®,False,0
2026-07-31T04:25:18+00:00,Toon Lagoon,5998,Popeye & Bluto's Bilge-Rat Barges®,False,0
2026-07-31T04:30:15+00:00,Jurassic Park,6008,Camp Jurassic™,False,0
2026-07-31T04:30:15+00:00,Jurassic Park,6012,Jurassic Park Discovery Center,False,0
2026-07-31T04:30:15+00:00,Jurassic Park,5994,Jurassic Park River Adventure,False,0
2026-07-31T04:30:15+00:00,Jurassic Park,8721,Jurassic World VelociCoaster,False,0
2026-07-31T04:30:15+00:00,Jurassic Park,5999,Pteranodon Flyers,False,0
2026-07-31T04:30:15+00:00,Jurassic Park,6017,Skull Island: Reign of Kong™,False,0
2026-07-31T04:30:15+00:00,Marvel Super Hero Island,5988,Doctor Doom's Fearfall®,False,0
2026-07-31T04:30:15+00:00,Marvel Super Hero Island,16645,Doctor Doom's Fearfall® Single Rider,True,0
2026-07-31T04:30:15+00:00,Marvel Super Hero Island,6003,Storm Force Accelatron®,False,0
2026-07-31T04:30:15+00:00,Marvel Super Hero Island,5985,The Amazing Adventures of Spider-Man®,False,0
2026-07-31T04:30:15+00:00,Marvel Super Hero Island,6004,The Incredible Hulk Coaster®,False,0
2026-07-31T04:30:15+00:00,Marvel Super Hero Island,15384,The Incredible Hulk Coaster® Single Rider,True,0
2026-07-31T04:30:15+00:00,Seuss Landing,5986,Caro-Seuss-el™,False,0
2026-07-31T04:30:15+00:00,Seuss Landing,6011,If I Ran The Zoo™,False,0
2026-07-31T04:30:15+00:00,Seuss Landing,5997,One Fish; Two Fish; Red Fish; Blue Fish™,False,0
2026-07-31T04:30:15+00:00,Seuss Landing,5987,The Cat in The Hat™,False,0
2026-07-31T04:30:15+00:00,Seuss Landing,6001,The High in the Sky Seuss Trolley Train Ride!™,False,0
2026-07-31T04:30:15+00:00,The Wizarding World of Harry Potter - Hogsmeade,5991,Flight of the Hippogriff™,False,0
2026-07-31T04:30:15+00:00,The Wizarding World of Harry Potter - Hogsmeade,6682,Hagrid's Magical Creatures Motorbike Adventure™,False,0
2026-07-31T04:30:15+00:00,The Wizarding World of Harry Potter - Hogsmeade,5992,Harry Potter and the Forbidden Journey™,False,0
2026-07-31T04:30:15+00:00,The Wizarding World of Harry Potter - Hogsmeade,13113,Harry Potter and the Forbidden Journey™ Single Rider,True,0
2026-07-31T04:30:15+00:00,The Wizarding World of Harry Potter - Hogsmeade,6015,Hogwarts Express™ - Hogsmeade™ Station,False,0
2026-07-31T04:30:15+00:00,The Wizarding World of Harry Potter - Hogsmeade,13098,Ollivanders™ Experience in Hogsmeade™,True,15
2026-07-31T04:30:15+00:00,Toon Lagoon,5989,Dudley Do-Right's Ripsaw Falls®,False,0
2026-07-31T04:30:15+00:00,Toon Lagoon,6013,Me Ship; The Olive®,False,0
2026-07-31T04:30:15+00:00,Toon Lagoon,5998,Popeye & Bluto's Bilge-Rat Barges®,False,0
2026-07-31T04:35:10+00:00,Jurassic Park,6008,Camp Jurassic™,False,0
2026-07-31T04:35:10+00:00,Jurassic Park,6012,Jurassic Park Discovery Center,False,0
2026-07-31T04:35:10+00:00,Jurassic Park,5994,Jurassic Park River Adventure,False,0
2026-07-31T04:35:10+00:00,Jurassic Park,8721,Jurassic World VelociCoaster,False,0
2026-07-31T04:35:10+00:00,Jurassic Park,5999,Pteranodon Flyers,False,0
2026-07-31T04:35:10+00:00,Jurassic Park,6017,Skull Island: Reign of Kong™,False,0
2026-07-31T04:35:10+00:00,Marvel Super Hero Island,5988,Doctor Doom's Fearfall®,False,0
2026-07-31T04:35:10+00:00,Marvel Super Hero Island,16645,Doctor Doom's Fearfall® Single Rider,True,0
2026-07-31T04:35:10+00:00,Marvel Super Hero Island,6003,Storm Force Accelatron®,False,0
2026-07-31T04:35:10+00:00,Marvel Super Hero Island,5985,The Amazing Adventures of Spider-Man®,False,0
2026-07-31T04:35:10+00:00,Marvel Super Hero Island,6004,The Incredible Hulk Coaster®,False,0
2026-07-31T04:35:10+00:00,Marvel Super Hero Island,15384,The Incredible Hulk Coaster® Single Rider,True,0
2026-07-31T04:35:10+00:00,Seuss Landing,5986,Caro-Seuss-el™,False,0
2026-07-31T04:35:10+00:00,Seuss Landing,6011,If I Ran The Zoo™,False,0
2026-07-31T04:35:10+00:00,Seuss Landing,5997,One Fish; Two Fish; Red Fish; Blue Fish™,False,0
2026-07-31T04:35:10+00:00,Seuss Landing,5987,The Cat in The Hat™,False,0
2026-07-31T04:35:10+00:00,Seuss Landing,6001,The High in the Sky Seuss Trolley Train Ride!™,False,0
2026-07-31T04:35:10+00:00,The Wizarding World of Harry Potter - Hogsmeade,5991,Flight of the Hippogriff™,False,0
2026-07-31T04:35:10+00:00,The Wizarding World of Harry Potter - Hogsmeade,6682,Hagrid's Magical Creatures Motorbike Adventure™,False,0
2026-07-31T04:35:10+00:00,The Wizarding World of Harry Potter - Hogsmeade,5992,Harry Potter and the Forbidden Journey™,False,0
2026-07-31T04:35:10+00:00,The Wizarding World of Harry Potter - Hogsmeade,13113,Harry Potter and the Forbidden Journey™ Single Rider,True,0
2026-07-31T04:35:10+00:00,The Wizarding World of Harry Potter - Hogsmeade,6015,Hogwarts Express™ - Hogsmeade™ Station,False,0
2026-07-31T04:35:10+00:00,The Wizarding World of Harry Potter - Hogsmeade,13098,Ollivanders™ Experience in Hogsmeade™,True,15
2026-07-31T04:35:10+00:00,Toon Lagoon,5989,Dudley Do-Right's Ripsaw Falls®,False,0
2026-07-31T04:35:10+00:00,Toon Lagoon,6013,Me Ship; The Olive®,False,0
2026-07-31T04:35:10+00:00,Toon Lagoon,5998,Popeye & Bluto's Bilge-Rat Barges®,False,0
2026-07-31T04:40:15+00:00,Jurassic Park,6008,Camp Jurassic™,False,0
2026-07-31T04:40:15+00:00,Jurassic Park,6012,Jurassic Park Discovery Center,False,0
2026-07-31T04:40:15+00:00,Jurassic Park,5994,Jurassic Park River Adventure,False,0
2026-07-31T04:40:15+00:00,Jurassic Park,8721,Jurassic World VelociCoaster,False,0
2026-07-31T04:40:15+00:00,Jurassic Park,5999,Pteranodon Flyers,False,0
2026-07-31T04:40:15+00:00,Jurassic Park,6017,Skull Island: Reign of Kong™,False,0
2026-07-31T04:40:15+00:00,Marvel Super Hero Island,5988,Doctor Doom's Fearfall®,False,0
2026-07-31T04:40:15+00:00,Marvel Super Hero Island,16645,Doctor Doom's Fearfall® Single Rider,True,0
2026-07-31T04:40:15+00:00,Marvel Super Hero Island,6003,Storm Force Accelatron®,False,0
2026-07-31T04:40:15+00:00,Marvel Super Hero Island,5985,The Amazing Adventures of Spider-Man®,False,0
2026-07-31T04:40:15+00:00,Marvel Super Hero Island,6004,The Incredible Hulk Coaster®,False,0
2026-07-31T04:40:15+00:00,Marvel Super Hero Island,15384,The Incredible Hulk Coaster® Single Rider,True,0
2026-07-31T04:40:15+00:00,Seuss Landing,5986,Caro-Seuss-el™,False,0
2026-07-31T04:40:15+00:00,Seuss Landing,6011,If I Ran The Zoo™,False,0
2026-07-31T04:40:15+00:00,Seuss Landing,5997,One Fish; Two Fish; Red Fish; Blue Fish™,False,0
2026-07-31T04:40:15+00:00,Seuss Landing,5987,The Cat in The Hat™,False,0
2026-07-31T04:40:15+00:00,Seuss Landing,6001,The High in the Sky Seuss Trolley Train Ride!™,False,0
2026-07-31T04:40:15+00:00,The Wizarding World of Harry Potter - Hogsmeade,5991,Flight of the Hippogriff™,False,0
2026-07-31T04:40:15+00:00,The Wizarding World of Harry Potter - Hogsmeade,6682,Hagrid's Magical Creatures Motorbike Adventure™,False,0
2026-07-31T04:40:15+00:00,The Wizarding World of Harry Potter - Hogsmeade,5992,Harry Potter and the Forbidden Journey™,False,0
2026-07-31T04:40:15+00:00,The Wizarding World of Harry Potter - Hogsmeade,13113,Harry Potter and the Forbidden Journey™ Single Rider,True,0
2026-07-31T04:40:15+00:00,The Wizarding World of Harry Potter - Hogsmeade,6015,Hogwarts Express™ - Hogsmeade™ Station,False,0
2026-07-31T04:40:15+00:00,The Wizarding World of Harry Potter - Hogsmeade,13098,Ollivanders™ Experience in Hogsmeade™,True,15
2026-07-31T04:40:15+00:00,Toon Lagoon,5989,Dudley Do-Right's Ripsaw Falls®,False,0
2026-07-31T04:40:15+00:00,Toon Lagoon,6013,Me Ship; The Olive®,False,0
2026-07-31T04:40:15+00:00,Toon Lagoon,5998,Popeye & Bluto's Bilge-Rat Barges®,False,0
2026-07-31T04:45:12+00:00,Jurassic Park,6008,Camp Jurassic™,False,0
2026-07-31T04:45:12+00:00,Jurassic Park,6012,Jurassic Park Discovery Center,False,0
2026-07-31T04:45:12+00:00,Jurassic Park,5994,Jurassic Park River Adventure,False,0
2026-07-31T04:45:12+00:00,Jurassic Park,8721,Jurassic World VelociCoaster,False,0
2026-07-31T04:45:12+00:00,Jurassic Park,5999,Pteranodon Flyers,False,0
2026-07-31T04:45:12+00:00,Jurassic Park,6017,Skull Island: Reign of Kong™,False,0
2026-07-31T04:45:12+00:00,Marvel Super Hero Island,5988,Doctor Doom's Fearfall®,False,0
2026-07-31T04:45:12+00:00,Marvel Super Hero Island,16645,Doctor Doom's Fearfall® Single Rider,True,0
2026-07-31T04:45:12+00:00,Marvel Super Hero Island,6003,Storm Force Accelatron®,False,0
2026-07-31T04:45:12+00:00,Marvel Super Hero Island,5985,The Amazing Adventures of Spider-Man®,False,0
2026-07-31T04:45:12+00:00,Marvel Super Hero Island,6004,The Incredible Hulk Coaster®,False,0
2026-07-31T04:45:12+00:00,Marvel Super Hero Island,15384,The Incredible Hulk Coaster® Single Rider,True,0
2026-07-31T04:45:12+00:00,Seuss Landing,5986,Caro-Seuss-el™,False,0
2026-07-31T04:45:12+00:00,Seuss Landing,6011,If I Ran The Zoo™,False,0
2026-07-31T04:45:12+00:00,Seuss Landing,5997,One Fish; Two Fish; Red Fish; Blue Fish™,False,0
2026-07-31T04:45:12+00:00,Seuss Landing,5987,The Cat in The Hat™,False,0
2026-07-31T04:45:12+00:00,Seuss Landing,6001,The High in the Sky Seuss Trolley Train Ride!™,False,0
2026-07-31T04:45:12+00:00,The Wizarding World of Harry Potter - Hogsmeade,5991,Flight of the Hippogriff™,False,0
2026-07-31T04:45:12+00:00,The Wizarding World of Harry Potter - Hogsmeade,6682,Hagrid's Magical Creatures Motorbike Adventure™,False,0
2026-07-31T04:45:12+00:00,The Wizarding World of Harry Potter - Hogsmeade,5992,Harry Potter and the Forbidden Journey™,False,0
2026-07-31T04:45:12+00:00,The Wizarding World of Harry Potter - Hogsmeade,13113,Harry Potter and the Forbidden Journey™ Single Rider,True,0
2026-07-31T04:45:12+00:00,The Wizarding World of Harry Potter - Hogsmeade,6015,Hogwarts Express™ - Hogsmeade™ Station,False,0
2026-07-31T04:45:12+00:00,The Wizarding World of Harry Potter - Hogsmeade,13098,Ollivanders™ Experience in Hogsmeade™,True,15
2026-07-31T04:45:12+00:00,Toon Lagoon,5989,Dudley Do-Right's Ripsaw Falls®,False,0
2026-07-31T04:45:12+00:00,Toon Lagoon,6013,Me Ship; The Olive®,False,0
2026-07-31T04:45:12+00:00,Toon Lagoon,5998,Popeye & Bluto's Bilge-Rat Barges®,False,0
2026-07-31T04:50:19+00:00,Jurassic Park,6008,Camp Jurassic™,False,0
2026-07-31T04:50:19+00:00,Jurassic Park,6012,Jurassic Park Discovery Center,False,0
2026-07-31T04:50:19+00:00,Jurassic Park,5994,Jurassic Park River Adventure,False,0
2026-07-31T04:50:19+00:00,Jurassic Park,8721,Jurassic World VelociCoaster,False,0
2026-07-31T04:50:19+00:00,Jurassic Park,5999,Pteranodon Flyers,False,0
2026-07-31T04:50:19+00:00,Jurassic Park,6017,Skull Island: Reign of Kong™,False,0
2026-07-31T04:50:19+00:00,Marvel Super Hero Island,5988,Doctor Doom's Fearfall®,False,0
2026-07-31T04:50:19+00:00,Marvel Super Hero Island,16645,Doctor Doom's Fearfall® Single Rider,True,0
2026-07-31T04:50:19+00:00,Marvel Super Hero Island,6003,Storm Force Accelatron®,False,0
2026-07-31T04:50:19+00:00,Marvel Super Hero Island,5985,The Amazing Adventures of Spider-Man®,False,0
2026-07-31T04:50:19+00:00,Marvel Super Hero Island,6004,The Incredible Hulk Coaster®,False,0
2026-07-31T04:50:19+00:00,Marvel Super Hero Island,15384,The Incredible Hulk Coaster® Single Rider,True,0
2026-07-31T04:50:19+00:00,Seuss Landing,5986,Caro-Seuss-el™,False,0
2026-07-31T04:50:19+00:00,Seuss Landing,6011,If I Ran The Zoo™,False,0
2026-07-31T04:50:19+00:00,Seuss Landing,5997,One Fish; Two Fish; Red Fish; Blue Fish™,False,0
2026-07-31T04:50:19+00:00,Seuss Landing,5987,The Cat in The Hat™,False,0
2026-07-31T04:50:19+00:00,Seuss Landing,6001,The High in the Sky Seuss Trolley Train Ride!™,False,0
2026-07-31T04:50:19+00:00,The Wizarding World of Harry Potter - Hogsmeade,5991,Flight of the Hippogriff™,False,0
2026-07-31T04:50:19+00:00,The Wizarding World of Harry Potter - Hogsmeade,6682,Hagrid's Magical Creatures Motorbike Adventure™,False,0
2026-07-31T04:50:19+00:00,The Wizarding World of Harry Potter - Hogsmeade,5992,Harry Potter and the Forbidden Journey™,False,0
2026-07-31T04:50:19+00:00,The Wizarding World of Harry Potter - Hogsmeade,13113,Harry Potter and the Forbidden Journey™ Single Rider,True,0
2026-07-31T04:50:19+00:00,The Wizarding World of Harry Potter - Hogsmeade,6015,Hogwarts Express™ - Hogsmeade™ Station,False,0
2026-07-31T04:50:19+00:00,The Wizarding World of Harry Potter - Hogsmeade,13098,Ollivanders™ Experience in Hogsmeade™,True,15
2026-07-31T04:50:19+00:00,Toon Lagoon,5989,Dudley Do-Right's Ripsaw Falls®,False,0
2026-07-31T04:50:19+00:00,Toon Lagoon,6013,Me Ship; The Olive®,False,0
2026-07-31T04:50:19+00:00,Toon Lagoon,5998,Popeye & Bluto's Bilge-Rat Barges®,False,0
2026-07-31T04:55:10+00:00,Jurassic Park,6008,Camp Jurassic™,False,0
2026-07-31T04:55:10+00:00,Jurassic Park,6012,Jurassic Park Discovery Center,False,0
2026-07-31T04:55:10+00:00,Jurassic Park,5994,Jurassic Park River Adventure,False,0
2026-07-31T04:55:10+00:00,Jurassic Park,8721,Jurassic World VelociCoaster,False,0
2026-07-31T04:55:10+00:00,Jurassic Park,5999,Pteranodon Flyers,False,0
2026-07-31T04:55:10+00:00,Jurassic Park,6017,Skull Island: Reign of Kong™,False,0
2026-07-31T04:55:10+00:00,Marvel Super Hero Island,5988,Doctor Doom's Fearfall®,False,0
2026-07-31T04:55:10+00:00,Marvel Super Hero Island,16645,Doctor Doom's Fearfall® Single Rider,True,0
2026-07-31T04:55:10+00:00,Marvel Super Hero Island,6003,Storm Force Accelatron®,False,0
2026-07-31T04:55:10+00:00,Marvel Super Hero Island,5985,The Amazing Adventures of Spider-Man®,False,0
2026-07-31T04:55:10+00:00,Marvel Super Hero Island,6004,The Incredible Hulk Coaster®,False,0
2026-07-31T04:55:10+00:00,Marvel Super Hero Island,15384,The Incredible Hulk Coaster® Single Rider,True,0
2026-07-31T04:55:10+00:00,Seuss Landing,5986,Caro-Seuss-el™,False,0
2026-07-31T04:55:10+00:00,Seuss Landing,6011,If I Ran The Zoo™,False,0
2026-07-31T04:55:10+00:00,Seuss Landing,5997,One Fish; Two Fish; Red Fish; Blue Fish™,False,0
2026-07-31T04:55:10+00:00,Seuss Landing,5987,The Cat in The Hat™,False,0
2026-07-31T04:55:10+00:00,Seuss Landing,6001,The High in the Sky Seuss Trolley Train Ride!™,False,0
2026-07-31T04:55:10+00:00,The Wizarding World of Harry Potter - Hogsmeade,5991,Flight of the Hippogriff™,False,0
2026-07-31T04:55:10+00:00,The Wizarding World of Harry Potter - Hogsmeade,6682,Hagrid's Magical Creatures Motorbike Adventure™,False,0
2026-07-31T04:55:10+00:00,The Wizarding World of Harry Potter - Hogsmeade,5992,Harry Potter and the Forbidden Journey™,False,0
2026-07-31T04:55:10+00:00,The Wizarding World of Harry Potter - Hogsmeade,13113,Harry Potter and the Forbidden Journey™ Single Rider,True,0
2026-07-31T04:55:10+00:00,The Wizarding World of Harry Potter - Hogsmeade,6015,Hogwarts Express™ - Hogsmeade™ Station,False,0
2026-07-31T04:55:10+00:00,The Wizarding World of Harry Potter - Hogsmeade,13098,Ollivanders™ Experience in Hogsmeade™,True,15
2026-07-31T04:55:10+00:00,Toon Lagoon,5989,Dudley Do-Right's Ripsaw Falls®,False,0
2026-07-31T04:55:10+00:00,Toon Lagoon,6013,Me Ship; The Olive®,False,0
2026-07-31T04:55:10+00:00,Toon Lagoon,5998,Popeye & Bluto's Bilge-Rat Barges®,False,0
2026-07-31T05:00:19+00:00,Jurassic Park,6008,Camp Jurassic™,False,0
2026-07-31T05:00:19+00:00,Jurassic Park,6012,Jurassic Park Discovery Center,False,0
2026-07-31T05:00:19+00:00,Jurassic Park,5994,Jurassic Park River Adventure,False,0
2026-07-31T05:00:19+00:00,Jurassic Park,8721,Jurassic World VelociCoaster,False,0
2026-07-31T05:00:19+00:00,Jurassic Park,5999,Pteranodon Flyers,False,0
2026-07-31T05:00:19+00:00,Jurassic Park,6017,Skull Island: Reign of Kong™,False,0
2026-07-31T05:00:19+00:00,Marvel Super Hero Island,5988,Doctor Doom's Fearfall®,False,0
2026-07-31T05:00:19+00:00,Marvel Super Hero Island,16645,Doctor Doom's Fearfall® Single Rider,True,0
2026-07-31T05:00:19+00:00,Marvel Super Hero Island,6003,Storm Force Accelatron®,False,0
2026-07-31T05:00:19+00:00,Marvel Super Hero Island,5985,The Amazing Adventures of Spider-Man®,False,0
2026-07-31T05:00:19+00:00,Marvel Super Hero Island,6004,The Incredible Hulk Coaster®,False,0
2026-07-31T05:00:19+00:00,Marvel Super Hero Island,15384,The Incredible Hulk Coaster® Single Rider,True,0
2026-07-31T05:00:19+00:00,Seuss Landing,5986,Caro-Seuss-el™,False,0
2026-07-31T05:00:19+00:00,Seuss Landing,6011,If I Ran The Zoo™,False,0
2026-07-31T05:00:19+00:00,Seuss Landing,5997,One Fish; Two Fish; Red Fish; Blue Fish™,False,0
2026-07-31T05:00:19+00:00,Seuss Landing,5987,The Cat in The Hat™,False,0
2026-07-31T05:00:19+00:00,Seuss Landing,6001,The High in the Sky Seuss Trolley Train Ride!™,False,0
2026-07-31T05:00:19+00:00,The Wizarding World of Harry Potter - Hogsmeade,5991,Flight of the Hippogriff™,False,0
2026-07-31T05:00:19+00:00,The Wizarding World of Harry Potter - Hogsmeade,6682,Hagrid's Magical Creatures Motorbike Adventure™,False,0
2026-07-31T05:00:19+00:00,The Wizarding World of Harry Potter - Hogsmeade,5992,Harry Potter and the Forbidden Journey™,False,0
2026-07-31T05:00:19+00:00,The Wizarding World of Harry Potter - Hogsmeade,13113,Harry Potter and the Forbidden Journey™ Single Rider,True,0
2026-07-31T05:00:19+00:00,The Wizarding World of Harry Potter - Hogsmeade,6015,Hogwarts Express™ - Hogsmeade™ Station,False,0
2026-07-31T05:00:19+00:00,The Wizarding World of Harry Potter - Hogsmeade,13098,Ollivanders™ Experience in Hogsmeade™,True,15
2026-07-31T05:00:19+00:00,Toon Lagoon,5989,Dudley Do-Right's Ripsaw Falls®,False,0
2026-07-31T05:00:19+00:00,Toon Lagoon,6013,Me Ship; The Olive®,False,0
2026-07-31T05:00:19+00:00,Toon Lagoon,5998,Popeye & Bluto's Bilge-Rat Barges®,False,0
2026-07-31T05:05:12+00:00,Jurassic Park,6008,Camp Jurassic™,False,0
2026-07-31T05:05:12+00:00,Jurassic Park,6012,Jurassic Park Discovery Center,False,0
2026-07-31T05:05:12+00:00,Jurassic Park,5994,Jurassic Park River Adventure,False,0
2026-07-31T05:05:12+00:00,Jurassic Park,8721,Jurassic World VelociCoaster,False,0
2026-07-31T05:05:12+00:00,Jurassic Park,5999,Pteranodon Flyers,False,0
2026-07-31T05:05:12+00:00,Jurassic Park,6017,Skull Island: Reign of Kong™,False,0
2026-07-31T05:05:12+00:00,Marvel Super Hero Island,5988,Doctor Doom's Fearfall®,False,0
2026-07-31T05:05:12+00:00,Marvel Super Hero Island,16645,Doctor Doom's Fearfall® Single Rider,True,0
2026-07-31T05:05:12+00:00,Marvel Super Hero Island,6003,Storm Force Accelatron®,False,0
2026-07-31T05:05:12+00:00,Marvel Super Hero Island,5985,The Amazing Adventures of Spider-Man®,False,0
2026-07-31T05:05:12+00:00,Marvel Super Hero Island,6004,The Incredible Hulk Coaster®,False,0
2026-07-31T05:05:12+00:00,Marvel Super Hero Island,15384,The Incredible Hulk Coaster® Single Rider,True,0
2026-07-31T05:05:12+00:00,Seuss Landing,5986,Caro-Seuss-el™,False,0
2026-07-31T05:05:12+00:00,Seuss Landing,6011,If I Ran The Zoo™,False,0
2026-07-31T05:05:12+00:00,Seuss Landing,5997,One Fish; Two Fish; Red Fish; Blue Fish™,False,0
2026-07-31T05:05:12+00:00,Seuss Landing,5987,The Cat in The Hat™,False,0
2026-07-31T05:05:12+00:00,Seuss Landing,6001,The High in the Sky Seuss Trolley Train Ride!™,False,0
2026-07-31T05:05:12+00:00,The Wizarding World of Harry Potter - Hogsmeade,5991,Flight of the Hippogriff™,False,0
2026-07-31T05:05:12+00:00,The Wizarding World of Harry Potter - Hogsmeade,6682,Hagrid's Magical Creatures Motorbike Adventure™,False,0
2026-07-31T05:05:12+00:00,The Wizarding World of Harry Potter - Hogsmeade,5992,Harry Potter and the Forbidden Journey™,False,0
2026-07-31T05:05:12+00:00,The Wizarding World of Harry Potter - Hogsmeade,13113,Harry Potter and the Forbidden Journey™ Single Rider,True,0
2026-07-31T05:05:12+00:00,The Wizarding World of Harry Potter - Hogsmeade,6015,Hogwarts Express™ - Hogsmeade™ Station,False,0
2026-07-31T05:05:12+00:00,The Wizarding World of Harry Potter - Hogsmeade,13098,Ollivanders™ Experience in Hogsmeade™,True,15
2026-07-31T05:05:12+00:00,Toon Lagoon,5989,Dudley Do-Right's Ripsaw Falls®,False,0
2026-07-31T05:05:12+00:00,Toon Lagoon,6013,Me Ship; The Olive®,False,0
2026-07-31T05:05:12+00:00,Toon Lagoon,5998,Popeye & Bluto's Bilge-Rat Barges®,False,0
2026-07-31T05:10:12+00:00,Jurassic Park,6008,Camp Jurassic™,False,0
2026-07-31T05:10:12+00:00,Jurassic Park,6012,Jurassic Park Discovery Center,False,0
2026-07-31T05:10:12+00:00,Jurassic Park,5994,Jurassic Park River Adventure,False,0
2026-07-31T05:10:12+00:00,Jurassic Park,8721,Jurassic World VelociCoaster,False,0
2026-07-31T05:10:12+00:00,Jurassic Park,5999,Pteranodon Flyers,False,0
2026-07-31T05:10:12+00:00,Jurassic Park,6017,Skull Island: Reign of Kong™,False,0
2026-07-31T05:10:12+00:00,Marvel Super Hero Island,5988,Doctor Doom's Fearfall®,False,0
2026-07-31T05:10:12+00:00,Marvel Super Hero Island,16645,Doctor Doom's Fearfall® Single Rider,True,0
2026-07-31T05:10:12+00:00,Marvel Super Hero Island,6003,Storm Force Accelatron®,False,0
2026-07-31T05:10:12+00:00,Marvel Super Hero Island,5985,The Amazing Adventures of Spider-Man®,False,0
2026-07-31T05:10:12+00:00,Marvel Super Hero Island,6004,The Incredible Hulk Coaster®,False,0
2026-07-31T05:10:12+00:00,Marvel Super Hero Island,15384,The Incredible Hulk Coaster® Single Rider,True,0
2026-07-31T05:10:12+00:00,Seuss Landing,5986,Caro-Seuss-el™,False,0
2026-07-31T05:10:12+00:00,Seuss Landing,6011,If I Ran The Zoo™,False,0
2026-07-31T05:10:12+00:00,Seuss Landing,5997,One Fish; Two Fish; Red Fish; Blue Fish™,False,0
2026-07-31T05:10:12+00:00,Seuss Landing,5987,The Cat in The Hat™,False,0
2026-07-31T05:10:12+00:00,Seuss Landing,6001,The High in the Sky Seuss Trolley Train Ride!™,False,0
2026-07-31T05:10:12+00:00,The Wizarding World of Harry Potter - Hogsmeade,5991,Flight of the Hippogriff™,False,0
2026-07-31T05:10:12+00:00,The Wizarding World of Harry Potter - Hogsmeade,6682,Hagrid's Magical Creatures Motorbike Adventure™,False,0
2026-07-31T05:10:12+00:00,The Wizarding World of Harry Potter - Hogsmeade,5992,Harry Potter and the Forbidden Journey™,False,0
2026-07-31T05:10:12+00:00,The Wizarding World of Harry Potter - Hogsmeade,13113,Harry Potter and the Forbidden Journey™ Single Rider,True,0
2026-07-31T05:10:12+00:00,The Wizarding World of Harry Potter - Hogsmeade,6015,Hogwarts Express™ - Hogsmeade™ Station,False,0
2026-07-31T05:10:12+00:00,The Wizarding World of Harry Potter - Hogsmeade,13098,Ollivanders™ Experience in Hogsmeade™,True,15
2026-07-31T05:10:12+00:00,Toon Lagoon,5989,Dudley Do-Right's Ripsaw Falls®,False,0
2026-07-31T05:10:12+00:00,Toon Lagoon,6013,Me Ship; The Olive®,False,0
2026-07-31T05:10:12+00:00,Toon Lagoon,5998,Popeye & Bluto's Bilge-Rat Barges®,False,0
2026-07-31T05:15:20+00:00,Jurassic Park,6008,Camp Jurassic™,False,0
2026-07-31T05:15:20+00:00,Jurassic Park,6012,Jurassic Park Discovery Center,False,0
2026-07-31T05:15:20+00:00,Jurassic Park,5994,Jurassic Park River Adventure,False,0
2026-07-31T05:15:20+00:00,Jurassic Park,8721,Jurassic World VelociCoaster,False,0
2026-07-31T05:15:20+00:00,Jurassic Park,5999,Pteranodon Flyers,False,0
2026-07-31T05:15:20+00:00,Jurassic Park,6017,Skull Island: Reign of Kong™,False,0
2026-07-31T05:15:20+00:00,Marvel Super Hero Island,5988,Doctor Doom's Fearfall®,False,0
2026-07-31T05:15:20+00:00,Marvel Super Hero Island,16645,Doctor Doom's Fearfall® Single Rider,True,0
2026-07-31T05:15:20+00:00,Marvel Super Hero Island,6003,Storm Force Accelatron®,False,0
2026-07-31T05:15:20+00:00,Marvel Super Hero Island,5985,The Amazing Adventures of Spider-Man®,False,0
2026-07-31T05:15:20+00:00,Marvel Super Hero Island,6004,The Incredible Hulk Coaster®,False,0
2026-07-31T05:15:20+00:00,Marvel Super Hero Island,15384,The Incredible Hulk Coaster® Single Rider,True,0
2026-07-31T05:15:20+00:00,Seuss Landing,5986,Caro-Seuss-el™,False,0
2026-07-31T05:15:20+00:00,Seuss Landing,6011,If I Ran The Zoo™,False,0
2026-07-31T05:15:20+00:00,Seuss Landing,5997,One Fish; Two Fish; Red Fish; Blue Fish™,False,0
2026-07-31T05:15:20+00:00,Seuss Landing,5987,The Cat in The Hat™,False,0
2026-07-31T05:15:20+00:00,Seuss Landing,6001,The High in the Sky Seuss Trolley Train Ride!™,False,0
2026-07-31T05:15:20+00:00,The Wizarding World of Harry Potter - Hogsmeade,5991,Flight of the Hippogriff™,False,0
2026-07-31T05:15:20+00:00,The Wizarding World of Harry Potter - Hogsmeade,6682,Hagrid's Magical Creatures Motorbike Adventure™,False,0
2026-07-31T05:15:20+00:00,The Wizarding World of Harry Potter - Hogsmeade,5992,Harry Potter and the Forbidden Journey™,False,0
2026-07-31T05:15:20+00:00,The Wizarding World of Harry Potter - Hogsmeade,13113,Harry Potter and the Forbidden Journey™ Single Rider,True,0
2026-07-31T05:15:20+00:00,The Wizarding World of Harry Potter - Hogsmeade,6015,Hogwarts Express™ - Hogsmeade™ Station,False,0
2026-07-31T05:15:20+00:00,The Wizarding World of Harry Potter - Hogsmeade,13098,Ollivanders™ Experience in Hogsmeade™,True,15
2026-07-31T05:15:20+00:00,Toon Lagoon,5989,Dudley Do-Right's Ripsaw Falls®,False,0
2026-07-31T05:15:20+00:00,Toon Lagoon,6013,Me Ship; The Olive®,False,0
2026-07-31T05:15:20+00:00,Toon Lagoon,5998,Popeye & Bluto's Bilge-Rat Barges®,False,0
2026-07-31T05:19:09+00:00,Jurassic Park,6008,Camp Jurassic™,False,0
2026-07-31T05:19:09+00:00,Jurassic Park,6012,Jurassic Park Discovery Center,False,0
2026-07-31T05:19:09+00:00,Jurassic Park,5994,Jurassic Park River Adventure,False,0
2026-07-31T05:19:09+00:00,Jurassic Park,8721,Jurassic World VelociCoaster,False,0
2026-07-31T05:19:09+00:00,Jurassic Park,5999,Pteranodon Flyers,False,0
2026-07-31T05:19:09+00:00,Jurassic Park,6017,Skull Island: Reign of Kong™,False,0
2026-07-31T05:19:09+00:00,Marvel Super Hero Island,5988,Doctor Doom's Fearfall®,False,0
2026-07-31T05:19:09+00:00,Marvel Super Hero Island,16645,Doctor Doom's Fearfall® Single Rider,True,0
2026-07-31T05:19:09+00:00,Marvel Super Hero Island,6003,Storm Force Accelatron®,False,0
2026-07-31T05:19:09+00:00,Marvel Super Hero Island,5985,The Amazing Adventures of Spider-Man®,False,0
2026-07-31T05:19:09+00:00,Marvel Super Hero Island,6004,The Incredible Hulk Coaster®,False,0
2026-07-31T05:19:09+00:00,Marvel Super Hero Island,15384,The Incredible Hulk Coaster® Single Rider,True,0
2026-07-31T05:19:09+00:00,Seuss Landing,5986,Caro-Seuss-el™,False,0
2026-07-31T05:19:09+00:00,Seuss Landing,6011,If I Ran The Zoo™,False,0
2026-07-31T05:19:09+00:00,Seuss Landing,5997,One Fish; Two Fish; Red Fish; Blue Fish™,False,0
2026-07-31T05:19:09+00:00,Seuss Landing,5987,The Cat in The Hat™,False,0
2026-07-31T05:19:09+00:00,Seuss Landing,6001,The High in the Sky Seuss Trolley Train Ride!™,False,0
2026-07-31T05:19:09+00:00,The Wizarding World of Harry Potter - Hogsmeade,5991,Flight of the Hippogriff™,False,0
2026-07-31T05:19:09+00:00,The Wizarding World of Harry Potter - Hogsmeade,6682,Hagrid's Magical Creatures Motorbike Adventure™,False,0
2026-07-31T05:19:09+00:00,The Wizarding World of Harry Potter - Hogsmeade,5992,Harry Potter and the Forbidden Journey™,False,0
2026-07-31T05:19:09+00:00,The Wizarding World of Harry Potter - Hogsmeade,13113,Harry Potter and the Forbidden Journey™ Single Rider,True,0
2026-07-31T05:19:09+00:00,The Wizarding World of Harry Potter - Hogsmeade,6015,Hogwarts Express™ - Hogsmeade™ Station,False,0
2026-07-31T05:19:09+00:00,The Wizarding World of Harry Potter - Hogsmeade,13098,Ollivanders™ Experience in Hogsmeade™,True,15
2026-07-31T05:19:09+00:00,Toon Lagoon,5989,Dudley Do-Right's Ripsaw Falls®,False,0
2026-07-31T05:19:09+00:00,Toon Lagoon,6013,Me Ship; The Olive®,False,0
2026-07-31T05:19:09+00:00,Toon Lagoon,5998,Popeye & Bluto's Bilge-Rat Barges®,False,0
2026-07-31T05:20:12+00:00,Jurassic Park,6008,Camp Jurassic™,False,0
2026-07-31T05:20:12+00:00,Jurassic Park,6012,Jurassic Park Discovery Center,False,0
2026-07-31T05:20:12+00:00,Jurassic Park,5994,Jurassic Park River Adventure,False,0
2026-07-31T05:20:12+00:00,Jurassic Park,8721,Jurassic World VelociCoaster,False,0
2026-07-31T05:20:12+00:00,Jurassic Park,5999,Pteranodon Flyers,False,0
2026-07-31T05:20:12+00:00,Jurassic Park,6017,Skull Island: Reign of Kong™,False,0
2026-07-31T05:20:12+00:00,Marvel Super Hero Island,5988,Doctor Doom's Fearfall®,False,0
2026-07-31T05:20:12+00:00,Marvel Super Hero Island,16645,Doctor Doom's Fearfall® Single Rider,True,0
2026-07-31T05:20:12+00:00,Marvel Super Hero Island,6003,Storm Force Accelatron®,False,0
2026-07-31T05:20:12+00:00,Marvel Super Hero Island,5985,The Amazing Adventures of Spider-Man®,False,0
2026-07-31T05:20:12+00:00,Marvel Super Hero Island,6004,The Incredible Hulk Coaster®,False,0
2026-07-31T05:20:12+00:00,Marvel Super Hero Island,15384,The Incredible Hulk Coaster® Single Rider,True,0
2026-07-31T05:20:12+00:00,Seuss Landing,5986,Caro-Seuss-el™,False,0
2026-07-31T05:20:12+00:00,Seuss Landing,6011,If I Ran The Zoo™,False,0
2026-07-31T05:20:12+00:00,Seuss Landing,5997,One Fish; Two Fish; Red Fish; Blue Fish™,False,0
2026-07-31T05:20:12+00:00,Seuss Landing,5987,The Cat in The Hat™,False,0
2026-07-31T05:20:12+00:00,Seuss Landing,6001,The High in the Sky Seuss Trolley Train Ride!™,False,0
2026-07-31T05:20:12+00:00,The Wizarding World of Harry Potter - Hogsmeade,5991,Flight of the Hippogriff™,False,0
2026-07-31T05:20:12+00:00,The Wizarding World of Harry Potter - Hogsmeade,6682,Hagrid's Magical Creatures Motorbike Adventure™,False,0
2026-07-31T05:20:12+00:00,The Wizarding World of Harry Potter - Hogsmeade,5992,Harry Potter and the Forbidden Journey™,False,0
2026-07-31T05:20:12+00:00,The Wizarding World of Harry Potter - Hogsmeade,13113,Harry Potter and the Forbidden Journey™ Single Rider,True,0
2026-07-31T05:20:12+00:00,The Wizarding World of Harry Potter - Hogsmeade,6015,Hogwarts Express™ - Hogsmeade™ Station,False,0
2026-07-31T05:20:12+00:00,The Wizarding World of Harry Potter - Hogsmeade,13098,Ollivanders™ Experience in Hogsmeade™,True,15
2026-07-31T05:20:12+00:00,Toon Lagoon,5989,Dudley Do-Right's Ripsaw Falls®,False,0
2026-07-31T05:20:12+00:00,Toon Lagoon,6013,Me Ship; The Olive®,False,0
2026-07-31T05:20:12+00:00,Toon Lagoon,5998,Popeye & Bluto's Bilge-Rat Barges®,False,0
2026-07-31T05:25:17+00:00,Jurassic Park,6008,Camp Jurassic™,False,0
2026-07-31T05:25:17+00:00,Jurassic Park,6012,Jurassic Park Discovery Center,False,0
2026-07-31T05:25:17+00:00,Jurassic Park,5994,Jurassic Park River Adventure,False,0
2026-07-31T05:25:17+00:00,Jurassic Park,8721,Jurassic World VelociCoaster,False,0
2026-07-31T05:25:17+00:00,Jurassic Park,5999,Pteranodon Flyers,False,0
2026-07-31T05:25:17+00:00,Jurassic Park,6017,Skull Island: Reign of Kong™,False,0
2026-07-31T05:25:17+00:00,Marvel Super Hero Island,5988,Doctor Doom's Fearfall®,False,0
2026-07-31T05:25:17+00:00,Marvel Super Hero Island,16645,Doctor Doom's Fearfall® Single Rider,True,0
2026-07-31T05:25:17+00:00,Marvel Super Hero Island,6003,Storm Force Accelatron®,False,0
2026-07-31T05:25:17+00:00,Marvel Super Hero Island,5985,The Amazing Adventures of Spider-Man®,False,0
2026-07-31T05:25:17+00:00,Marvel Super Hero Island,6004,The Incredible Hulk Coaster®,False,0
2026-07-31T05:25:17+00:00,Marvel Super Hero Island,15384,The Incredible Hulk Coaster® Single Rider,True,0
2026-07-31T05:25:17+00:00,Seuss Landing,5986,Caro-Seuss-el™,False,0
2026-07-31T05:25:17+00:00,Seuss Landing,6011,If I Ran The Zoo™,False,0
2026-07-31T05:25:17+00:00,Seuss Landing,5997,One Fish; Two Fish; Red Fish; Blue Fish™,False,0
2026-07-31T05:25:17+00:00,Seuss Landing,5987,The Cat in The Hat™,False,0
2026-07-31T05:25:17+00:00,Seuss Landing,6001,The High in the Sky Seuss Trolley Train Ride!™,False,0
2026-07-31T05:25:17+00:00,The Wizarding World of Harry Potter - Hogsmeade,5991,Flight of the Hippogriff™,False,0
2026-07-31T05:25:17+00:00,The Wizarding World of Harry Potter - Hogsmeade,6682,Hagrid's Magical Creatures Motorbike Adventure™,False,0
2026-07-31T05:25:17+00:00,The Wizarding World of Harry Potter - Hogsmeade,5992,Harry Potter and the Forbidden Journey™,False,0
2026-07-31T05:25:17+00:00,The Wizarding World of Harry Potter - Hogsmeade,13113,Harry Potter and the Forbidden Journey™ Single Rider,True,0
2026-07-31T05:25:17+00:00,The Wizarding World of Harry Potter - Hogsmeade,6015,Hogwarts Express™ - Hogsmeade™ Station,False,0
2026-07-31T05:25:17+00:00,The Wizarding World of Harry Potter - Hogsmeade,13098,Ollivanders™ Experience in Hogsmeade™,True,15
2026-07-31T05:25:17+00:00,Toon Lagoon,5989,Dudley Do-Right's Ripsaw Falls®,False,0
2026-07-31T05:25:17+00:00,Toon Lagoon,6013,Me Ship; The Olive®,False,0
2026-07-31T05:25:17+00:00,Toon Lagoon,5998,Popeye & Bluto's Bilge-Rat Barges®,False,0
2026-07-31T05:30:15+00:00,Jurassic Park,6008,Camp Jurassic™,False,0
2026-07-31T05:30:15+00:00,Jurassic Park,6012,Jurassic Park Discovery Center,False,0
2026-07-31T05:30:15+00:00,Jurassic Park,5994,Jurassic Park River Adventure,False,0
2026-07-31T05:30:15+00:00,Jurassic Park,8721,Jurassic World VelociCoaster,False,0
2026-07-31T05:30:15+00:00,Jurassic Park,5999,Pteranodon Flyers,False,0
2026-07-31T05:30:15+00:00,Jurassic Park,6017,Skull Island: Reign of Kong™,False,0
2026-07-31T05:30:15+00:00,Marvel Super Hero Island,5988,Doctor Doom's Fearfall®,False,0
2026-07-31T05:30:15+00:00,Marvel Super Hero Island,16645,Doctor Doom's Fearfall® Single Rider,True,0
2026-07-31T05:30:15+00:00,Marvel Super Hero Island,6003,Storm Force Accelatron®,False,0
2026-07-31T05:30:15+00:00,Marvel Super Hero Island,5985,The Amazing Adventures of Spider-Man®,False,0
2026-07-31T05:30:15+00:00,Marvel Super Hero Island,6004,The Incredible Hulk Coaster®,False,0
2026-07-31T05:30:15+00:00,Marvel Super Hero Island,15384,The Incredible Hulk Coaster® Single Rider,True,0
2026-07-31T05:30:15+00:00,Seuss Landing,5986,Caro-Seuss-el™,False,0
2026-07-31T05:30:15+00:00,Seuss Landing,6011,If I Ran The Zoo™,False,0
2026-07-31T05:30:15+00:00,Seuss Landing,5997,One Fish; Two Fish; Red Fish; Blue Fish™,False,0
2026-07-31T05:30:15+00:00,Seuss Landing,5987,The Cat in The Hat™,False,0
2026-07-31T05:30:15+00:00,Seuss Landing,6001,The High in the Sky Seuss Trolley Train Ride!™,False,0
2026-07-31T05:30:15+00:00,The Wizarding World of Harry Potter - Hogsmeade,5991,Flight of the Hippogriff™,False,0
2026-07-31T05:30:15+00:00,The Wizarding World of Harry Potter - Hogsmeade,6682,Hagrid's Magical Creatures Motorbike Adventure™,False,0
2026-07-31T05:30:15+00:00,The Wizarding World of Harry Potter - Hogsmeade,5992,Harry Potter and the Forbidden Journey™,False,0
2026-07-31T05:30:15+00:00,The Wizarding World of Harry Potter - Hogsmeade,13113,Harry Potter and the Forbidden Journey™ Single Rider,True,0
2026-07-31T05:30:15+00:00,The Wizarding World of Harry Potter - Hogsmeade,6015,Hogwarts Express™ - Hogsmeade™ Station,False,0
2026-07-31T05:30:15+00:00,The Wizarding World of Harry Potter - Hogsmeade,13098,Ollivanders™ Experience in Hogsmeade™,True,15
2026-07-31T05:30:15+00:00,Toon Lagoon,5989,Dudley Do-Right's Ripsaw Falls®,False,0
2026-07-31T05:30:15+00:00,Toon Lagoon,6013,Me Ship; The Olive®,False,0
2026-07-31T05:30:15+00:00,Toon Lagoon,5998,Popeye & Bluto's Bilge-Rat Barges®,False,0
2026-07-31T05:35:12+00:00,Jurassic Park,6008,Camp Jurassic™,False,0
2026-07-31T05:35:12+00:00,Jurassic Park,6012,Jurassic Park Discovery Center,False,0
2026-07-31T05:35:12+00:00,Jurassic Park,5994,Jurassic Park River Adventure,False,0
2026-07-31T05:35:12+00:00,Jurassic Park,8721,Jurassic World VelociCoaster,False,0
2026-07-31T05:35:12+00:00,Jurassic Park,5999,Pteranodon Flyers,False,0
2026-07-31T05:35:12+00:00,Jurassic Park,6017,Skull Island: Reign of Kong™,False,0
2026-07-31T05:35:12+00:00,Marvel Super Hero Island,5988,Doctor Doom's Fearfall®,False,0
2026-07-31T05:35:12+00:00,Marvel Super Hero Island,16645,Doctor Doom's Fearfall® Single Rider,True,0
2026-07-31T05:35:12+00:00,Marvel Super Hero Island,6003,Storm Force Accelatron®,False,0
2026-07-31T05:35:12+00:00,Marvel Super Hero Island,5985,The Amazing Adventures of Spider-Man®,False,0
2026-07-31T05:35:12+00:00,Marvel Super Hero Island,6004,The Incredible Hulk Coaster®,False,0
2026-07-31T05:35:12+00:00,Marvel Super Hero Island,15384,The Incredible Hulk Coaster® Single Rider,True,0
2026-07-31T05:35:12+00:00,Seuss Landing,5986,Caro-Seuss-el™,False,0
2026-07-31T05:35:12+00:00,Seuss Landing,6011,If I Ran The Zoo™,False,0
2026-07-31T05:35:12+00:00,Seuss Landing,5997,One Fish; Two Fish; Red Fish; Blue Fish™,False,0
2026-07-31T05:35:12+00:00,Seuss Landing,5987,The Cat in The Hat™,False,0
2026-07-31T05:35:12+00:00,Seuss Landing,6001,The High in the Sky Seuss Trolley Train Ride!™,False,0
2026-07-31T05:35:12+00:00,The Wizarding World of Harry Potter - Hogsmeade,5991,Flight of the Hippogriff™,False,0
2026-07-31T05:35:12+00:00,The Wizarding World of Harry Potter - Hogsmeade,6682,Hagrid's Magical Creatures Motorbike Adventure™,False,0
2026-07-31T05:35:12+00:00,The Wizarding World of Harry Potter - Hogsmeade,5992,Harry Potter and the Forbidden Journey™,False,0
2026-07-31T05:35:12+00:00,The Wizarding World of Harry Potter - Hogsmeade,13113,Harry Potter and the Forbidden Journey™ Single Rider,True,0
2026-07-31T05:35:12+00:00,The Wizarding World of Harry Potter - Hogsmeade,6015,Hogwarts Express™ - Hogsmeade™ Station,False,0
2026-07-31T05:35:12+00:00,The Wizarding World of Harry Potter - Hogsmeade,13098,Ollivanders™ Experience in Hogsmeade™,True,15
2026-07-31T05:35:12+00:00,Toon Lagoon,5989,Dudley Do-Right's Ripsaw Falls®,False,0
2026-07-31T05:35:12+00:00,Toon Lagoon,6013,Me Ship; The Olive®,False,0
2026-07-31T05:35:12+00:00,Toon Lagoon,5998,Popeye & Bluto's Bilge-Rat Barges®,False,0
2026-07-31T05:40:12+00:00,Jurassic Park,6008,Camp Jurassic™,False,0
2026-07-31T05:40:12+00:00,Jurassic Park,6012,Jurassic Park Discovery Center,False,0
2026-07-31T05:40:12+00:00,Jurassic Park,5994,Jurassic Park River Adventure,False,0
2026-07-31T05:40:12+00:00,Jurassic Park,8721,Jurassic World VelociCoaster,False,0
2026-07-31T05:40:12+00:00,Jurassic Park,5999,Pteranodon Flyers,False,0
2026-07-31T05:40:12+00:00,Jurassic Park,6017,Skull Island: Reign of Kong™,False,0
2026-07-31T05:40:12+00:00,Marvel Super Hero Island,5988,Doctor Doom's Fearfall®,False,0
2026-07-31T05:40:12+00:00,Marvel Super Hero Island,16645,Doctor Doom's Fearfall® Single Rider,True,0
2026-07-31T05:40:12+00:00,Marvel Super Hero Island,6003,Storm Force Accelatron®,False,0
2026-07-31T05:40:12+00:00,Marvel Super Hero Island,5985,The Amazing Adventures of Spider-Man®,False,0
2026-07-31T05:40:12+00:00,Marvel Super Hero Island,6004,The Incredible Hulk Coaster®,False,0
2026-07-31T05:40:12+00:00,Marvel Super Hero Island,15384,The Incredible Hulk Coaster® Single Rider,True,0
2026-07-31T05:40:12+00:00,Seuss Landing,5986,Caro-Seuss-el™,False,0
2026-07-31T05:40:12+00:00,Seuss Landing,6011,If I Ran The Zoo™,False,0
2026-07-31T05:40:12+00:00,Seuss Landing,5997,One Fish; Two Fish; Red Fish; Blue Fish™,False,0
2026-07-31T05:40:12+00:00,Seuss Landing,5987,The Cat in The Hat™,False,0
2026-07-31T05:40:12+00:00,Seuss Landing,6001,The High in the Sky Seuss Trolley Train Ride!™,False,0
2026-07-31T05:40:12+00:00,The Wizarding World of Harry Potter - Hogsmeade,5991,Flight of the Hippogriff™,False,0
2026-07-31T05:40:12+00:00,The Wizarding World of Harry Potter - Hogsmeade,6682,Hagrid's Magical Creatures Motorbike Adventure™,False,0
2026-07-31T05:40:12+00:00,The Wizarding World of Harry Potter - Hogsmeade,5992,Harry Potter and the Forbidden Journey™,False,0
2026-07-31T05:40:12+00:00,The Wizarding World of Harry Potter - Hogsmeade,13113,Harry Potter and the Forbidden Journey™ Single Rider,True,0
2026-07-31T05:40:12+00:00,The Wizarding World of Harry Potter - Hogsmeade,6015,Hogwarts Express™ - Hogsmeade™ Station,False,0
2026-07-31T05:40:12+00:00,The Wizarding World of Harry Potter - Hogsmeade,13098,Ollivanders™ Experience in Hogsmeade™,True,15
2026-07-31T05:40:12+00:00,Toon Lagoon,5989,Dudley Do-Right's Ripsaw Falls®,False,0
2026-07-31T05:40:12+00:00,Toon Lagoon,6013,Me Ship; The Olive®,False,0
2026-07-31T05:40:12+00:00,Toon Lagoon,5998,Popeye & Bluto's Bilge-Rat Barges®,False,0
2026-07-31T05:45:13+00:00,Jurassic Park,6008,Camp Jurassic™,False,0
2026-07-31T05:45:13+00:00,Jurassic Park,6012,Jurassic Park Discovery Center,False,0
2026-07-31T05:45:13+00:00,Jurassic Park,5994,Jurassic Park River Adventure,False,0
2026-07-31T05:45:13+00:00,Jurassic Park,8721,Jurassic World VelociCoaster,False,0
2026-07-31T05:45:13+00:00,Jurassic Park,5999,Pteranodon Flyers,False,0
2026-07-31T05:45:13+00:00,Jurassic Park,6017,Skull Island: Reign of Kong™,False,0
2026-07-31T05:45:13+00:00,Marvel Super Hero Island,5988,Doctor Doom's Fearfall®,False,0
2026-07-31T05:45:13+00:00,Marvel Super Hero Island,16645,Doctor Doom's Fearfall® Single Rider,True,0
2026-07-31T05:45:13+00:00,Marvel Super Hero Island,6003,Storm Force Accelatron®,False,0
2026-07-31T05:45:13+00:00,Marvel Super Hero Island,5985,The Amazing Adventures of Spider-Man®,False,0
2026-07-31T05:45:13+00:00,Marvel Super Hero Island,6004,The Incredible Hulk Coaster®,False,0
2026-07-31T05:45:13+00:00,Marvel Super Hero Island,15384,The Incredible Hulk Coaster® Single Rider,True,0
2026-07-31T05:45:13+00:00,Seuss Landing,5986,Caro-Seuss-el™,False,0
2026-07-31T05:45:13+00:00,Seuss Landing,6011,If I Ran The Zoo™,False,0
2026-07-31T05:45:13+00:00,Seuss Landing,5997,One Fish; Two Fish; Red Fish; Blue Fish™,False,0
2026-07-31T05:45:13+00:00,Seuss Landing,5987,The Cat in The Hat™,False,0
2026-07-31T05:45:13+00:00,Seuss Landing,6001,The High in the Sky Seuss Trolley Train Ride!™,False,0
2026-07-31T05:45:13+00:00,The Wizarding World of Harry Potter - Hogsmeade,5991,Flight of the Hippogriff™,False,0
2026-07-31T05:45:13+00:00,The Wizarding World of Harry Potter - Hogsmeade,6682,Hagrid's Magical Creatures Motorbike Adventure™,False,0
2026-07-31T05:45:13+00:00,The Wizarding World of Harry Potter - Hogsmeade,5992,Harry Potter and the Forbidden Journey™,False,0
2026-07-31T05:45:13+00:00,The Wizarding World of Harry Potter - Hogsmeade,13113,Harry Potter and the Forbidden Journey™ Single Rider,True,0
2026-07-31T05:45:13+00:00,The Wizarding World of Harry Potter - Hogsmeade,6015,Hogwarts Express™ - Hogsmeade™ Station,False,0
2026-07-31T05:45:13+00:00,The Wizarding World of Harry Potter - Hogsmeade,13098,Ollivanders™ Experience in Hogsmeade™,True,15
2026-07-31T05:45:13+00:00,Toon Lagoon,5989,Dudley Do-Right's Ripsaw Falls®,False,0
2026-07-31T05:45:13+00:00,Toon Lagoon,6013,Me Ship; The Olive®,False,0
2026-07-31T05:45:13+00:00,Toon Lagoon,5998,Popeye & Bluto's Bilge-Rat Barges®,False,0
2026-07-31T05:50:14+00:00,Jurassic Park,6008,Camp Jurassic™,False,0
2026-07-31T05:50:14+00:00,Jurassic Park,6012,Jurassic Park Discovery Center,False,0
2026-07-31T05:50:14+00:00,Jurassic Park,5994,Jurassic Park River Adventure,False,0
2026-07-31T05:50:14+00:00,Jurassic Park,8721,Jurassic World VelociCoaster,False,0
2026-07-31T05:50:14+00:00,Jurassic Park,5999,Pteranodon Flyers,False,0
2026-07-31T05:50:14+00:00,Jurassic Park,6017,Skull Island: Reign of Kong™,False,0
2026-07-31T05:50:14+00:00,Marvel Super Hero Island,5988,Doctor Doom's Fearfall®,False,0
2026-07-31T05:50:14+00:00,Marvel Super Hero Island,16645,Doctor Doom's Fearfall® Single Rider,True,0
2026-07-31T05:50:14+00:00,Marvel Super Hero Island,6003,Storm Force Accelatron®,False,0
2026-07-31T05:50:14+00:00,Marvel Super Hero Island,5985,The Amazing Adventures of Spider-Man®,False,0
2026-07-31T05:50:14+00:00,Marvel Super Hero Island,6004,The Incredible Hulk Coaster®,False,0
2026-07-31T05:50:14+00:00,Marvel Super Hero Island,15384,The Incredible Hulk Coaster® Single Rider,True,0
2026-07-31T05:50:14+00:00,Seuss Landing,5986,Caro-Seuss-el™,False,0
2026-07-31T05:50:14+00:00,Seuss Landing,6011,If I Ran The Zoo™,False,0
2026-07-31T05:50:14+00:00,Seuss Landing,5997,One Fish; Two Fish; Red Fish; Blue Fish™,False,0
2026-07-31T05:50:14+00:00,Seuss Landing,5987,The Cat in The Hat™,False,0
2026-07-31T05:50:14+00:00,Seuss Landing,6001,The High in the Sky Seuss Trolley Train Ride!™,False,0
2026-07-31T05:50:14+00:00,The Wizarding World of Harry Potter - Hogsmeade,5991,Flight of the Hippogriff™,False,0
2026-07-31T05:50:14+00:00,The Wizarding World of Harry Potter - Hogsmeade,6682,Hagrid's Magical Creatures Motorbike Adventure™,False,0
2026-07-31T05:50:14+00:00,The Wizarding World of Harry Potter - Hogsmeade,5992,Harry Potter and the Forbidden Journey™,False,0
2026-07-31T05:50:14+00:00,The Wizarding World of Harry Potter - Hogsmeade,13113,Harry Potter and the Forbidden Journey™ Single Rider,True,0
2026-07-31T05:50:14+00:00,The Wizarding World of Harry Potter - Hogsmeade,6015,Hogwarts Express™ - Hogsmeade™ Station,False,0
2026-07-31T05:50:14+00:00,The Wizarding World of Harry Potter - Hogsmeade,13098,Ollivanders™ Experience in Hogsmeade™,True,15
2026-07-31T05:50:14+00:00,Toon Lagoon,5989,Dudley Do-Right's Ripsaw Falls®,False,0
2026-07-31T05:50:14+00:00,Toon Lagoon,6013,Me Ship; The Olive®,False,0
2026-07-31T05:50:14+00:00,Toon Lagoon,5998,Popeye & Bluto's Bilge-Rat Barges®,False,0
2026-07-31T05:55:10+00:00,Jurassic Park,6008,Camp Jurassic™,False,0
2026-07-31T05:55:10+00:00,Jurassic Park,6012,Jurassic Park Discovery Center,False,0
2026-07-31T05:55:10+00:00,Jurassic Park,5994,Jurassic Park River Adventure,False,0
2026-07-31T05:55:10+00:00,Jurassic Park,8721,Jurassic World VelociCoaster,False,0
2026-07-31T05:55:10+00:00,Jurassic Park,5999,Pteranodon Flyers,False,0
2026-07-31T05:55:10+00:00,Jurassic Park,6017,Skull Island: Reign of Kong™,False,0
2026-07-31T05:55:10+00:00,Marvel Super Hero Island,5988,Doctor Doom's Fearfall®,False,0
2026-07-31T05:55:10+00:00,Marvel Super Hero Island,16645,Doctor Doom's Fearfall® Single Rider,True,0
2026-07-31T05:55:10+00:00,Marvel Super Hero Island,6003,Storm Force Accelatron®,False,0
2026-07-31T05:55:10+00:00,Marvel Super Hero Island,5985,The Amazing Adventures of Spider-Man®,False,0
2026-07-31T05:55:10+00:00,Marvel Super Hero Island,6004,The Incredible Hulk Coaster®,False,0
2026-07-31T05:55:10+00:00,Marvel Super Hero Island,15384,The Incredible Hulk Coaster® Single Rider,True,0
2026-07-31T05:55:10+00:00,Seuss Landing,5986,Caro-Seuss-el™,False,0
2026-07-31T05:55:10+00:00,Seuss Landing,6011,If I Ran The Zoo™,False,0
2026-07-31T05:55:10+00:00,Seuss Landing,5997,One Fish; Two Fish; Red Fish; Blue Fish™,False,0
2026-07-31T05:55:10+00:00,Seuss Landing,5987,The Cat in The Hat™,False,0
2026-07-31T05:55:10+00:00,Seuss Landing,6001,The High in the Sky Seuss Trolley Train Ride!™,False,0
2026-07-31T05:55:10+00:00,The Wizarding World of Harry Potter - Hogsmeade,5991,Flight of the Hippogriff™,False,0
2026-07-31T05:55:10+00:00,The Wizarding World of Harry Potter - Hogsmeade,6682,Hagrid's Magical Creatures Motorbike Adventure™,False,0
2026-07-31T05:55:10+00:00,The Wizarding World of Harry Potter - Hogsmeade,5992,Harry Potter and the Forbidden Journey™,False,0
2026-07-31T05:55:10+00:00,The Wizarding World of Harry Potter - Hogsmeade,13113,Harry Potter and the Forbidden Journey™ Single Rider,True,0
2026-07-31T05:55:10+00:00,The Wizarding World of Harry Potter - Hogsmeade,6015,Hogwarts Express™ - Hogsmeade™ Station,False,0
2026-07-31T05:55:10+00:00,The Wizarding World of Harry Potter - Hogsmeade,13098,Ollivanders™ Experience in Hogsmeade™,True,15
2026-07-31T05:55:10+00:00,Toon Lagoon,5989,Dudley Do-Right's Ripsaw Falls®,False,0
2026-07-31T05:55:10+00:00,Toon Lagoon,6013,Me Ship; The Olive®,False,0
2026-07-31T05:55:10+00:00,Toon Lagoon,5998,Popeye & Bluto's Bilge-Rat Barges®,False,0
2026-07-31T06:00:20+00:00,Jurassic Park,6008,Camp Jurassic™,False,0
2026-07-31T06:00:20+00:00,Jurassic Park,6012,Jurassic Park Discovery Center,False,0
2026-07-31T06:00:20+00:00,Jurassic Park,5994,Jurassic Park River Adventure,False,0
2026-07-31T06:00:20+00:00,Jurassic Park,8721,Jurassic World VelociCoaster,False,0
2026-07-31T06:00:20+00:00,Jurassic Park,5999,Pteranodon Flyers,False,0
2026-07-31T06:00:20+00:00,Jurassic Park,6017,Skull Island: Reign of Kong™,False,0
2026-07-31T06:00:20+00:00,Marvel Super Hero Island,5988,Doctor Doom's Fearfall®,False,0
2026-07-31T06:00:20+00:00,Marvel Super Hero Island,16645,Doctor Doom's Fearfall® Single Rider,True,0
2026-07-31T06:00:20+00:00,Marvel Super Hero Island,6003,Storm Force Accelatron®,False,0
2026-07-31T06:00:20+00:00,Marvel Super Hero Island,5985,The Amazing Adventures of Spider-Man®,False,0
2026-07-31T06:00:20+00:00,Marvel Super Hero Island,6004,The Incredible Hulk Coaster®,False,0
2026-07-31T06:00:20+00:00,Marvel Super Hero Island,15384,The Incredible Hulk Coaster® Single Rider,True,0
2026-07-31T06:00:20+00:00,Seuss Landing,5986,Caro-Seuss-el™,False,0
2026-07-31T06:00:20+00:00,Seuss Landing,6011,If I Ran The Zoo™,False,0
2026-07-31T06:00:20+00:00,Seuss Landing,5997,One Fish; Two Fish; Red Fish; Blue Fish™,False,0
2026-07-31T06:00:20+00:00,Seuss Landing,5987,The Cat in The Hat™,False,0
2026-07-31T06:00:20+00:00,Seuss Landing,6001,The High in the Sky Seuss Trolley Train Ride!™,False,0
2026-07-31T06:00:20+00:00,The Wizarding World of Harry Potter - Hogsmeade,5991,Flight of the Hippogriff™,False,0
2026-07-31T06:00:20+00:00,The Wizarding World of Harry Potter - Hogsmeade,6682,Hagrid's Magical Creatures Motorbike Adventure™,False,0
2026-07-31T06:00:20+00:00,The Wizarding World of Harry Potter - Hogsmeade,5992,Harry Potter and the Forbidden Journey™,False,0
2026-07-31T06:00:20+00:00,The Wizarding World of Harry Potter - Hogsmeade,13113,Harry Potter and the Forbidden Journey™ Single Rider,True,0
2026-07-31T06:00:20+00:00,The Wizarding World of Harry Potter - Hogsmeade,6015,Hogwarts Express™ - Hogsmeade™ Station,False,0
2026-07-31T06:00:20+00:00,The Wizarding World of Harry Potter - Hogsmeade,13098,Ollivanders™ Experience in Hogsmeade™,True,15
2026-07-31T06:00:20+00:00,Toon Lagoon,5989,Dudley Do-Right's Ripsaw Falls®,False,0
2026-07-31T06:00:20+00:00,Toon Lagoon,6013,Me Ship; The Olive®,False,0
2026-07-31T06:00:20+00:00,Toon Lagoon,5998,Popeye & Bluto's Bilge-Rat Barges®,False,0
2026-07-31T06:05:11+00:00,Jurassic Park,6008,Camp Jurassic™,False,0
2026-07-31T06:05:11+00:00,Jurassic Park,6012,Jurassic Park Discovery Center,False,0
2026-07-31T06:05:11+00:00,Jurassic Park,5994,Jurassic Park River Adventure,False,0
2026-07-31T06:05:11+00:00,Jurassic Park,8721,Jurassic World VelociCoaster,False,0
2026-07-31T06:05:11+00:00,Jurassic Park,5999,Pteranodon Flyers,False,0
2026-07-31T06:05:11+00:00,Jurassic Park,6017,Skull Island: Reign of Kong™,False,0
2026-07-31T06:05:11+00:00,Marvel Super Hero Island,5988,Doctor Doom's Fearfall®,False,0
2026-07-31T06:05:11+00:00,Marvel Super Hero Island,16645,Doctor Doom's Fearfall® Single Rider,True,0
2026-07-31T06:05:11+00:00,Marvel Super Hero Island,6003,Storm Force Accelatron®,False,0
2026-07-31T06:05:11+00:00,Marvel Super Hero Island,5985,The Amazing Adventures of Spider-Man®,False,0
2026-07-31T06:05:11+00:00,Marvel Super Hero Island,6004,The Incredible Hulk Coaster®,False,0
2026-07-31T06:05:11+00:00,Marvel Super Hero Island,15384,The Incredible Hulk Coaster® Single Rider,True,0
2026-07-31T06:05:11+00:00,Seuss Landing,5986,Caro-Seuss-el™,False,0
2026-07-31T06:05:11+00:00,Seuss Landing,6011,If I Ran The Zoo™,False,0
2026-07-31T06:05:11+00:00,Seuss Landing,5997,One Fish; Two Fish; Red Fish; Blue Fish™,False,0
2026-07-31T06:05:11+00:00,Seuss Landing,5987,The Cat in The Hat™,False,0
2026-07-31T06:05:11+00:00,Seuss Landing,6001,The High in the Sky Seuss Trolley Train Ride!™,False,0
2026-07-31T06:05:11+00:00,The Wizarding World of Harry Potter - Hogsmeade,5991,Flight of the Hippogriff™,False,0
2026-07-31T06:05:11+00:00,The Wizarding World of Harry Potter - Hogsmeade,6682,Hagrid's Magical Creatures Motorbike Adventure™,False,0
2026-07-31T06:05:11+00:00,The Wizarding World of Harry Potter - Hogsmeade,5992,Harry Potter and the Forbidden Journey™,False,0
2026-07-31T06:05:11+00:00,The Wizarding World of Harry Potter - Hogsmeade,13113,Harry Potter and the Forbidden Journey™ Single Rider,True,0
2026-07-31T06:05:11+00:00,The Wizarding World of Harry Potter - Hogsmeade,6015,Hogwarts Express™ - Hogsmeade™ Station,False,0
2026-07-31T06:05:11+00:00,The Wizarding World of Harry Potter - Hogsmeade,13098,Ollivanders™ Experience in Hogsmeade™,True,15
2026-07-31T06:05:11+00:00,Toon Lagoon,5989,Dudley Do-Right's Ripsaw Falls®,False,0
2026-07-31T06:05:11+00:00,Toon Lagoon,6013,Me Ship; The Olive®,False,0
2026-07-31T06:05:11+00:00,Toon Lagoon,5998,Popeye & Bluto's Bilge-Rat Barges®,False,0
2026-07-31T06:10:12+00:00,Jurassic Park,6008,Camp Jurassic™,False,0
2026-07-31T06:10:12+00:00,Jurassic Park,6012,Jurassic Park Discovery Center,False,0
2026-07-31T06:10:12+00:00,Jurassic Park,5994,Jurassic Park River Adventure,False,0
2026-07-31T06:10:12+00:00,Jurassic Park,8721,Jurassic World VelociCoaster,False,0
2026-07-31T06:10:12+00:00,Jurassic Park,5999,Pteranodon Flyers,False,0
2026-07-31T06:10:12+00:00,Jurassic Park,6017,Skull Island: Reign of Kong™,False,0
2026-07-31T06:10:12+00:00,Marvel Super Hero Island,5988,Doctor Doom's Fearfall®,False,0
2026-07-31T06:10:12+00:00,Marvel Super Hero Island,16645,Doctor Doom's Fearfall® Single Rider,True,0
2026-07-31T06:10:12+00:00,Marvel Super Hero Island,6003,Storm Force Accelatron®,False,0
2026-07-31T06:10:12+00:00,Marvel Super Hero Island,5985,The Amazing Adventures of Spider-Man®,False,0
2026-07-31T06:10:12+00:00,Marvel Super Hero Island,6004,The Incredible Hulk Coaster®,False,0
2026-07-31T06:10:12+00:00,Marvel Super Hero Island,15384,The Incredible Hulk Coaster® Single Rider,True,0
2026-07-31T06:10:12+00:00,Seuss Landing,5986,Caro-Seuss-el™,False,0
2026-07-31T06:10:12+00:00,Seuss Landing,6011,If I Ran The Zoo™,False,0
2026-07-31T06:10:12+00:00,Seuss Landing,5997,One Fish; Two Fish; Red Fish; Blue Fish™,False,0
2026-07-31T06:10:12+00:00,Seuss Landing,5987,The Cat in The Hat™,False,0
2026-07-31T06:10:12+00:00,Seuss Landing,6001,The High in the Sky Seuss Trolley Train Ride!™,False,0
2026-07-31T06:10:12+00:00,The Wizarding World of Harry Potter - Hogsmeade,5991,Flight of the Hippogriff™,False,0
2026-07-31T06:10:12+00:00,The Wizarding World of Harry Potter - Hogsmeade,6682,Hagrid's Magical Creatures Motorbike Adventure™,False,0
2026-07-31T06:10:12+00:00,The Wizarding World of Harry Potter - Hogsmeade,5992,Harry Potter and the Forbidden Journey™,False,0
2026-07-31T06:10:12+00:00,The Wizarding World of Harry Potter - Hogsmeade,13113,Harry Potter and the Forbidden Journey™ Single Rider,True,0
2026-07-31T06:10:12+00:00,The Wizarding World of Harry Potter - Hogsmeade,6015,Hogwarts Express™ - Hogsmeade™ Station,False,0
2026-07-31T06:10:12+00:00,The Wizarding World of Harry Potter - Hogsmeade,13098,Ollivanders™ Experience in Hogsmeade™,True,15
2026-07-31T06:10:12+00:00,Toon Lagoon,5989,Dudley Do-Right's Ripsaw Falls®,False,0
2026-07-31T06:10:12+00:00,Toon Lagoon,6013,Me Ship; The Olive®,False,0
2026-07-31T06:10:12+00:00,Toon Lagoon,5998,Popeye & Bluto's Bilge-Rat Barges®,False,0
2026-07-31T06:15:12+00:00,Jurassic Park,6008,Camp Jurassic™,False,0
2026-07-31T06:15:12+00:00,Jurassic Park,6012,Jurassic Park Discovery Center,False,0
2026-07-31T06:15:12+00:00,Jurassic Park,5994,Jurassic Park River Adventure,False,0
2026-07-31T06:15:12+00:00,Jurassic Park,8721,Jurassic World VelociCoaster,False,0
2026-07-31T06:15:12+00:00,Jurassic Park,5999,Pteranodon Flyers,False,0
2026-07-31T06:15:12+00:00,Jurassic Park,6017,Skull Island: Reign of Kong™,False,0
2026-07-31T06:15:12+00:00,Marvel Super Hero Island,5988,Doctor Doom's Fearfall®,False,0
2026-07-31T06:15:12+00:00,Marvel Super Hero Island,16645,Doctor Doom's Fearfall® Single Rider,True,0
2026-07-31T06:15:12+00:00,Marvel Super Hero Island,6003,Storm Force Accelatron®,False,0
2026-07-31T06:15:12+00:00,Marvel Super Hero Island,5985,The Amazing Adventures of Spider-Man®,False,0
2026-07-31T06:15:12+00:00,Marvel Super Hero Island,6004,The Incredible Hulk Coaster®,False,0
2026-07-31T06:15:12+00:00,Marvel Super Hero Island,15384,The Incredible Hulk Coaster® Single Rider,True,0
2026-07-31T06:15:12+00:00,Seuss Landing,5986,Caro-Seuss-el™,False,0
2026-07-31T06:15:12+00:00,Seuss Landing,6011,If I Ran The Zoo™,False,0
2026-07-31T06:15:12+00:00,Seuss Landing,5997,One Fish; Two Fish; Red Fish; Blue Fish™,False,0
2026-07-31T06:15:12+00:00,Seuss Landing,5987,The Cat in The Hat™,False,0
2026-07-31T06:15:12+00:00,Seuss Landing,6001,The High in the Sky Seuss Trolley Train Ride!™,False,0
2026-07-31T06:15:12+00:00,The Wizarding World of Harry Potter - Hogsmeade,5991,Flight of the Hippogriff™,False,0
2026-07-31T06:15:12+00:00,The Wizarding World of Harry Potter - Hogsmeade,6682,Hagrid's Magical Creatures Motorbike Adventure™,False,0
2026-07-31T06:15:12+00:00,The Wizarding World of Harry Potter - Hogsmeade,5992,Harry Potter and the Forbidden Journey™,False,0
2026-07-31T06:15:12+00:00,The Wizarding World of Harry Potter - Hogsmeade,13113,Harry Potter and the Forbidden Journey™ Single Rider,True,0
2026-07-31T06:15:12+00:00,The Wizarding World of Harry Potter - Hogsmeade,6015,Hogwarts Express™ - Hogsmeade™ Station,False,0
2026-07-31T06:15:12+00:00,The Wizarding World of Harry Potter - Hogsmeade,13098,Ollivanders™ Experience in Hogsmeade™,True,15
2026-07-31T06:15:12+00:00,Toon Lagoon,5989,Dudley Do-Right's Ripsaw Falls®,False,0
2026-07-31T06:15:12+00:00,Toon Lagoon,6013,Me Ship; The Olive®,False,0
2026-07-31T06:15:12+00:00,Toon Lagoon,5998,Popeye & Bluto's Bilge-Rat Barges®,False,0
2026-07-31T06:20:12+00:00,Jurassic Park,6008,Camp Jurassic™,False,0
2026-07-31T06:20:12+00:00,Jurassic Park,6012,Jurassic Park Discovery Center,False,0
2026-07-31T06:20:12+00:00,Jurassic Park,5994,Jurassic Park River Adventure,False,0
2026-07-31T06:20:12+00:00,Jurassic Park,8721,Jurassic World VelociCoaster,False,0
2026-07-31T06:20:12+00:00,Jurassic Park,5999,Pteranodon Flyers,False,0
2026-07-31T06:20:12+00:00,Jurassic Park,6017,Skull Island: Reign of Kong™,False,0
2026-07-31T06:20:12+00:00,Marvel Super Hero Island,5988,Doctor Doom's Fearfall®,False,0
2026-07-31T06:20:12+00:00,Marvel Super Hero Island,16645,Doctor Doom's Fearfall® Single Rider,True,0
2026-07-31T06:20:12+00:00,Marvel Super Hero Island,6003,Storm Force Accelatron®,False,0
2026-07-31T06:20:12+00:00,Marvel Super Hero Island,5985,The Amazing Adventures of Spider-Man®,False,0
2026-07-31T06:20:12+00:00,Marvel Super Hero Island,6004,The Incredible Hulk Coaster®,False,0
2026-07-31T06:20:12+00:00,Marvel Super Hero Island,15384,The Incredible Hulk Coaster® Single Rider,True,0
2026-07-31T06:20:12+00:00,Seuss Landing,5986,Caro-Seuss-el™,False,0
2026-07-31T06:20:12+00:00,Seuss Landing,6011,If I Ran The Zoo™,False,0
2026-07-31T06:20:12+00:00,Seuss Landing,5997,One Fish; Two Fish; Red Fish; Blue Fish™,False,0
2026-07-31T06:20:12+00:00,Seuss Landing,5987,The Cat in The Hat™,False,0
2026-07-31T06:20:12+00:00,Seuss Landing,6001,The High in the Sky Seuss Trolley Train Ride!™,False,0
2026-07-31T06:20:12+00:00,The Wizarding World of Harry Potter - Hogsmeade,5991,Flight of the Hippogriff™,False,0
2026-07-31T06:20:12+00:00,The Wizarding World of Harry Potter - Hogsmeade,6682,Hagrid's Magical Creatures Motorbike Adventure™,False,0
2026-07-31T06:20:12+00:00,The Wizarding World of Harry Potter - Hogsmeade,5992,Harry Potter and the Forbidden Journey™,False,0
2026-07-31T06:20:12+00:00,The Wizarding World of Harry Potter - Hogsmeade,13113,Harry Potter and the Forbidden Journey™ Single Rider,True,0
2026-07-31T06:20:12+00:00,The Wizarding World of Harry Potter - Hogsmeade,6015,Hogwarts Express™ - Hogsmeade™ Station,False,0
2026-07-31T06:20:12+00:00,The Wizarding World of Harry Potter - Hogsmeade,13098,Ollivanders™ Experience in Hogsmeade™,True,15
2026-07-31T06:20:12+00:00,Toon Lagoon,5989,Dudley Do-Right's Ripsaw Falls®,False,0
2026-07-31T06:20:12+00:00,Toon Lagoon,6013,Me Ship; The Olive®,False,0
2026-07-31T06:20:12+00:00,Toon Lagoon,5998,Popeye & Bluto's Bilge-Rat Barges®,False,0
2026-07-31T06:25:10+00:00,Jurassic Park,6008,Camp Jurassic™,False,0
2026-07-31T06:25:10+00:00,Jurassic Park,6012,Jurassic Park Discovery Center,False,0
2026-07-31T06:25:10+00:00,Jurassic Park,5994,Jurassic Park River Adventure,False,0
2026-07-31T06:25:10+00:00,Jurassic Park,8721,Jurassic World VelociCoaster,False,0
2026-07-31T06:25:10+00:00,Jurassic Park,5999,Pteranodon Flyers,False,0
2026-07-31T06:25:10+00:00,Jurassic Park,6017,Skull Island: Reign of Kong™,False,0
2026-07-31T06:25:10+00:00,Marvel Super Hero Island,5988,Doctor Doom's Fearfall®,False,0
2026-07-31T06:25:10+00:00,Marvel Super Hero Island,16645,Doctor Doom's Fearfall® Single Rider,True,0
2026-07-31T06:25:10+00:00,Marvel Super Hero Island,6003,Storm Force Accelatron®,False,0
2026-07-31T06:25:10+00:00,Marvel Super Hero Island,5985,The Amazing Adventures of Spider-Man®,False,0
2026-07-31T06:25:10+00:00,Marvel Super Hero Island,6004,The Incredible Hulk Coaster®,False,0
2026-07-31T06:25:10+00:00,Marvel Super Hero Island,15384,The Incredible Hulk Coaster® Single Rider,True,0
2026-07-31T06:25:10+00:00,Seuss Landing,5986,Caro-Seuss-el™,False,0
2026-07-31T06:25:10+00:00,Seuss Landing,6011,If I Ran The Zoo™,False,0
2026-07-31T06:25:10+00:00,Seuss Landing,5997,One Fish; Two Fish; Red Fish; Blue Fish™,False,0
2026-07-31T06:25:10+00:00,Seuss Landing,5987,The Cat in The Hat™,False,0
2026-07-31T06:25:10+00:00,Seuss Landing,6001,The High in the Sky Seuss Trolley Train Ride!™,False,0
2026-07-31T06:25:10+00:00,The Wizarding World of Harry Potter - Hogsmeade,5991,Flight of the Hippogriff™,False,0
2026-07-31T06:25:10+00:00,The Wizarding World of Harry Potter - Hogsmeade,6682,Hagrid's Magical Creatures Motorbike Adventure™,False,0
2026-07-31T06:25:10+00:00,The Wizarding World of Harry Potter - Hogsmeade,5992,Harry Potter and the Forbidden Journey™,False,0
2026-07-31T06:25:10+00:00,The Wizarding World of Harry Potter - Hogsmeade,13113,Harry Potter and the Forbidden Journey™ Single Rider,True,0
2026-07-31T06:25:10+00:00,The Wizarding World of Harry Potter - Hogsmeade,6015,Hogwarts Express™ - Hogsmeade™ Station,False,0
2026-07-31T06:25:10+00:00,The Wizarding World of Harry Potter - Hogsmeade,13098,Ollivanders™ Experience in Hogsmeade™,True,15
2026-07-31T06:25:10+00:00,Toon Lagoon,5989,Dudley Do-Right's Ripsaw Falls®,False,0
2026-07-31T06:25:10+00:00,Toon Lagoon,6013,Me Ship; The Olive®,False,0
2026-07-31T06:25:10+00:00,Toon Lagoon,5998,Popeye & Bluto's Bilge-Rat Barges®,False,0
2026-07-31T06:30:15+00:00,Jurassic Park,6008,Camp Jurassic™,False,0
2026-07-31T06:30:15+00:00,Jurassic Park,6012,Jurassic Park Discovery Center,False,0
2026-07-31T06:30:15+00:00,Jurassic Park,5994,Jurassic Park River Adventure,False,0
2026-07-31T06:30:15+00:00,Jurassic Park,8721,Jurassic World VelociCoaster,False,0
2026-07-31T06:30:15+00:00,Jurassic Park,5999,Pteranodon Flyers,False,0
2026-07-31T06:30:15+00:00,Jurassic Park,6017,Skull Island: Reign of Kong™,False,0
2026-07-31T06:30:15+00:00,Marvel Super Hero Island,5988,Doctor Doom's Fearfall®,False,0
2026-07-31T06:30:15+00:00,Marvel Super Hero Island,16645,Doctor Doom's Fearfall® Single Rider,True,0
2026-07-31T06:30:15+00:00,Marvel Super Hero Island,6003,Storm Force Accelatron®,False,0
2026-07-31T06:30:15+00:00,Marvel Super Hero Island,5985,The Amazing Adventures of Spider-Man®,False,0
2026-07-31T06:30:15+00:00,Marvel Super Hero Island,6004,The Incredible Hulk Coaster®,False,0
2026-07-31T06:30:15+00:00,Marvel Super Hero Island,15384,The Incredible Hulk Coaster® Single Rider,True,0
2026-07-31T06:30:15+00:00,Seuss Landing,5986,Caro-Seuss-el™,False,0
2026-07-31T06:30:15+00:00,Seuss Landing,6011,If I Ran The Zoo™,False,0
2026-07-31T06:30:15+00:00,Seuss Landing,5997,One Fish; Two Fish; Red Fish; Blue Fish™,False,0
2026-07-31T06:30:15+00:00,Seuss Landing,5987,The Cat in The Hat™,False,0
2026-07-31T06:30:15+00:00,Seuss Landing,6001,The High in the Sky Seuss Trolley Train Ride!™,False,0
2026-07-31T06:30:15+00:00,The Wizarding World of Harry Potter - Hogsmeade,5991,Flight of the Hippogriff™,False,0
2026-07-31T06:30:15+00:00,The Wizarding World of Harry Potter - Hogsmeade,6682,Hagrid's Magical Creatures Motorbike Adventure™,False,0
2026-07-31T06:30:15+00:00,The Wizarding World of Harry Potter - Hogsmeade,5992,Harry Potter and the Forbidden Journey™,False,0
2026-07-31T06:30:15+00:00,The Wizarding World of Harry Potter - Hogsmeade,13113,Harry Potter and the Forbidden Journey™ Single Rider,True,0
2026-07-31T06:30:15+00:00,The Wizarding World of Harry Potter - Hogsmeade,6015,Hogwarts Express™ - Hogsmeade™ Station,False,0
2026-07-31T06:30:15+00:00,The Wizarding World of Harry Potter - Hogsmeade,13098,Ollivanders™ Experience in Hogsmeade™,True,15
2026-07-31T06:30:15+00:00,Toon Lagoon,5989,Dudley Do-Right's Ripsaw Falls®,False,0
2026-07-31T06:30:15+00:00,Toon Lagoon,6013,Me Ship; The Olive®,False,0
2026-07-31T06:30:15+00:00,Toon Lagoon,5998,Popeye & Bluto's Bilge-Rat Barges®,False,0
2026-07-31T06:35:10+00:00,Jurassic Park,6008,Camp Jurassic™,False,0
2026-07-31T06:35:10+00:00,Jurassic Park,6012,Jurassic Park Discovery Center,False,0
2026-07-31T06:35:10+00:00,Jurassic Park,5994,Jurassic Park River Adventure,False,0
2026-07-31T06:35:10+00:00,Jurassic Park,8721,Jurassic World VelociCoaster,False,0
2026-07-31T06:35:10+00:00,Jurassic Park,5999,Pteranodon Flyers,False,0
2026-07-31T06:35:10+00:00,Jurassic Park,6017,Skull Island: Reign of Kong™,False,0
2026-07-31T06:35:10+00:00,Marvel Super Hero Island,5988,Doctor Doom's Fearfall®,False,0
2026-07-31T06:35:10+00:00,Marvel Super Hero Island,16645,Doctor Doom's Fearfall® Single Rider,True,0
2026-07-31T06:35:10+00:00,Marvel Super Hero Island,6003,Storm Force Accelatron®,False,0
2026-07-31T06:35:10+00:00,Marvel Super Hero Island,5985,The Amazing Adventures of Spider-Man®,False,0
2026-07-31T06:35:10+00:00,Marvel Super Hero Island,6004,The Incredible Hulk Coaster®,False,0
2026-07-31T06:35:10+00:00,Marvel Super Hero Island,15384,The Incredible Hulk Coaster® Single Rider,True,0
2026-07-31T06:35:10+00:00,Seuss Landing,5986,Caro-Seuss-el™,False,0
2026-07-31T06:35:10+00:00,Seuss Landing,6011,If I Ran The Zoo™,False,0
2026-07-31T06:35:10+00:00,Seuss Landing,5997,One Fish; Two Fish; Red Fish; Blue Fish™,False,0
2026-07-31T06:35:10+00:00,Seuss Landing,5987,The Cat in The Hat™,False,0
2026-07-31T06:35:10+00:00,Seuss Landing,6001,The High in the Sky Seuss Trolley Train Ride!™,False,0
2026-07-31T06:35:10+00:00,The Wizarding World of Harry Potter - Hogsmeade,5991,Flight of the Hippogriff™,False,0
2026-07-31T06:35:10+00:00,The Wizarding World of Harry Potter - Hogsmeade,6682,Hagrid's Magical Creatures Motorbike Adventure™,False,0
2026-07-31T06:35:10+00:00,The Wizarding World of Harry Potter - Hogsmeade,5992,Harry Potter and the Forbidden Journey™,False,0
2026-07-31T06:35:10+00:00,The Wizarding World of Harry Potter - Hogsmeade,13113,Harry Potter and the Forbidden Journey™ Single Rider,True,0
2026-07-31T06:35:10+00:00,The Wizarding World of Harry Potter - Hogsmeade,6015,Hogwarts Express™ - Hogsmeade™ Station,False,0
2026-07-31T06:35:10+00:00,The Wizarding World of Harry Potter - Hogsmeade,13098,Ollivanders™ Experience in Hogsmeade™,True,15
2026-07-31T06:35:10+00:00,Toon Lagoon,5989,Dudley Do-Right's Ripsaw Falls®,False,0
2026-07-31T06:35:10+00:00,Toon Lagoon,6013,Me Ship; The Olive®,False,0
2026-07-31T06:35:10+00:00,Toon Lagoon,5998,Popeye & Bluto's Bilge-Rat Barges®,False,0
2026-07-31T06:40:18+00:00,Jurassic Park,6008,Camp Jurassic™,False,0
2026-07-31T06:40:18+00:00,Jurassic Park,6012,Jurassic Park Discovery Center,False,0
2026-07-31T06:40:18+00:00,Jurassic Park,5994,Jurassic Park River Adventure,False,0
2026-07-31T06:40:18+00:00,Jurassic Park,8721,Jurassic World VelociCoaster,False,0
2026-07-31T06:40:18+00:00,Jurassic Park,5999,Pteranodon Flyers,False,0
2026-07-31T06:40:18+00:00,Jurassic Park,6017,Skull Island: Reign of Kong™,False,0
2026-07-31T06:40:18+00:00,Marvel Super Hero Island,5988,Doctor Doom's Fearfall®,False,0
2026-07-31T06:40:18+00:00,Marvel Super Hero Island,16645,Doctor Doom's Fearfall® Single Rider,True,0
2026-07-31T06:40:18+00:00,Marvel Super Hero Island,6003,Storm Force Accelatron®,False,0
2026-07-31T06:40:18+00:00,Marvel Super Hero Island,5985,The Amazing Adventures of Spider-Man®,False,0
2026-07-31T06:40:18+00:00,Marvel Super Hero Island,6004,The Incredible Hulk Coaster®,False,0
2026-07-31T06:40:18+00:00,Marvel Super Hero Island,15384,The Incredible Hulk Coaster® Single Rider,True,0
2026-07-31T06:40:18+00:00,Seuss Landing,5986,Caro-Seuss-el™,False,0
2026-07-31T06:40:18+00:00,Seuss Landing,6011,If I Ran The Zoo™,False,0
2026-07-31T06:40:18+00:00,Seuss Landing,5997,One Fish; Two Fish; Red Fish; Blue Fish™,False,0
2026-07-31T06:40:18+00:00,Seuss Landing,5987,The Cat in The Hat™,False,0
2026-07-31T06:40:18+00:00,Seuss Landing,6001,The High in the Sky Seuss Trolley Train Ride!™,False,0
2026-07-31T06:40:18+00:00,The Wizarding World of Harry Potter - Hogsmeade,5991,Flight of the Hippogriff™,False,0
2026-07-31T06:40:18+00:00,The Wizarding World of Harry Potter - Hogsmeade,6682,Hagrid's Magical Creatures Motorbike Adventure™,False,0
2026-07-31T06:40:18+00:00,The Wizarding World of Harry Potter - Hogsmeade,5992,Harry Potter and the Forbidden Journey™,False,0
2026-07-31T06:40:18+00:00,The Wizarding World of Harry Potter - Hogsmeade,13113,Harry Potter and the Forbidden Journey™ Single Rider,True,0
2026-07-31T06:40:18+00:00,The Wizarding World of Harry Potter - Hogsmeade,6015,Hogwarts Express™ - Hogsmeade™ Station,False,0
2026-07-31T06:40:18+00:00,The Wizarding World of Harry Potter - Hogsmeade,13098,Ollivanders™ Experience in Hogsmeade™,True,15
2026-07-31T06:40:18+00:00,Toon Lagoon,5989,Dudley Do-Right's Ripsaw Falls®,False,0
2026-07-31T06:40:18+00:00,Toon Lagoon,6013,Me Ship; The Olive®,False,0
2026-07-31T06:40:18+00:00,Toon Lagoon,5998,Popeye & Bluto's Bilge-Rat Barges®,False,0
2026-07-31T06:45:13+00:00,Jurassic Park,6008,Camp Jurassic™,False,0
2026-07-31T06:45:13+00:00,Jurassic Park,6012,Jurassic Park Discovery Center,False,0
2026-07-31T06:45:13+00:00,Jurassic Park,5994,Jurassic Park River Adventure,False,0
2026-07-31T06:45:13+00:00,Jurassic Park,8721,Jurassic World VelociCoaster,False,0
2026-07-31T06:45:13+00:00,Jurassic Park,5999,Pteranodon Flyers,False,0
2026-07-31T06:45:13+00:00,Jurassic Park,6017,Skull Island: Reign of Kong™,False,0
2026-07-31T06:45:13+00:00,Marvel Super Hero Island,5988,Doctor Doom's Fearfall®,False,0
2026-07-31T06:45:13+00:00,Marvel Super Hero Island,16645,Doctor Doom's Fearfall® Single Rider,True,0
2026-07-31T06:45:13+00:00,Marvel Super Hero Island,6003,Storm Force Accelatron®,False,0
2026-07-31T06:45:13+00:00,Marvel Super Hero Island,5985,The Amazing Adventures of Spider-Man®,False,0
2026-07-31T06:45:13+00:00,Marvel Super Hero Island,6004,The Incredible Hulk Coaster®,False,0
2026-07-31T06:45:13+00:00,Marvel Super Hero Island,15384,The Incredible Hulk Coaster® Single Rider,True,0
2026-07-31T06:45:13+00:00,Seuss Landing,5986,Caro-Seuss-el™,False,0
2026-07-31T06:45:13+00:00,Seuss Landing,6011,If I Ran The Zoo™,False,0
2026-07-31T06:45:13+00:00,Seuss Landing,5997,One Fish; Two Fish; Red Fish; Blue Fish™,False,0
2026-07-31T06:45:13+00:00,Seuss Landing,5987,The Cat in The Hat™,False,0
2026-07-31T06:45:13+00:00,Seuss Landing,6001,The High in the Sky Seuss Trolley Train Ride!™,False,0
2026-07-31T06:45:13+00:00,The Wizarding World of Harry Potter - Hogsmeade,5991,Flight of the Hippogriff™,False,0
2026-07-31T06:45:13+00:00,The Wizarding World of Harry Potter - Hogsmeade,6682,Hagrid's Magical Creatures Motorbike Adventure™,False,0
2026-07-31T06:45:13+00:00,The Wizarding World of Harry Potter - Hogsmeade,5992,Harry Potter and the Forbidden Journey™,False,0
2026-07-31T06:45:13+00:00,The Wizarding World of Harry Potter - Hogsmeade,13113,Harry Potter and the Forbidden Journey™ Single Rider,True,0
2026-07-31T06:45:13+00:00,The Wizarding World of Harry Potter - Hogsmeade,6015,Hogwarts Express™ - Hogsmeade™ Station,False,0
2026-07-31T06:45:13+00:00,The Wizarding World of Harry Potter - Hogsmeade,13098,Ollivanders™ Experience in Hogsmeade™,True,15
2026-07-31T06:45:13+00:00,Toon Lagoon,5989,Dudley Do-Right's Ripsaw Falls®,False,0
2026-07-31T06:45:13+00:00,Toon Lagoon,6013,Me Ship; The Olive®,False,0
2026-07-31T06:45:13+00:00,Toon Lagoon,5998,Popeye & Bluto's Bilge-Rat Barges®,False,0
2026-07-31T06:50:15+00:00,Jurassic Park,6008,Camp Jurassic™,False,0
2026-07-31T06:50:15+00:00,Jurassic Park,6012,Jurassic Park Discovery Center,False,0
2026-07-31T06:50:15+00:00,Jurassic Park,5994,Jurassic Park River Adventure,False,0
2026-07-31T06:50:15+00:00,Jurassic Park,8721,Jurassic World VelociCoaster,False,0
2026-07-31T06:50:15+00:00,Jurassic Park,5999,Pteranodon Flyers,False,0
2026-07-31T06:50:15+00:00,Jurassic Park,6017,Skull Island: Reign of Kong™,False,0
2026-07-31T06:50:15+00:00,Marvel Super Hero Island,5988,Doctor Doom's Fearfall®,False,0
2026-07-31T06:50:15+00:00,Marvel Super Hero Island,16645,Doctor Doom's Fearfall® Single Rider,True,0
2026-07-31T06:50:15+00:00,Marvel Super Hero Island,6003,Storm Force Accelatron®,False,0
2026-07-31T06:50:15+00:00,Marvel Super Hero Island,5985,The Amazing Adventures of Spider-Man®,False,0
2026-07-31T06:50:15+00:00,Marvel Super Hero Island,6004,The Incredible Hulk Coaster®,False,0
2026-07-31T06:50:15+00:00,Marvel Super Hero Island,15384,The Incredible Hulk Coaster® Single Rider,True,0
2026-07-31T06:50:15+00:00,Seuss Landing,5986,Caro-Seuss-el™,False,0
2026-07-31T06:50:15+00:00,Seuss Landing,6011,If I Ran The Zoo™,False,0
2026-07-31T06:50:15+00:00,Seuss Landing,5997,One Fish; Two Fish; Red Fish; Blue Fish™,False,0
2026-07-31T06:50:15+00:00,Seuss Landing,5987,The Cat in The Hat™,False,0
2026-07-31T06:50:15+00:00,Seuss Landing,6001,The High in the Sky Seuss Trolley Train Ride!™,False,0
2026-07-31T06:50:15+00:00,The Wizarding World of Harry Potter - Hogsmeade,5991,Flight of the Hippogriff™,False,0
2026-07-31T06:50:15+00:00,The Wizarding World of Harry Potter - Hogsmeade,6682,Hagrid's Magical Creatures Motorbike Adventure™,False,0
2026-07-31T06:50:15+00:00,The Wizarding World of Harry Potter - Hogsmeade,5992,Harry Potter and the Forbidden Journey™,False,0
2026-07-31T06:50:15+00:00,The Wizarding World of Harry Potter - Hogsmeade,13113,Harry Potter and the Forbidden Journey™ Single Rider,True,0
2026-07-31T06:50:15+00:00,The Wizarding World of Harry Potter - Hogsmeade,6015,Hogwarts Express™ - Hogsmeade™ Station,False,0
2026-07-31T06:50:15+00:00,The Wizarding World of Harry Potter - Hogsmeade,13098,Ollivanders™ Experience in Hogsmeade™,True,15
2026-07-31T06:50:15+00:00,Toon Lagoon,5989,Dudley Do-Right's Ripsaw Falls®,False,0
2026-07-31T06:50:15+00:00,Toon Lagoon,6013,Me Ship; The Olive®,False,0
2026-07-31T06:50:15+00:00,Toon Lagoon,5998,Popeye & Bluto's Bilge-Rat Barges®,False,0
2026-07-31T06:55:12+00:00,Jurassic Park,6008,Camp Jurassic™,False,0
2026-07-31T06:55:12+00:00,Jurassic Park,6012,Jurassic Park Discovery Center,False,0
2026-07-31T06:55:12+00:00,Jurassic Park,5994,Jurassic Park River Adventure,False,0
2026-07-31T06:55:12+00:00,Jurassic Park,8721,Jurassic World VelociCoaster,False,0
2026-07-31T06:55:12+00:00,Jurassic Park,5999,Pteranodon Flyers,False,0
2026-07-31T06:55:12+00:00,Jurassic Park,6017,Skull Island: Reign of Kong™,False,0
2026-07-31T06:55:12+00:00,Marvel Super Hero Island,5988,Doctor Doom's Fearfall®,False,0
2026-07-31T06:55:12+00:00,Marvel Super Hero Island,16645,Doctor Doom's Fearfall® Single Rider,True,0
2026-07-31T06:55:12+00:00,Marvel Super Hero Island,6003,Storm Force Accelatron®,False,0
2026-07-31T06:55:12+00:00,Marvel Super Hero Island,5985,The Amazing Adventures of Spider-Man®,False,0
2026-07-31T06:55:12+00:00,Marvel Super Hero Island,6004,The Incredible Hulk Coaster®,False,0
2026-07-31T06:55:12+00:00,Marvel Super Hero Island,15384,The Incredible Hulk Coaster® Single Rider,True,0
2026-07-31T06:55:12+00:00,Seuss Landing,5986,Caro-Seuss-el™,False,0
2026-07-31T06:55:12+00:00,Seuss Landing,6011,If I Ran The Zoo™,False,0
2026-07-31T06:55:12+00:00,Seuss Landing,5997,One Fish; Two Fish; Red Fish; Blue Fish™,False,0
2026-07-31T06:55:12+00:00,Seuss Landing,5987,The Cat in The Hat™,False,0
2026-07-31T06:55:12+00:00,Seuss Landing,6001,The High in the Sky Seuss Trolley Train Ride!™,False,0
2026-07-31T06:55:12+00:00,The Wizarding World of Harry Potter - Hogsmeade,5991,Flight of the Hippogriff™,False,0
2026-07-31T06:55:12+00:00,The Wizarding World of Harry Potter - Hogsmeade,6682,Hagrid's Magical Creatures Motorbike Adventure™,False,0
2026-07-31T06:55:12+00:00,The Wizarding World of Harry Potter - Hogsmeade,5992,Harry Potter and the Forbidden Journey™,False,0
2026-07-31T06:55:12+00:00,The Wizarding World of Harry Potter - Hogsmeade,13113,Harry Potter and the Forbidden Journey™ Single Rider,True,0
2026-07-31T06:55:12+00:00,The Wizarding World of Harry Potter - Hogsmeade,6015,Hogwarts Express™ - Hogsmeade™ Station,False,0
2026-07-31T06:55:12+00:00,The Wizarding World of Harry Potter - Hogsmeade,13098,Ollivanders™ Experience in Hogsmeade™,True,15
2026-07-31T06:55:12+00:00,Toon Lagoon,5989,Dudley Do-Right's Ripsaw Falls®,False,0
2026-07-31T06:55:12+00:00,Toon Lagoon,6013,Me Ship; The Olive®,False,0
2026-07-31T06:55:12+00:00,Toon Lagoon,5998,Popeye & Bluto's Bilge-Rat Barges®,False,0
2026-07-31T07:00:19+00:00,Jurassic Park,6008,Camp Jurassic™,False,0
2026-07-31T07:00:19+00:00,Jurassic Park,6012,Jurassic Park Discovery Center,False,0
2026-07-31T07:00:19+00:00,Jurassic Park,5994,Jurassic Park River Adventure,False,0
2026-07-31T07:00:19+00:00,Jurassic Park,8721,Jurassic World VelociCoaster,False,0
2026-07-31T07:00:19+00:00,Jurassic Park,5999,Pteranodon Flyers,False,0
2026-07-31T07:00:19+00:00,Jurassic Park,6017,Skull Island: Reign of Kong™,False,0
2026-07-31T07:00:19+00:00,Marvel Super Hero Island,5988,Doctor Doom's Fearfall®,False,0
2026-07-31T07:00:19+00:00,Marvel Super Hero Island,16645,Doctor Doom's Fearfall® Single Rider,True,0
2026-07-31T07:00:19+00:00,Marvel Super Hero Island,6003,Storm Force Accelatron®,False,0
2026-07-31T07:00:19+00:00,Marvel Super Hero Island,5985,The Amazing Adventures of Spider-Man®,False,0
2026-07-31T07:00:19+00:00,Marvel Super Hero Island,6004,The Incredible Hulk Coaster®,False,0
2026-07-31T07:00:19+00:00,Marvel Super Hero Island,15384,The Incredible Hulk Coaster® Single Rider,True,0
2026-07-31T07:00:19+00:00,Seuss Landing,5986,Caro-Seuss-el™,False,0
2026-07-31T07:00:19+00:00,Seuss Landing,6011,If I Ran The Zoo™,False,0
2026-07-31T07:00:19+00:00,Seuss Landing,5997,One Fish; Two Fish; Red Fish; Blue Fish™,False,0
2026-07-31T07:00:19+00:00,Seuss Landing,5987,The Cat in The Hat™,False,0
2026-07-31T07:00:19+00:00,Seuss Landing,6001,The High in the Sky Seuss Trolley Train Ride!™,False,0
2026-07-31T07:00:19+00:00,The Wizarding World of Harry Potter - Hogsmeade,5991,Flight of the Hippogriff™,False,0
2026-07-31T07:00:19+00:00,The Wizarding World of Harry Potter - Hogsmeade,6682,Hagrid's Magical Creatures Motorbike Adventure™,False,0
2026-07-31T07:00:19+00:00,The Wizarding World of Harry Potter - Hogsmeade,5992,Harry Potter and the Forbidden Journey™,False,0
2026-07-31T07:00:19+00:00,The Wizarding World of Harry Potter - Hogsmeade,13113,Harry Potter and the Forbidden Journey™ Single Rider,True,0
2026-07-31T07:00:19+00:00,The Wizarding World of Harry Potter - Hogsmeade,6015,Hogwarts Express™ - Hogsmeade™ Station,False,0
2026-07-31T07:00:19+00:00,The Wizarding World of Harry Potter - Hogsmeade,13098,Ollivanders™ Experience in Hogsmeade™,True,15
2026-07-31T07:00:19+00:00,Toon Lagoon,5989,Dudley Do-Right's Ripsaw Falls®,False,0
2026-07-31T07:00:19+00:00,Toon Lagoon,6013,Me Ship; The Olive®,False,0
2026-07-31T07:00:19+00:00,Toon Lagoon,5998,Popeye & Bluto's Bilge-Rat Barges®,False,0
2026-07-31T07:05:12+00:00,Jurassic Park,6008,Camp Jurassic™,False,0
2026-07-31T07:05:12+00:00,Jurassic Park,6012,Jurassic Park Discovery Center,False,0
2026-07-31T07:05:12+00:00,Jurassic Park,5994,Jurassic Park River Adventure,False,0
2026-07-31T07:05:12+00:00,Jurassic Park,8721,Jurassic World VelociCoaster,False,0
2026-07-31T07:05:12+00:00,Jurassic Park,5999,Pteranodon Flyers,False,0
2026-07-31T07:05:12+00:00,Jurassic Park,6017,Skull Island: Reign of Kong™,False,0
2026-07-31T07:05:12+00:00,Marvel Super Hero Island,5988,Doctor Doom's Fearfall®,False,0
2026-07-31T07:05:12+00:00,Marvel Super Hero Island,16645,Doctor Doom's Fearfall® Single Rider,True,0
2026-07-31T07:05:12+00:00,Marvel Super Hero Island,6003,Storm Force Accelatron®,False,0
2026-07-31T07:05:12+00:00,Marvel Super Hero Island,5985,The Amazing Adventures of Spider-Man®,False,0
2026-07-31T07:05:12+00:00,Marvel Super Hero Island,6004,The Incredible Hulk Coaster®,False,0
2026-07-31T07:05:12+00:00,Marvel Super Hero Island,15384,The Incredible Hulk Coaster® Single Rider,True,0
2026-07-31T07:05:12+00:00,Seuss Landing,5986,Caro-Seuss-el™,False,0
2026-07-31T07:05:12+00:00,Seuss Landing,6011,If I Ran The Zoo™,False,0
2026-07-31T07:05:12+00:00,Seuss Landing,5997,One Fish; Two Fish; Red Fish; Blue Fish™,False,0
2026-07-31T07:05:12+00:00,Seuss Landing,5987,The Cat in The Hat™,False,0
2026-07-31T07:05:12+00:00,Seuss Landing,6001,The High in the Sky Seuss Trolley Train Ride!™,False,0
2026-07-31T07:05:12+00:00,The Wizarding World of Harry Potter - Hogsmeade,5991,Flight of the Hippogriff™,False,0
2026-07-31T07:05:12+00:00,The Wizarding World of Harry Potter - Hogsmeade,6682,Hagrid's Magical Creatures Motorbike Adventure™,False,0
2026-07-31T07:05:12+00:00,The Wizarding World of Harry Potter - Hogsmeade,5992,Harry Potter and the Forbidden Journey™,False,0
2026-07-31T07:05:12+00:00,The Wizarding World of Harry Potter - Hogsmeade,13113,Harry Potter and the Forbidden Journey™ Single Rider,True,0
2026-07-31T07:05:12+00:00,The Wizarding World of Harry Potter - Hogsmeade,6015,Hogwarts Express™ - Hogsmeade™ Station,False,0
2026-07-31T07:05:12+00:00,The Wizarding World of Harry Potter - Hogsmeade,13098,Ollivanders™ Experience in Hogsmeade™,True,15
2026-07-31T07:05:12+00:00,Toon Lagoon,5989,Dudley Do-Right's Ripsaw Falls®,False,0
2026-07-31T07:05:12+00:00,Toon Lagoon,6013,Me Ship; The Olive®,False,0
2026-07-31T07:05:12+00:00,Toon Lagoon,5998,Popeye & Bluto's Bilge-Rat Barges®,False,0
2026-07-31T07:10:15+00:00,Jurassic Park,6008,Camp Jurassic™,False,0
2026-07-31T07:10:15+00:00,Jurassic Park,6012,Jurassic Park Discovery Center,False,0
2026-07-31T07:10:15+00:00,Jurassic Park,5994,Jurassic Park River Adventure,False,0
2026-07-31T07:10:15+00:00,Jurassic Park,8721,Jurassic World VelociCoaster,False,0
2026-07-31T07:10:15+00:00,Jurassic Park,5999,Pteranodon Flyers,False,0
2026-07-31T07:10:15+00:00,Jurassic Park,6017,Skull Island: Reign of Kong™,False,0
2026-07-31T07:10:15+00:00,Marvel Super Hero Island,5988,Doctor Doom's Fearfall®,False,0
2026-07-31T07:10:15+00:00,Marvel Super Hero Island,16645,Doctor Doom's Fearfall® Single Rider,True,0
2026-07-31T07:10:15+00:00,Marvel Super Hero Island,6003,Storm Force Accelatron®,False,0
2026-07-31T07:10:15+00:00,Marvel Super Hero Island,5985,The Amazing Adventures of Spider-Man®,False,0
2026-07-31T07:10:15+00:00,Marvel Super Hero Island,6004,The Incredible Hulk Coaster®,False,0
2026-07-31T07:10:15+00:00,Marvel Super Hero Island,15384,The Incredible Hulk Coaster® Single Rider,True,0
2026-07-31T07:10:15+00:00,Seuss Landing,5986,Caro-Seuss-el™,False,0
2026-07-31T07:10:15+00:00,Seuss Landing,6011,If I Ran The Zoo™,False,0
2026-07-31T07:10:15+00:00,Seuss Landing,5997,One Fish; Two Fish; Red Fish; Blue Fish™,False,0
2026-07-31T07:10:15+00:00,Seuss Landing,5987,The Cat in The Hat™,False,0
2026-07-31T07:10:15+00:00,Seuss Landing,6001,The High in the Sky Seuss Trolley Train Ride!™,False,0
2026-07-31T07:10:15+00:00,The Wizarding World of Harry Potter - Hogsmeade,5991,Flight of the Hippogriff™,False,0
2026-07-31T07:10:15+00:00,The Wizarding World of Harry Potter - Hogsmeade,6682,Hagrid's Magical Creatures Motorbike Adventure™,False,0
2026-07-31T07:10:15+00:00,The Wizarding World of Harry Potter - Hogsmeade,5992,Harry Potter and the Forbidden Journey™,False,0
2026-07-31T07:10:15+00:00,The Wizarding World of Harry Potter - Hogsmeade,13113,Harry Potter and the Forbidden Journey™ Single Rider,True,0
2026-07-31T07:10:15+00:00,The Wizarding World of Harry Potter - Hogsmeade,6015,Hogwarts Express™ - Hogsmeade™ Station,False,0
2026-07-31T07:10:15+00:00,The Wizarding World of Harry Potter - Hogsmeade,13098,Ollivanders™ Experience in Hogsmeade™,True,15
2026-07-31T07:10:15+00:00,Toon Lagoon,5989,Dudley Do-Right's Ripsaw Falls®,False,0
2026-07-31T07:10:15+00:00,Toon Lagoon,6013,Me Ship; The Olive®,False,0
2026-07-31T07:10:15+00:00,Toon Lagoon,5998,Popeye & Bluto's Bilge-Rat Barges®,False,0
2026-07-31T07:15:12+00:00,Jurassic Park,6008,Camp Jurassic™,False,0
2026-07-31T07:15:12+00:00,Jurassic Park,6012,Jurassic Park Discovery Center,False,0
2026-07-31T07:15:12+00:00,Jurassic Park,5994,Jurassic Park River Adventure,False,0
2026-07-31T07:15:12+00:00,Jurassic Park,8721,Jurassic World VelociCoaster,False,0
2026-07-31T07:15:12+00:00,Jurassic Park,5999,Pteranodon Flyers,False,0
2026-07-31T07:15:12+00:00,Jurassic Park,6017,Skull Island: Reign of Kong™,False,0
2026-07-31T07:15:12+00:00,Marvel Super Hero Island,5988,Doctor Doom's Fearfall®,False,0
2026-07-31T07:15:12+00:00,Marvel Super Hero Island,16645,Doctor Doom's Fearfall® Single Rider,True,0
2026-07-31T07:15:12+00:00,Marvel Super Hero Island,6003,Storm Force Accelatron®,False,0
2026-07-31T07:15:12+00:00,Marvel Super Hero Island,5985,The Amazing Adventures of Spider-Man®,False,0
2026-07-31T07:15:12+00:00,Marvel Super Hero Island,6004,The Incredible Hulk Coaster®,False,0
2026-07-31T07:15:12+00:00,Marvel Super Hero Island,15384,The Incredible Hulk Coaster® Single Rider,True,0
2026-07-31T07:15:12+00:00,Seuss Landing,5986,Caro-Seuss-el™,False,0
2026-07-31T07:15:12+00:00,Seuss Landing,6011,If I Ran The Zoo™,False,0
2026-07-31T07:15:12+00:00,Seuss Landing,5997,One Fish; Two Fish; Red Fish; Blue Fish™,False,0
2026-07-31T07:15:12+00:00,Seuss Landing,5987,The Cat in The Hat™,False,0
2026-07-31T07:15:12+00:00,Seuss Landing,6001,The High in the Sky Seuss Trolley Train Ride!™,False,0
2026-07-31T07:15:12+00:00,The Wizarding World of Harry Potter - Hogsmeade,5991,Flight of the Hippogriff™,False,0
2026-07-31T07:15:12+00:00,The Wizarding World of Harry Potter - Hogsmeade,6682,Hagrid's Magical Creatures Motorbike Adventure™,False,0
2026-07-31T07:15:12+00:00,The Wizarding World of Harry Potter - Hogsmeade,5992,Harry Potter and the Forbidden Journey™,False,0
2026-07-31T07:15:12+00:00,The Wizarding World of Harry Potter - Hogsmeade,13113,Harry Potter and the Forbidden Journey™ Single Rider,True,0
2026-07-31T07:15:12+00:00,The Wizarding World of Harry Potter - Hogsmeade,6015,Hogwarts Express™ - Hogsmeade™ Station,False,0
2026-07-31T07:15:12+00:00,The Wizarding World of Harry Potter - Hogsmeade,13098,Ollivanders™ Experience in Hogsmeade™,True,15
2026-07-31T07:15:12+00:00,Toon Lagoon,5989,Dudley Do-Right's Ripsaw Falls®,False,0
2026-07-31T07:15:12+00:00,Toon Lagoon,6013,Me Ship; The Olive®,False,0
2026-07-31T07:15:12+00:00,Toon Lagoon,5998,Popeye & Bluto's Bilge-Rat Barges®,False,0
2026-07-31T07:20:15+00:00,Jurassic Park,6008,Camp Jurassic™,False,0
2026-07-31T07:20:15+00:00,Jurassic Park,6012,Jurassic Park Discovery Center,False,0
2026-07-31T07:20:15+00:00,Jurassic Park,5994,Jurassic Park River Adventure,False,0
2026-07-31T07:20:15+00:00,Jurassic Park,8721,Jurassic World VelociCoaster,False,0
2026-07-31T07:20:15+00:00,Jurassic Park,5999,Pteranodon Flyers,False,0
2026-07-31T07:20:15+00:00,Jurassic Park,6017,Skull Island: Reign of Kong™,False,0
2026-07-31T07:20:15+00:00,Marvel Super Hero Island,5988,Doctor Doom's Fearfall®,False,0
2026-07-31T07:20:15+00:00,Marvel Super Hero Island,16645,Doctor Doom's Fearfall® Single Rider,True,0
2026-07-31T07:20:15+00:00,Marvel Super Hero Island,6003,Storm Force Accelatron®,False,0
2026-07-31T07:20:15+00:00,Marvel Super Hero Island,5985,The Amazing Adventures of Spider-Man®,False,0
2026-07-31T07:20:15+00:00,Marvel Super Hero Island,6004,The Incredible Hulk Coaster®,False,0
2026-07-31T07:20:15+00:00,Marvel Super Hero Island,15384,The Incredible Hulk Coaster® Single Rider,True,0
2026-07-31T07:20:15+00:00,Seuss Landing,5986,Caro-Seuss-el™,False,0
2026-07-31T07:20:15+00:00,Seuss Landing,6011,If I Ran The Zoo™,False,0
2026-07-31T07:20:15+00:00,Seuss Landing,5997,One Fish; Two Fish; Red Fish; Blue Fish™,False,0
2026-07-31T07:20:15+00:00,Seuss Landing,5987,The Cat in The Hat™,False,0
2026-07-31T07:20:15+00:00,Seuss Landing,6001,The High in the Sky Seuss Trolley Train Ride!™,False,0
2026-07-31T07:20:15+00:00,The Wizarding World of Harry Potter - Hogsmeade,5991,Flight of the Hippogriff™,False,0
2026-07-31T07:20:15+00:00,The Wizarding World of Harry Potter - Hogsmeade,6682,Hagrid's Magical Creatures Motorbike Adventure™,False,0
2026-07-31T07:20:15+00:00,The Wizarding World of Harry Potter - Hogsmeade,5992,Harry Potter and the Forbidden Journey™,False,0
2026-07-31T07:20:15+00:00,The Wizarding World of Harry Potter - Hogsmeade,13113,Harry Potter and the Forbidden Journey™ Single Rider,True,0
2026-07-31T07:20:15+00:00,The Wizarding World of Harry Potter - Hogsmeade,6015,Hogwarts Express™ - Hogsmeade™ Station,False,0
2026-07-31T07:20:15+00:00,The Wizarding World of Harry Potter - Hogsmeade,13098,Ollivanders™ Experience in Hogsmeade™,True,15
2026-07-31T07:20:15+00:00,Toon Lagoon,5989,Dudley Do-Right's Ripsaw Falls®,False,0
2026-07-31T07:20:15+00:00,Toon Lagoon,6013,Me Ship; The Olive®,False,0
2026-07-31T07:20:15+00:00,Toon Lagoon,5998,Popeye & Bluto's Bilge-Rat Barges®,False,0
2026-07-31T07:25:12+00:00,Jurassic Park,6008,Camp Jurassic™,False,0
2026-07-31T07:25:12+00:00,Jurassic Park,6012,Jurassic Park Discovery Center,False,0
2026-07-31T07:25:12+00:00,Jurassic Park,5994,Jurassic Park River Adventure,False,0
2026-07-31T07:25:12+00:00,Jurassic Park,8721,Jurassic World VelociCoaster,False,0
2026-07-31T07:25:12+00:00,Jurassic Park,5999,Pteranodon Flyers,False,0
2026-07-31T07:25:12+00:00,Jurassic Park,6017,Skull Island: Reign of Kong™,False,0
2026-07-31T07:25:12+00:00,Marvel Super Hero Island,5988,Doctor Doom's Fearfall®,False,0
2026-07-31T07:25:12+00:00,Marvel Super Hero Island,16645,Doctor Doom's Fearfall® Single Rider,True,0
2026-07-31T07:25:12+00:00,Marvel Super Hero Island,6003,Storm Force Accelatron®,False,0
2026-07-31T07:25:12+00:00,Marvel Super Hero Island,5985,The Amazing Adventures of Spider-Man®,False,0
2026-07-31T07:25:12+00:00,Marvel Super Hero Island,6004,The Incredible Hulk Coaster®,False,0
2026-07-31T07:25:12+00:00,Marvel Super Hero Island,15384,The Incredible Hulk Coaster® Single Rider,True,0
2026-07-31T07:25:12+00:00,Seuss Landing,5986,Caro-Seuss-el™,False,0
2026-07-31T07:25:12+00:00,Seuss Landing,6011,If I Ran The Zoo™,False,0
2026-07-31T07:25:12+00:00,Seuss Landing,5997,One Fish; Two Fish; Red Fish; Blue Fish™,False,0
2026-07-31T07:25:12+00:00,Seuss Landing,5987,The Cat in The Hat™,False,0
2026-07-31T07:25:12+00:00,Seuss Landing,6001,The High in the Sky Seuss Trolley Train Ride!™,False,0
2026-07-31T07:25:12+00:00,The Wizarding World of Harry Potter - Hogsmeade,5991,Flight of the Hippogriff™,False,0
2026-07-31T07:25:12+00:00,The Wizarding World of Harry Potter - Hogsmeade,6682,Hagrid's Magical Creatures Motorbike Adventure™,False,0
2026-07-31T07:25:12+00:00,The Wizarding World of Harry Potter - Hogsmeade,5992,Harry Potter and the Forbidden Journey™,False,0
2026-07-31T07:25:12+00:00,The Wizarding World of Harry Potter - Hogsmeade,13113,Harry Potter and the Forbidden Journey™ Single Rider,True,0
2026-07-31T07:25:12+00:00,The Wizarding World of Harry Potter - Hogsmeade,6015,Hogwarts Express™ - Hogsmeade™ Station,False,0
2026-07-31T07:25:12+00:00,The Wizarding World of Harry Potter - Hogsmeade,13098,Ollivanders™ Experience in Hogsmeade™,True,15
2026-07-31T07:25:12+00:00,Toon Lagoon,5989,Dudley Do-Right's Ripsaw Falls®,False,0
2026-07-31T07:25:12+00:00,Toon Lagoon,6013,Me Ship; The Olive®,False,0
2026-07-31T07:25:12+00:00,Toon Lagoon,5998,Popeye & Bluto's Bilge-Rat Barges®,False,0
2026-07-31T07:30:26+00:00,Jurassic Park,6008,Camp Jurassic™,False,0
2026-07-31T07:30:26+00:00,Jurassic Park,6012,Jurassic Park Discovery Center,False,0
2026-07-31T07:30:26+00:00,Jurassic Park,5994,Jurassic Park River Adventure,False,0
2026-07-31T07:30:26+00:00,Jurassic Park,8721,Jurassic World VelociCoaster,False,0
2026-07-31T07:30:26+00:00,Jurassic Park,5999,Pteranodon Flyers,False,0
2026-07-31T07:30:26+00:00,Jurassic Park,6017,Skull Island: Reign of Kong™,False,0
2026-07-31T07:30:26+00:00,Marvel Super Hero Island,5988,Doctor Doom's Fearfall®,False,0
2026-07-31T07:30:26+00:00,Marvel Super Hero Island,16645,Doctor Doom's Fearfall® Single Rider,True,0
2026-07-31T07:30:26+00:00,Marvel Super Hero Island,6003,Storm Force Accelatron®,False,0
2026-07-31T07:30:26+00:00,Marvel Super Hero Island,5985,The Amazing Adventures of Spider-Man®,False,0
2026-07-31T07:30:26+00:00,Marvel Super Hero Island,6004,The Incredible Hulk Coaster®,False,0
2026-07-31T07:30:26+00:00,Marvel Super Hero Island,15384,The Incredible Hulk Coaster® Single Rider,True,0
2026-07-31T07:30:26+00:00,Seuss Landing,5986,Caro-Seuss-el™,False,0
2026-07-31T07:30:26+00:00,Seuss Landing,6011,If I Ran The Zoo™,False,0
2026-07-31T07:30:26+00:00,Seuss Landing,5997,One Fish; Two Fish; Red Fish; Blue Fish™,False,0
2026-07-31T07:30:26+00:00,Seuss Landing,5987,The Cat in The Hat™,False,0
2026-07-31T07:30:26+00:00,Seuss Landing,6001,The High in the Sky Seuss Trolley Train Ride!™,False,0
2026-07-31T07:30:26+00:00,The Wizarding World of Harry Potter - Hogsmeade,5991,Flight of the Hippogriff™,False,0
2026-07-31T07:30:26+00:00,The Wizarding World of Harry Potter - Hogsmeade,6682,Hagrid's Magical Creatures Motorbike Adventure™,False,0
2026-07-31T07:30:26+00:00,The Wizarding World of Harry Potter - Hogsmeade,5992,Harry Potter and the Forbidden Journey™,False,0
2026-07-31T07:30:26+00:00,The Wizarding World of Harry Potter - Hogsmeade,13113,Harry Potter and the Forbidden Journey™ Single Rider,True,0
2026-07-31T07:30:26+00:00,The Wizarding World of Harry Potter - Hogsmeade,6015,Hogwarts Express™ - Hogsmeade™ Station,False,0
2026-07-31T07:30:26+00:00,The Wizarding World of Harry Potter - Hogsmeade,13098,Ollivanders™ Experience in Hogsmeade™,True,15
2026-07-31T07:30:26+00:00,Toon Lagoon,5989,Dudley Do-Right's Ripsaw Falls®,False,0
2026-07-31T07:30:26+00:00,Toon Lagoon,6013,Me Ship; The Olive®,False,0
2026-07-31T07:30:26+00:00,Toon Lagoon,5998,Popeye & Bluto's Bilge-Rat Barges®,False,0
2026-07-31T07:35:13+00:00,Jurassic Park,6008,Camp Jurassic™,False,0
2026-07-31T07:35:13+00:00,Jurassic Park,6012,Jurassic Park Discovery Center,False,0
2026-07-31T07:35:13+00:00,Jurassic Park,5994,Jurassic Park River Adventure,False,0
2026-07-31T07:35:13+00:00,Jurassic Park,8721,Jurassic World VelociCoaster,False,0
2026-07-31T07:35:13+00:00,Jurassic Park,5999,Pteranodon Flyers,False,0
2026-07-31T07:35:13+00:00,Jurassic Park,6017,Skull Island: Reign of Kong™,False,0
2026-07-31T07:35:13+00:00,Marvel Super Hero Island,5988,Doctor Doom's Fearfall®,False,0
2026-07-31T07:35:13+00:00,Marvel Super Hero Island,16645,Doctor Doom's Fearfall® Single Rider,True,0
2026-07-31T07:35:13+00:00,Marvel Super Hero Island,6003,Storm Force Accelatron®,False,0
2026-07-31T07:35:13+00:00,Marvel Super Hero Island,5985,The Amazing Adventures of Spider-Man®,False,0
2026-07-31T07:35:13+00:00,Marvel Super Hero Island,6004,The Incredible Hulk Coaster®,False,0
2026-07-31T07:35:13+00:00,Marvel Super Hero Island,15384,The Incredible Hulk Coaster® Single Rider,True,0
2026-07-31T07:35:13+00:00,Seuss Landing,5986,Caro-Seuss-el™,False,0
2026-07-31T07:35:13+00:00,Seuss Landing,6011,If I Ran The Zoo™,False,0
2026-07-31T07:35:13+00:00,Seuss Landing,5997,One Fish; Two Fish; Red Fish; Blue Fish™,False,0
2026-07-31T07:35:13+00:00,Seuss Landing,5987,The Cat in The Hat™,False,0
2026-07-31T07:35:13+00:00,Seuss Landing,6001,The High in the Sky Seuss Trolley Train Ride!™,False,0
2026-07-31T07:35:13+00:00,The Wizarding World of Harry Potter - Hogsmeade,5991,Flight of the Hippogriff™,False,0
2026-07-31T07:35:13+00:00,The Wizarding World of Harry Potter - Hogsmeade,6682,Hagrid's Magical Creatures Motorbike Adventure™,False,0
2026-07-31T07:35:13+00:00,The Wizarding World of Harry Potter - Hogsmeade,5992,Harry Potter and the Forbidden Journey™,False,0
2026-07-31T07:35:13+00:00,The Wizarding World of Harry Potter - Hogsmeade,13113,Harry Potter and the Forbidden Journey™ Single Rider,True,0
2026-07-31T07:35:13+00:00,The Wizarding World of Harry Potter - Hogsmeade,6015,Hogwarts Express™ - Hogsmeade™ Station,False,0
2026-07-31T07:35:13+00:00,The Wizarding World of Harry Potter - Hogsmeade,13098,Ollivanders™ Experience in Hogsmeade™,True,15
2026-07-31T07:35:13+00:00,Toon Lagoon,5989,Dudley Do-Right's Ripsaw Falls®,False,0
2026-07-31T07:35:13+00:00,Toon Lagoon,6013,Me Ship; The Olive®,False,0
2026-07-31T07:35:13+00:00,Toon Lagoon,5998,Popeye & Bluto's Bilge-Rat Barges®,False,0
2026-07-31T07:40:13+00:00,Jurassic Park,6008,Camp Jurassic™,False,0
2026-07-31T07:40:13+00:00,Jurassic Park,6012,Jurassic Park Discovery Center,False,0
2026-07-31T07:40:13+00:00,Jurassic Park,5994,Jurassic Park River Adventure,False,0
2026-07-31T07:40:13+00:00,Jurassic Park,8721,Jurassic World VelociCoaster,False,0
2026-07-31T07:40:13+00:00,Jurassic Park,5999,Pteranodon Flyers,False,0
2026-07-31T07:40:13+00:00,Jurassic Park,6017,Skull Island: Reign of Kong™,False,0
2026-07-31T07:40:13+00:00,Marvel Super Hero Island,5988,Doctor Doom's Fearfall®,False,0
2026-07-31T07:40:13+00:00,Marvel Super Hero Island,16645,Doctor Doom's Fearfall® Single Rider,True,0
2026-07-31T07:40:13+00:00,Marvel Super Hero Island,6003,Storm Force Accelatron®,False,0
2026-07-31T07:40:13+00:00,Marvel Super Hero Island,5985,The Amazing Adventures of Spider-Man®,False,0
2026-07-31T07:40:13+00:00,Marvel Super Hero Island,6004,The Incredible Hulk Coaster®,False,0
2026-07-31T07:40:13+00:00,Marvel Super Hero Island,15384,The Incredible Hulk Coaster® Single Rider,True,0
2026-07-31T07:40:13+00:00,Seuss Landing,5986,Caro-Seuss-el™,False,0
2026-07-31T07:40:13+00:00,Seuss Landing,6011,If I Ran The Zoo™,False,0
2026-07-31T07:40:13+00:00,Seuss Landing,5997,One Fish; Two Fish; Red Fish; Blue Fish™,False,0
2026-07-31T07:40:13+00:00,Seuss Landing,5987,The Cat in The Hat™,False,0
2026-07-31T07:40:13+00:00,Seuss Landing,6001,The High in the Sky Seuss Trolley Train Ride!™,False,0
2026-07-31T07:40:13+00:00,The Wizarding World of Harry Potter - Hogsmeade,5991,Flight of the Hippogriff™,False,0
2026-07-31T07:40:13+00:00,The Wizarding World of Harry Potter - Hogsmeade,6682,Hagrid's Magical Creatures Motorbike Adventure™,False,0
2026-07-31T07:40:13+00:00,The Wizarding World of Harry Potter - Hogsmeade,5992,Harry Potter and the Forbidden Journey™,False,0
2026-07-31T07:40:13+00:00,The Wizarding World of Harry Potter - Hogsmeade,13113,Harry Potter and the Forbidden Journey™ Single Rider,True,0
2026-07-31T07:40:13+00:00,The Wizarding World of Harry Potter - Hogsmeade,6015,Hogwarts Express™ - Hogsmeade™ Station,False,0
2026-07-31T07:40:13+00:00,The Wizarding World of Harry Potter - Hogsmeade,13098,Ollivanders™ Experience in Hogsmeade™,True,15
2026-07-31T07:40:13+00:00,Toon Lagoon,5989,Dudley Do-Right's Ripsaw Falls®,False,0
2026-07-31T07:40:13+00:00,Toon Lagoon,6013,Me Ship; The Olive®,False,0
2026-07-31T07:40:13+00:00,Toon Lagoon,5998,Popeye & Bluto's Bilge-Rat Barges®,False,0
2026-07-31T07:45:13+00:00,Jurassic Park,6008,Camp Jurassic™,False,0
2026-07-31T07:45:13+00:00,Jurassic Park,6012,Jurassic Park Discovery Center,False,0
2026-07-31T07:45:13+00:00,Jurassic Park,5994,Jurassic Park River Adventure,False,0
2026-07-31T07:45:13+00:00,Jurassic Park,8721,Jurassic World VelociCoaster,False,0
2026-07-31T07:45:13+00:00,Jurassic Park,5999,Pteranodon Flyers,False,0
2026-07-31T07:45:13+00:00,Jurassic Park,6017,Skull Island: Reign of Kong™,False,0
2026-07-31T07:45:13+00:00,Marvel Super Hero Island,5988,Doctor Doom's Fearfall®,False,0
2026-07-31T07:45:13+00:00,Marvel Super Hero Island,16645,Doctor Doom's Fearfall® Single Rider,True,0
2026-07-31T07:45:13+00:00,Marvel Super Hero Island,6003,Storm Force Accelatron®,False,0
2026-07-31T07:45:13+00:00,Marvel Super Hero Island,5985,The Amazing Adventures of Spider-Man®,False,0
2026-07-31T07:45:13+00:00,Marvel Super Hero Island,6004,The Incredible Hulk Coaster®,False,0
2026-07-31T07:45:13+00:00,Marvel Super Hero Island,15384,The Incredible Hulk Coaster® Single Rider,True,0
2026-07-31T07:45:13+00:00,Seuss Landing,5986,Caro-Seuss-el™,False,0
2026-07-31T07:45:13+00:00,Seuss Landing,6011,If I Ran The Zoo™,False,0
2026-07-31T07:45:13+00:00,Seuss Landing,5997,One Fish; Two Fish; Red Fish; Blue Fish™,False,0
2026-07-31T07:45:13+00:00,Seuss Landing,5987,The Cat in The Hat™,False,0
2026-07-31T07:45:13+00:00,Seuss Landing,6001,The High in the Sky Seuss Trolley Train Ride!™,False,0
2026-07-31T07:45:13+00:00,The Wizarding World of Harry Potter - Hogsmeade,5991,Flight of the Hippogriff™,False,0
2026-07-31T07:45:13+00:00,The Wizarding World of Harry Potter - Hogsmeade,6682,Hagrid's Magical Creatures Motorbike Adventure™,False,0
2026-07-31T07:45:13+00:00,The Wizarding World of Harry Potter - Hogsmeade,5992,Harry Potter and the Forbidden Journey™,False,0
2026-07-31T07:45:13+00:00,The Wizarding World of Harry Potter - Hogsmeade,13113,Harry Potter and the Forbidden Journey™ Single Rider,True,0
2026-07-31T07:45:13+00:00,The Wizarding World of Harry Potter - Hogsmeade,6015,Hogwarts Express™ - Hogsmeade™ Station,False,0
2026-07-31T07:45:13+00:00,The Wizarding World of Harry Potter - Hogsmeade,13098,Ollivanders™ Experience in Hogsmeade™,True,15
2026-07-31T07:45:13+00:00,Toon Lagoon,5989,Dudley Do-Right's Ripsaw Falls®,False,0
2026-07-31T07:45:13+00:00,Toon Lagoon,6013,Me Ship; The Olive®,False,0
2026-07-31T07:45:13+00:00,Toon Lagoon,5998,Popeye & Bluto's Bilge-Rat Barges®,False,0
2026-07-31T07:50:12+00:00,Jurassic Park,6008,Camp Jurassic™,False,0
2026-07-31T07:50:12+00:00,Jurassic Park,6012,Jurassic Park Discovery Center,False,0
2026-07-31T07:50:12+00:00,Jurassic Park,5994,Jurassic Park River Adventure,False,0
2026-07-31T07:50:12+00:00,Jurassic Park,8721,Jurassic World VelociCoaster,False,0
2026-07-31T07:50:12+00:00,Jurassic Park,5999,Pteranodon Flyers,False,0
2026-07-31T07:50:12+00:00,Jurassic Park,6017,Skull Island: Reign of Kong™,False,0
2026-07-31T07:50:12+00:00,Marvel Super Hero Island,5988,Doctor Doom's Fearfall®,False,0
2026-07-31T07:50:12+00:00,Marvel Super Hero Island,16645,Doctor Doom's Fearfall® Single Rider,True,0
2026-07-31T07:50:12+00:00,Marvel Super Hero Island,6003,Storm Force Accelatron®,False,0
2026-07-31T07:50:12+00:00,Marvel Super Hero Island,5985,The Amazing Adventures of Spider-Man®,False,0
2026-07-31T07:50:12+00:00,Marvel Super Hero Island,6004,The Incredible Hulk Coaster®,False,0
2026-07-31T07:50:12+00:00,Marvel Super Hero Island,15384,The Incredible Hulk Coaster® Single Rider,True,0
2026-07-31T07:50:12+00:00,Seuss Landing,5986,Caro-Seuss-el™,False,0
2026-07-31T07:50:12+00:00,Seuss Landing,6011,If I Ran The Zoo™,False,0
2026-07-31T07:50:12+00:00,Seuss Landing,5997,One Fish; Two Fish; Red Fish; Blue Fish™,False,0
2026-07-31T07:50:12+00:00,Seuss Landing,5987,The Cat in The Hat™,False,0
2026-07-31T07:50:12+00:00,Seuss Landing,6001,The High in the Sky Seuss Trolley Train Ride!™,False,0
2026-07-31T07:50:12+00:00,The Wizarding World of Harry Potter - Hogsmeade,5991,Flight of the Hippogriff™,False,0
2026-07-31T07:50:12+00:00,The Wizarding World of Harry Potter - Hogsmeade,6682,Hagrid's Magical Creatures Motorbike Adventure™,False,0
2026-07-31T07:50:12+00:00,The Wizarding World of Harry Potter - Hogsmeade,5992,Harry Potter and the Forbidden Journey™,False,0
2026-07-31T07:50:12+00:00,The Wizarding World of Harry Potter - Hogsmeade,13113,Harry Potter and the Forbidden Journey™ Single Rider,True,0
2026-07-31T07:50:12+00:00,The Wizarding World of Harry Potter - Hogsmeade,6015,Hogwarts Express™ - Hogsmeade™ Station,False,0
2026-07-31T07:50:12+00:00,The Wizarding World of Harry Potter - Hogsmeade,13098,Ollivanders™ Experience in Hogsmeade™,True,15
2026-07-31T07:50:12+00:00,Toon Lagoon,5989,Dudley Do-Right's Ripsaw Falls®,False,0
2026-07-31T07:50:12+00:00,Toon Lagoon,6013,Me Ship; The Olive®,False,0
2026-07-31T07:50:12+00:00,Toon Lagoon,5998,Popeye & Bluto's Bilge-Rat Barges®,False,0
2026-07-31T07:55:18+00:00,Jurassic Park,6008,Camp Jurassic™,False,0
2026-07-31T07:55:18+00:00,Jurassic Park,6012,Jurassic Park Discovery Center,False,0
2026-07-31T07:55:18+00:00,Jurassic Park,5994,Jurassic Park River Adventure,False,0
2026-07-31T07:55:18+00:00,Jurassic Park,8721,Jurassic World VelociCoaster,False,0
2026-07-31T07:55:18+00:00,Jurassic Park,5999,Pteranodon Flyers,False,0
2026-07-31T07:55:18+00:00,Jurassic Park,6017,Skull Island: Reign of Kong™,False,0
2026-07-31T07:55:18+00:00,Marvel Super Hero Island,5988,Doctor Doom's Fearfall®,False,0
2026-07-31T07:55:18+00:00,Marvel Super Hero Island,16645,Doctor Doom's Fearfall® Single Rider,True,0
2026-07-31T07:55:18+00:00,Marvel Super Hero Island,6003,Storm Force Accelatron®,False,0
2026-07-31T07:55:18+00:00,Marvel Super Hero Island,5985,The Amazing Adventures of Spider-Man®,False,0
2026-07-31T07:55:18+00:00,Marvel Super Hero Island,6004,The Incredible Hulk Coaster®,False,0
2026-07-31T07:55:18+00:00,Marvel Super Hero Island,15384,The Incredible Hulk Coaster® Single Rider,True,0
2026-07-31T07:55:18+00:00,Seuss Landing,5986,Caro-Seuss-el™,False,0
2026-07-31T07:55:18+00:00,Seuss Landing,6011,If I Ran The Zoo™,False,0
2026-07-31T07:55:18+00:00,Seuss Landing,5997,One Fish; Two Fish; Red Fish; Blue Fish™,False,0
2026-07-31T07:55:18+00:00,Seuss Landing,5987,The Cat in The Hat™,False,0
2026-07-31T07:55:18+00:00,Seuss Landing,6001,The High in the Sky Seuss Trolley Train Ride!™,False,0
2026-07-31T07:55:18+00:00,The Wizarding World of Harry Potter - Hogsmeade,5991,Flight of the Hippogriff™,False,0
2026-07-31T07:55:18+00:00,The Wizarding World of Harry Potter - Hogsmeade,6682,Hagrid's Magical Creatures Motorbike Adventure™,False,0
2026-07-31T07:55:18+00:00,The Wizarding World of Harry Potter - Hogsmeade,5992,Harry Potter and the Forbidden Journey™,False,0
2026-07-31T07:55:18+00:00,The Wizarding World of Harry Potter - Hogsmeade,13113,Harry Potter and the Forbidden Journey™ Single Rider,True,0
2026-07-31T07:55:18+00:00,The Wizarding World of Harry Potter - Hogsmeade,6015,Hogwarts Express™ - Hogsmeade™ Station,False,0
2026-07-31T07:55:18+00:00,The Wizarding World of Harry Potter - Hogsmeade,13098,Ollivanders™ Experience in Hogsmeade™,True,15
2026-07-31T07:55:18+00:00,Toon Lagoon,5989,Dudley Do-Right's Ripsaw Falls®,False,0
2026-07-31T07:55:18+00:00,Toon Lagoon,6013,Me Ship; The Olive®,False,0
2026-07-31T07:55:18+00:00,Toon Lagoon,5998,Popeye & Bluto's Bilge-Rat Barges®,False,0
2026-07-31T08:00:23+00:00,Jurassic Park,6008,Camp Jurassic™,False,0
2026-07-31T08:00:23+00:00,Jurassic Park,6012,Jurassic Park Discovery Center,False,0
2026-07-31T08:00:23+00:00,Jurassic Park,5994,Jurassic Park River Adventure,False,0
2026-07-31T08:00:23+00:00,Jurassic Park,8721,Jurassic World VelociCoaster,False,0
2026-07-31T08:00:23+00:00,Jurassic Park,5999,Pteranodon Flyers,False,0
2026-07-31T08:00:23+00:00,Jurassic Park,6017,Skull Island: Reign of Kong™,False,0
2026-07-31T08:00:23+00:00,Marvel Super Hero Island,5988,Doctor Doom's Fearfall®,False,0
2026-07-31T08:00:23+00:00,Marvel Super Hero Island,16645,Doctor Doom's Fearfall® Single Rider,True,0
2026-07-31T08:00:23+00:00,Marvel Super Hero Island,6003,Storm Force Accelatron®,False,0
2026-07-31T08:00:23+00:00,Marvel Super Hero Island,5985,The Amazing Adventures of Spider-Man®,False,0
2026-07-31T08:00:23+00:00,Marvel Super Hero Island,6004,The Incredible Hulk Coaster®,False,0
2026-07-31T08:00:23+00:00,Marvel Super Hero Island,15384,The Incredible Hulk Coaster® Single Rider,True,0
2026-07-31T08:00:23+00:00,Seuss Landing,5986,Caro-Seuss-el™,False,0
2026-07-31T08:00:23+00:00,Seuss Landing,6011,If I Ran The Zoo™,False,0
2026-07-31T08:00:23+00:00,Seuss Landing,5997,One Fish; Two Fish; Red Fish; Blue Fish™,False,0
2026-07-31T08:00:23+00:00,Seuss Landing,5987,The Cat in The Hat™,False,0
2026-07-31T08:00:23+00:00,Seuss Landing,6001,The High in the Sky Seuss Trolley Train Ride!™,False,0
2026-07-31T08:00:23+00:00,The Wizarding World of Harry Potter - Hogsmeade,5991,Flight of the Hippogriff™,False,0
2026-07-31T08:00:23+00:00,The Wizarding World of Harry Potter - Hogsmeade,6682,Hagrid's Magical Creatures Motorbike Adventure™,False,0
2026-07-31T08:00:23+00:00,The Wizarding World of Harry Potter - Hogsmeade,5992,Harry Potter and the Forbidden Journey™,False,0
2026-07-31T08:00:23+00:00,The Wizarding World of Harry Potter - Hogsmeade,13113,Harry Potter and the Forbidden Journey™ Single Rider,True,0
2026-07-31T08:00:23+00:00,The Wizarding World of Harry Potter - Hogsmeade,6015,Hogwarts Express™ - Hogsmeade™ Station,False,0
2026-07-31T08:00:23+00:00,The Wizarding World of Harry Potter - Hogsmeade,13098,Ollivanders™ Experience in Hogsmeade™,True,15
2026-07-31T08:00:23+00:00,Toon Lagoon,5989,Dudley Do-Right's Ripsaw Falls®,False,0
2026-07-31T08:00:23+00:00,Toon Lagoon,6013,Me Ship; The Olive®,False,0
2026-07-31T08:00:23+00:00,Toon Lagoon,5998,Popeye & Bluto's Bilge-Rat Barges®,False,0
2026-07-31T08:05:11+00:00,Jurassic Park,6008,Camp Jurassic™,False,0
2026-07-31T08:05:11+00:00,Jurassic Park,6012,Jurassic Park Discovery Center,False,0
2026-07-31T08:05:11+00:00,Jurassic Park,5994,Jurassic Park River Adventure,False,0
2026-07-31T08:05:11+00:00,Jurassic Park,8721,Jurassic World VelociCoaster,False,0
2026-07-31T08:05:11+00:00,Jurassic Park,5999,Pteranodon Flyers,False,0
2026-07-31T08:05:11+00:00,Jurassic Park,6017,Skull Island: Reign of Kong™,False,0
2026-07-31T08:05:11+00:00,Marvel Super Hero Island,5988,Doctor Doom's Fearfall®,False,0
2026-07-31T08:05:11+00:00,Marvel Super Hero Island,16645,Doctor Doom's Fearfall® Single Rider,True,0
2026-07-31T08:05:11+00:00,Marvel Super Hero Island,6003,Storm Force Accelatron®,False,0
2026-07-31T08:05:11+00:00,Marvel Super Hero Island,5985,The Amazing Adventures of Spider-Man®,False,0
2026-07-31T08:05:11+00:00,Marvel Super Hero Island,6004,The Incredible Hulk Coaster®,False,0
2026-07-31T08:05:11+00:00,Marvel Super Hero Island,15384,The Incredible Hulk Coaster® Single Rider,True,0
2026-07-31T08:05:11+00:00,Seuss Landing,5986,Caro-Seuss-el™,False,0
2026-07-31T08:05:11+00:00,Seuss Landing,6011,If I Ran The Zoo™,False,0
2026-07-31T08:05:11+00:00,Seuss Landing,5997,One Fish; Two Fish; Red Fish; Blue Fish™,False,0
2026-07-31T08:05:11+00:00,Seuss Landing,5987,The Cat in The Hat™,False,0
2026-07-31T08:05:11+00:00,Seuss Landing,6001,The High in the Sky Seuss Trolley Train Ride!™,False,0
2026-07-31T08:05:11+00:00,The Wizarding World of Harry Potter - Hogsmeade,5991,Flight of the Hippogriff™,False,0
2026-07-31T08:05:11+00:00,The Wizarding World of Harry Potter - Hogsmeade,6682,Hagrid's Magical Creatures Motorbike Adventure™,False,0
2026-07-31T08:05:11+00:00,The Wizarding World of Harry Potter - Hogsmeade,5992,Harry Potter and the Forbidden Journey™,False,0
2026-07-31T08:05:11+00:00,The Wizarding World of Harry Potter - Hogsmeade,13113,Harry Potter and the Forbidden Journey™ Single Rider,True,0
2026-07-31T08:05:11+00:00,The Wizarding World of Harry Potter - Hogsmeade,6015,Hogwarts Express™ - Hogsmeade™ Station,False,0
2026-07-31T08:05:11+00:00,The Wizarding World of Harry Potter - Hogsmeade,13098,Ollivanders™ Experience in Hogsmeade™,True,15
2026-07-31T08:05:11+00:00,Toon Lagoon,5989,Dudley Do-Right's Ripsaw Falls®,False,0
2026-07-31T08:05:11+00:00,Toon Lagoon,6013,Me Ship; The Olive®,False,0
2026-07-31T08:05:11+00:00,Toon Lagoon,5998,Popeye & Bluto's Bilge-Rat Barges®,False,0
2026-07-31T08:10:19+00:00,Jurassic Park,6008,Camp Jurassic™,False,0
2026-07-31T08:10:19+00:00,Jurassic Park,6012,Jurassic Park Discovery Center,False,0
2026-07-31T08:10:19+00:00,Jurassic Park,5994,Jurassic Park River Adventure,False,0
2026-07-31T08:10:19+00:00,Jurassic Park,8721,Jurassic World VelociCoaster,False,0
2026-07-31T08:10:19+00:00,Jurassic Park,5999,Pteranodon Flyers,False,0
2026-07-31T08:10:19+00:00,Jurassic Park,6017,Skull Island: Reign of Kong™,False,0
2026-07-31T08:10:19+00:00,Marvel Super Hero Island,5988,Doctor Doom's Fearfall®,False,0
2026-07-31T08:10:19+00:00,Marvel Super Hero Island,16645,Doctor Doom's Fearfall® Single Rider,True,0
2026-07-31T08:10:19+00:00,Marvel Super Hero Island,6003,Storm Force Accelatron®,False,0
2026-07-31T08:10:19+00:00,Marvel Super Hero Island,5985,The Amazing Adventures of Spider-Man®,False,0
2026-07-31T08:10:19+00:00,Marvel Super Hero Island,6004,The Incredible Hulk Coaster®,False,0
2026-07-31T08:10:19+00:00,Marvel Super Hero Island,15384,The Incredible Hulk Coaster® Single Rider,True,0
2026-07-31T08:10:19+00:00,Seuss Landing,5986,Caro-Seuss-el™,False,0
2026-07-31T08:10:19+00:00,Seuss Landing,6011,If I Ran The Zoo™,False,0
2026-07-31T08:10:19+00:00,Seuss Landing,5997,One Fish; Two Fish; Red Fish; Blue Fish™,False,0
2026-07-31T08:10:19+00:00,Seuss Landing,5987,The Cat in The Hat™,False,0
2026-07-31T08:10:19+00:00,Seuss Landing,6001,The High in the Sky Seuss Trolley Train Ride!™,False,0
2026-07-31T08:10:19+00:00,The Wizarding World of Harry Potter - Hogsmeade,5991,Flight of the Hippogriff™,False,0
2026-07-31T08:10:19+00:00,The Wizarding World of Harry Potter - Hogsmeade,6682,Hagrid's Magical Creatures Motorbike Adventure™,False,0
2026-07-31T08:10:19+00:00,The Wizarding World of Harry Potter - Hogsmeade,5992,Harry Potter and the Forbidden Journey™,False,0
2026-07-31T08:10:19+00:00,The Wizarding World of Harry Potter - Hogsmeade,13113,Harry Potter and the Forbidden Journey™ Single Rider,True,0
2026-07-31T08:10:19+00:00,The Wizarding World of Harry Potter - Hogsmeade,6015,Hogwarts Express™ - Hogsmeade™ Station,False,0
2026-07-31T08:10:19+00:00,The Wizarding World of Harry Potter - Hogsmeade,13098,Ollivanders™ Experience in Hogsmeade™,True,15
2026-07-31T08:10:19+00:00,Toon Lagoon,5989,Dudley Do-Right's Ripsaw Falls®,False,0
2026-07-31T08:10:19+00:00,Toon Lagoon,6013,Me Ship; The Olive®,False,0
2026-07-31T08:10:19+00:00,Toon Lagoon,5998,Popeye & Bluto's Bilge-Rat Barges®,False,0
2026-07-31T08:12:18+00:00,Jurassic Park,6008,Camp Jurassic™,False,0
2026-07-31T08:12:18+00:00,Jurassic Park,6012,Jurassic Park Discovery Center,False,0
2026-07-31T08:12:18+00:00,Jurassic Park,5994,Jurassic Park River Adventure,False,0
2026-07-31T08:12:18+00:00,Jurassic Park,8721,Jurassic World VelociCoaster,False,0
2026-07-31T08:12:18+00:00,Jurassic Park,5999,Pteranodon Flyers,False,0
2026-07-31T08:12:18+00:00,Jurassic Park,6017,Skull Island: Reign of Kong™,False,0
2026-07-31T08:12:18+00:00,Marvel Super Hero Island,5988,Doctor Doom's Fearfall®,False,0
2026-07-31T08:12:18+00:00,Marvel Super Hero Island,16645,Doctor Doom's Fearfall® Single Rider,True,0
2026-07-31T08:12:18+00:00,Marvel Super Hero Island,6003,Storm Force Accelatron®,False,0
2026-07-31T08:12:18+00:00,Marvel Super Hero Island,5985,The Amazing Adventures of Spider-Man®,False,0
2026-07-31T08:12:18+00:00,Marvel Super Hero Island,6004,The Incredible Hulk Coaster®,False,0
2026-07-31T08:12:18+00:00,Marvel Super Hero Island,15384,The Incredible Hulk Coaster® Single Rider,True,0
2026-07-31T08:12:18+00:00,Seuss Landing,5986,Caro-Seuss-el™,False,0
2026-07-31T08:12:18+00:00,Seuss Landing,6011,If I Ran The Zoo™,False,0
2026-07-31T08:12:18+00:00,Seuss Landing,5997,One Fish; Two Fish; Red Fish; Blue Fish™,False,0
2026-07-31T08:12:18+00:00,Seuss Landing,5987,The Cat in The Hat™,False,0
2026-07-31T08:12:18+00:00,Seuss Landing,6001,The High in the Sky Seuss Trolley Train Ride!™,False,0
2026-07-31T08:12:18+00:00,The Wizarding World of Harry Potter - Hogsmeade,5991,Flight of the Hippogriff™,False,0
2026-07-31T08:12:18+00:00,The Wizarding World of Harry Potter - Hogsmeade,6682,Hagrid's Magical Creatures Motorbike Adventure™,False,0
2026-07-31T08:12:18+00:00,The Wizarding World of Harry Potter - Hogsmeade,5992,Harry Potter and the Forbidden Journey™,False,0
2026-07-31T08:12:18+00:00,The Wizarding World of Harry Potter - Hogsmeade,13113,Harry Potter and the Forbidden Journey™ Single Rider,True,0
2026-07-31T08:12:18+00:00,The Wizarding World of Harry Potter - Hogsmeade,6015,Hogwarts Express™ - Hogsmeade™ Station,False,0
2026-07-31T08:12:18+00:00,The Wizarding World of Harry Potter - Hogsmeade,13098,Ollivanders™ Experience in Hogsmeade™,True,15
2026-07-31T08:12:18+00:00,Toon Lagoon,5989,Dudley Do-Right's Ripsaw Falls®,False,0
2026-07-31T08:12:18+00:00,Toon Lagoon,6013,Me Ship; The Olive®,False,0
2026-07-31T08:12:18+00:00,Toon Lagoon,5998,Popeye & Bluto's Bilge-Rat Barges®,False,0
2026-07-31T08:15:12+00:00,Jurassic Park,6008,Camp Jurassic™,False,0
2026-07-31T08:15:12+00:00,Jurassic Park,6012,Jurassic Park Discovery Center,False,0
2026-07-31T08:15:12+00:00,Jurassic Park,5994,Jurassic Park River Adventure,False,0
2026-07-31T08:15:12+00:00,Jurassic Park,8721,Jurassic World VelociCoaster,False,0
2026-07-31T08:15:12+00:00,Jurassic Park,5999,Pteranodon Flyers,False,0
2026-07-31T08:15:12+00:00,Jurassic Park,6017,Skull Island: Reign of Kong™,False,0
2026-07-31T08:15:12+00:00,Marvel Super Hero Island,5988,Doctor Doom's Fearfall®,False,0
2026-07-31T08:15:12+00:00,Marvel Super Hero Island,16645,Doctor Doom's Fearfall® Single Rider,True,0
2026-07-31T08:15:12+00:00,Marvel Super Hero Island,6003,Storm Force Accelatron®,False,0
2026-07-31T08:15:12+00:00,Marvel Super Hero Island,5985,The Amazing Adventures of Spider-Man®,False,0
2026-07-31T08:15:12+00:00,Marvel Super Hero Island,6004,The Incredible Hulk Coaster®,False,0
2026-07-31T08:15:12+00:00,Marvel Super Hero Island,15384,The Incredible Hulk Coaster® Single Rider,True,0
2026-07-31T08:15:12+00:00,Seuss Landing,5986,Caro-Seuss-el™,False,0
2026-07-31T08:15:12+00:00,Seuss Landing,6011,If I Ran The Zoo™,False,0
2026-07-31T08:15:12+00:00,Seuss Landing,5997,One Fish; Two Fish; Red Fish; Blue Fish™,False,0
2026-07-31T08:15:12+00:00,Seuss Landing,5987,The Cat in The Hat™,False,0
2026-07-31T08:15:12+00:00,Seuss Landing,6001,The High in the Sky Seuss Trolley Train Ride!™,False,0
2026-07-31T08:15:12+00:00,The Wizarding World of Harry Potter - Hogsmeade,5991,Flight of the Hippogriff™,False,0
2026-07-31T08:15:12+00:00,The Wizarding World of Harry Potter - Hogsmeade,6682,Hagrid's Magical Creatures Motorbike Adventure™,False,0
2026-07-31T08:15:12+00:00,The Wizarding World of Harry Potter - Hogsmeade,5992,Harry Potter and the Forbidden Journey™,False,0
2026-07-31T08:15:12+00:00,The Wizarding World of Harry Potter - Hogsmeade,13113,Harry Potter and the Forbidden Journey™ Single Rider,True,0
2026-07-31T08:15:12+00:00,The Wizarding World of Harry Potter - Hogsmeade,6015,Hogwarts Express™ - Hogsmeade™ Station,False,0
2026-07-31T08:15:12+00:00,The Wizarding World of Harry Potter - Hogsmeade,13098,Ollivanders™ Experience in Hogsmeade™,True,15
2026-07-31T08:15:12+00:00,Toon Lagoon,5989,Dudley Do-Right's Ripsaw Falls®,False,0
2026-07-31T08:15:12+00:00,Toon Lagoon,6013,Me Ship; The Olive®,False,0
2026-07-31T08:15:12+00:00,Toon Lagoon,5998,Popeye & Bluto's Bilge-Rat Barges®,False,0
