timestamp_utc,land,ride_id,ride_name,is_open,wait_time
2026-07-31T01:00:06+00:00,DreamWorks Land,13605,Trolls Trollercoaster,True,5
2026-07-31T01:00:06+00:00,Hollywood,5990,E.T. Adventure™,True,35
2026-07-31T01:00:06+00:00,Illumination's Minion Land,5984,Despicable Me Minion Mayhem™,True,25
2026-07-31T01:00:06+00:00,Illumination's Minion Land,12107,Illumination's Villain-Con Minion Blast,True,5
2026-07-31T01:00:06+00:00,New York,6018,Race Through New York Starring Jimmy Fallon™,True,15
2026-07-31T01:00:06+00:00,New York,6000,Revenge of the Mummy™,True,15
2026-07-31T01:00:06+00:00,New York,13110,Revenge of the Mummy™ Single Rider,True,0
2026-07-31T01:00:06+00:00,Production Central,6006,TRANSFORMERS™ The Ride-3D,True,10
2026-07-31T01:00:06+00:00,San Francisco,6038,Fast & Furious - Supercharged™,False,0
2026-07-31T01:00:06+00:00,San Francisco,14866,Fast & Furious - Supercharged™ Single Rider,True,0
2026-07-31T01:00:06+00:00,The Wizarding World of Harry Potter - Diagon Alley,6014,Harry Potter and the Escape from Gringotts™,True,25
2026-07-31T01:00:06+00:00,The Wizarding World of Harry Potter - Diagon Alley,15416,Harry Potter and the Escape from Gringotts™ Single Rider,True,0
2026-07-31T01:00:06+00:00,The Wizarding World of Harry Potter - Diagon Alley,6016,Hogwarts Express™ - King's Cross Station,True,15
2026-07-31T01:00:06+00:00,The Wizarding World of Harry Potter - Diagon Alley,13849,Hogwarts™ Express - First Train,False,0
2026-07-31T01:00:06+00:00,The Wizarding World of Harry Potter - Diagon Alley,13850,Hogwarts™ Express - Last Train,False,0
2026-07-31T01:00:06+00:00,The Wizarding World of Harry Potter - Diagon Alley,13100,Ollivanders™ Experience in Diagon Alley™,True,5
2026-07-31T01:00:06+00:00,World Expo,5995,Kang & Kodos' Twirl 'n' Hurl,False,0
2026-07-31T01:00:06+00:00,World Expo,5996,MEN IN BLACK™ Alien Attack!™,True,5
2026-07-31T01:00:06+00:00,World Expo,14517,MEN IN BLACK™ Alien Attack!™ Single Rider,True,0
2026-07-31T01:00:06+00:00,World Expo,6005,The Simpsons Ride™,True,25
2026-07-31T01:13:21+00:00,DreamWorks Land,13605,Trolls Trollercoaster,False,0
2026-07-31T01:13:21+00:00,Hollywood,5990,E.T. Adventure™,False,0
2026-07-31T01:13:21+00:00,Illumination's Minion Land,5984,Despicable Me Minion Mayhem™,False,0
2026-07-31T01:13:21+00:00,Illumination's Minion Land,12107,Illumination's Villain-Con Minion Blast,False,0
2026-07-31T01:13:21+00:00,New York,6018,Race Through New York Starring Jimmy Fallon™,False,0
2026-07-31T01:13:21+00:00,New York,6000,Revenge of the Mummy™,False,0
2026-07-31T01:13:21+00:00,New York,13110,Revenge of the Mummy™ Single Rider,True,0
2026-07-31T01:13:21+00:00,Production Central,6006,TRANSFORMERS™ The Ride-3D,False,0
2026-07-31T01:13:21+00:00,San Francisco,6038,Fast & Furious - Supercharged™,False,0
2026-07-31T01:13:21+00:00,San Francisco,14866,Fast & Furious - Supercharged™ Single Rider,True,0
2026-07-31T01:13:21+00:00,The Wizarding World of Harry Potter - Diagon Alley,6014,Harry Potter and the Escape from Gringotts™,False,0
2026-07-31T01:13:21+00:00,The Wizarding World of Harry Potter - Diagon Alley,15416,Harry Potter and the Escape from Gringotts™ Single Rider,True,0
2026-07-31T01:13:21+00:00,The Wizarding World of Harry Potter - Diagon Alley,6016,Hogwarts Express™ - King's Cross Station,False,0
2026-07-31T01:13:21+00:00,The Wizarding World of Harry Potter - Diagon Alley,13849,Hogwarts™ Express - First Train,False,0
2026-07-31T01:13:21+00:00,The Wizarding World of Harry Potter - Diagon Alley,13850,Hogwarts™ Express - Last Train,False,0
2026-07-31T01:13:21+00:00,The Wizarding World of Harry Potter - Diagon Alley,13100,Ollivanders™ Experience in Diagon Alley™,True,5
2026-07-31T01:13:21+00:00,World Expo,5995,Kang & Kodos' Twirl 'n' Hurl,False,0
2026-07-31T01:13:21+00:00,World Expo,5996,MEN IN BLACK™ Alien Attack!™,False,0
2026-07-31T01:13:21+00:00,World Expo,14517,MEN IN BLACK™ Alien Attack!™ Single Rider,True,0
2026-07-31T01:13:21+00:00,World Expo,6005,The Simpsons Ride™,False,0
2026-07-31T02:36:43+00:00,DreamWorks Land,13605,Trolls Trollercoaster,False,0
2026-07-31T02:36:43+00:00,Hollywood,5990,E.T. Adventure™,False,0
2026-07-31T02:36:43+00:00,Illumination's Minion Land,5984,Despicable Me Minion Mayhem™,False,0
2026-07-31T02:36:43+00:00,Illumination's Minion Land,12107,Illumination's Villain-Con Minion Blast,False,0
2026-07-31T02:36:43+00:00,New York,6018,Race Through New York Starring Jimmy Fallon™,False,0
2026-07-31T02:36:43+00:00,New York,6000,Revenge of the Mummy™,False,0
2026-07-31T02:36:43+00:00,New York,13110,Revenge of the Mummy™ Single Rider,True,0
2026-07-31T02:36:43+00:00,Production Central,6006,TRANSFORMERS™ The Ride-3D,False,0
2026-07-31T02:36:43+00:00,San Francisco,6038,Fast & Furious - Supercharged™,False,0
2026-07-31T02:36:43+00:00,San Francisco,14866,Fast & Furious - Supercharged™ Single Rider,True,0
2026-07-31T02:36:43+00:00,The Wizarding World of Harry Potter - Diagon Alley,6014,Harry Potter and the Escape from Gringotts™,False,0
2026-07-31T02:36:43+00:00,The Wizarding World of Harry Potter - Diagon Alley,15416,Harry Potter and the Escape from Gringotts™ Single Rider,True,0
2026-07-31T02:36:43+00:00,The Wizarding World of Harry Potter - Diagon Alley,6016,Hogwarts Express™ - King's Cross Station,False,0
2026-07-31T02:36:43+00:00,The Wizarding World of Harry Potter - Diagon Alley,13849,Hogwarts™ Express - First Train,False,0
2026-07-31T02:36:43+00:00,The Wizarding World of Harry Potter - Diagon Alley,13850,Hogwarts™ Express - Last Train,False,0
2026-07-31T02:36:43+00:00,The Wizarding World of Harry Potter - Diagon Alley,13100,Ollivanders™ Experience in Diagon Alley™,True,5
2026-07-31T02:36:43+00:00,World Expo,5995,Kang & Kodos' Twirl 'n' Hurl,False,0
2026-07-31T02:36:43+00:00,World Expo,5996,MEN IN BLACK™ Alien Attack!™,False,0
2026-07-31T02:36:43+00:00,World Expo,14517,MEN IN BLACK™ Alien Attack!™ Single Rider,True,0
2026-07-31T02:36:43+00:00,World Expo,6005,The Simpsons Ride™,False,0
2026-07-31T02:51:08+00:00,DreamWorks Land,13605,Trolls Trollercoaster,False,0
2026-07-31T02:51:08+00:00,Hollywood,5990,E.T. Adventure™,False,0
2026-07-31T02:51:08+00:00,Illumination's Minion Land,5984,Despicable Me Minion Mayhem™,False,0
2026-07-31T02:51:08+00:00,Illumination's Minion Land,12107,Illumination's Villain-Con Minion Blast,False,0
2026-07-31T02:51:08+00:00,New York,6018,Race Through New York Starring Jimmy Fallon™,False,0
2026-07-31T02:51:08+00:00,New York,6000,Revenge of the Mummy™,False,0
2026-07-31T02:51:08+00:00,New York,13110,Revenge of the Mummy™ Single Rider,True,0
2026-07-31T02:51:08+00:00,Production Central,6006,TRANSFORMERS™ The Ride-3D,False,0
2026-07-31T02:51:08+00:00,San Francisco,6038,Fast & Furious - Supercharged™,False,0
2026-07-31T02:51:08+00:00,San Francisco,14866,Fast & Furious - Supercharged™ Single Rider,True,0
2026-07-31T02:51:08+00:00,The Wizarding World of Harry Potter - Diagon Alley,6014,Harry Potter and the Escape from Gringotts™,False,0
2026-07-31T02:51:08+00:00,The Wizarding World of Harry Potter - Diagon Alley,15416,Harry Potter and the Escape from Gringotts™ Single Rider,True,0
2026-07-31T02:51:08+00:00,The Wizarding World of Harry Potter - Diagon Alley,6016,Hogwarts Express™ - King's Cross Station,False,0
2026-07-31T02:51:08+00:00,The Wizarding World of Harry Potter - Diagon Alley,13849,Hogwarts™ Express - First Train,False,0
2026-07-31T02:51:08+00:00,The Wizarding World of Harry Potter - Diagon Alley,13850,Hogwarts™ Express - Last Train,False,0
2026-07-31T02:51:08+00:00,The Wizarding World of Harry Potter - Diagon Alley,13100,Ollivanders™ Experience in Diagon Alley™,True,5
2026-07-31T02:51:08+00:00,World Expo,5995,Kang & Kodos' Twirl 'n' Hurl,False,0
2026-07-31T02:51:08+00:00,World Expo,5996,MEN IN BLACK™ Alien Attack!™,False,0
2026-07-31T02:51:08+00:00,World Expo,14517,MEN IN BLACK™ Alien Attack!™ Single Rider,True,0
2026-07-31T02:51:08+00:00,World Expo,6005,The Simpsons Ride™,False,0
2026-07-31T02:53:35+00:00,DreamWorks Land,13605,Trolls Trollercoaster,False,0
2026-07-31T02:53:35+00:00,Hollywood,5990,E.T. Adventure™,False,0
2026-07-31T02:53:35+00:00,Illumination's Minion Land,5984,Despicable Me Minion Mayhem™,False,0
2026-07-31T02:53:35+00:00,Illumination's Minion Land,12107,Illumination's Villain-Con Minion Blast,False,0
2026-07-31T02:53:35+00:00,New York,6018,Race Through New York Starring Jimmy Fallon™,False,0
2026-07-31T02:53:35+00:00,New York,6000,Revenge of the Mummy™,False,0
2026-07-31T02:53:35+00:00,New York,13110,Revenge of the Mummy™ Single Rider,True,0
2026-07-31T02:53:35+00:00,Production Central,6006,TRANSFORMERS™ The Ride-3D,False,0
2026-07-31T02:53:35+00:00,San Francisco,6038,Fast & Furious - Supercharged™,False,0
2026-07-31T02:53:35+00:00,San Francisco,14866,Fast & Furious - Supercharged™ Single Rider,True,0
2026-07-31T02:53:35+00:00,The Wizarding World of Harry Potter - Diagon Alley,6014,Harry Potter and the Escape from Gringotts™,False,0
2026-07-31T02:53:35+00:00,The Wizarding World of Harry Potter - Diagon Alley,15416,Harry Potter and the Escape from Gringotts™ Single Rider,True,0
2026-07-31T02:53:35+00:00,The Wizarding World of Harry Potter - Diagon Alley,6016,Hogwarts Express™ - King's Cross Station,False,0
2026-07-31T02:53:35+00:00,The Wizarding World of Harry Potter - Diagon Alley,13849,Hogwarts™ Express - First Train,False,0
2026-07-31T02:53:35+00:00,The Wizarding World of Harry Potter - Diagon Alley,13850,Hogwarts™ Express - Last Train,False,0
2026-07-31T02:53:35+00:00,The Wizarding World of Harry Potter - Diagon Alley,13100,Ollivanders™ Experience in Diagon Alley™,True,5
2026-07-31T02:53:35+00:00,World Expo,5995,Kang & Kodos' Twirl 'n' Hurl,False,0
2026-07-31T02:53:35+00:00,World Expo,5996,MEN IN BLACK™ Alien Attack!™,False,0
2026-07-31T02:53:35+00:00,World Expo,14517,MEN IN BLACK™ Alien Attack!™ Single Rider,True,0
2026-07-31T02:53:35+00:00,World Expo,6005,The Simpsons Ride™,False,0
2026-07-31T03:02:09+00:00,DreamWorks Land,13605,Trolls Trollercoaster,False,0
2026-07-31T03:02:09+00:00,Hollywood,5990,E.T. Adventure™,False,0
2026-07-31T03:02:09+00:00,Illumination's Minion Land,5984,Despicable Me Minion Mayhem™,False,0
2026-07-31T03:02:09+00:00,Illumination's Minion Land,12107,Illumination's Villain-Con Minion Blast,False,0
2026-07-31T03:02:09+00:00,New York,6018,Race Through New York Starring Jimmy Fallon™,False,0
2026-07-31T03:02:09+00:00,New York,6000,Revenge of the Mummy™,False,0
2026-07-31T03:02:09+00:00,New York,13110,Revenge of the Mummy™ Single Rider,True,0
2026-07-31T03:02:09+00:00,Production Central,6006,TRANSFORMERS™ The Ride-3D,False,0
2026-07-31T03:02:09+00:00,San Francisco,6038,Fast & Furious - Supercharged™,False,0
2026-07-31T03:02:09+00:00,San Francisco,14866,Fast & Furious - Supercharged™ Single Rider,True,0
2026-07-31T03:02:09+00:00,The Wizarding World of Harry Potter - Diagon Alley,6014,Harry Potter and the Escape from Gringotts™,False,0
2026-07-31T03:02:09+00:00,The Wizarding World of Harry Potter - Diagon Alley,15416,Harry Potter and the Escape from Gringotts™ Single Rider,True,0
2026-07-31T03:02:09+00:00,The Wizarding World of Harry Potter - Diagon Alley,6016,Hogwarts Express™ - King's Cross Station,False,0
2026-07-31T03:02:09+00:00,The Wizarding World of Harry Potter - Diagon Alley,13849,Hogwarts™ Express - First Train,False,0
2026-07-31T03:02:09+00:00,The Wizarding World of Harry Potter - Diagon Alley,13850,Hogwarts™ Express - Last Train,False,0
2026-07-31T03:02:09+00:00,The Wizarding World of Harry Potter - Diagon Alley,13100,Ollivanders™ Experience in Diagon Alley™,True,5
2026-07-31T03:02:09+00:00,World Expo,5995,Kang & Kodos' Twirl 'n' Hurl,False,0
2026-07-31T03:02:09+00:00,World Expo,5996,MEN IN BLACK™ Alien Attack!™,False,0
2026-07-31T03:02:09+00:00,World Expo,14517,MEN IN BLACK™ Alien Attack!™ Single Rider,True,0
2026-07-31T03:02:09+00:00,World Expo,6005,The Simpsons Ride™,False,0
2026-07-31T03:03:08+00:00,DreamWorks Land,13605,Trolls Trollercoaster,False,0
2026-07-31T03:03:08+00:00,Hollywood,5990,E.T. Adventure™,False,0
2026-07-31T03:03:08+00:00,Illumination's Minion Land,5984,Despicable Me Minion Mayhem™,False,0
2026-07-31T03:03:08+00:00,Illumination's Minion Land,12107,Illumination's Villain-Con Minion Blast,False,0
2026-07-31T03:03:08+00:00,New York,6018,Race Through New York Starring Jimmy Fallon™,False,0
2026-07-31T03:03:08+00:00,New York,6000,Revenge of the Mummy™,False,0
2026-07-31T03:03:08+00:00,New York,13110,Revenge of the Mummy™ Single Rider,True,0
2026-07-31T03:03:08+00:00,Production Central,6006,TRANSFORMERS™ The Ride-3D,False,0
2026-07-31T03:03:08+00:00,San Francisco,6038,Fast & Furious - Supercharged™,False,0
2026-07-31T03:03:08+00:00,San Francisco,14866,Fast & Furious - Supercharged™ Single Rider,True,0
2026-07-31T03:03:08+00:00,The Wizarding World of Harry Potter - Diagon Alley,6014,Harry Potter and the Escape from Gringotts™,False,0
2026-07-31T03:03:08+00:00,The Wizarding World of Harry Potter - Diagon Alley,15416,Harry Potter and the Escape from Gringotts™ Single Rider,True,0
2026-07-31T03:03:08+00:00,The Wizarding World of Harry Potter - Diagon Alley,6016,Hogwarts Express™ - King's Cross Station,False,0
2026-07-31T03:03:08+00:00,The Wizarding World of Harry Potter - Diagon Alley,13849,Hogwarts™ Express - First Train,False,0
2026-07-31T03:03:08+00:00,The Wizarding World of Harry Potter - Diagon Alley,13850,Hogwarts™ Express - Last Train,False,0
2026-07-31T03:03:08+00:00,The Wizarding World of Harry Potter - Diagon Alley,13100,Ollivanders™ Experience in Diagon Alley™,True,5
2026-07-31T03:03:08+00:00,World Expo,5995,Kang & Kodos' Twirl 'n' Hurl,False,0
2026-07-31T03:03:08+00:00,World Expo,5996,MEN IN BLACK™ Alien Attack!™,False,0
2026-07-31T03:03:08+00:00,World Expo,14517,MEN IN BLACK™ Alien Attack!™ Single Rider,True,0
2026-07-31T03:03:08+00:00,World Expo,6005,The Simpsons Ride™,False,0
2026-07-31T03:05:11+00:00,DreamWorks Land,13605,Trolls Trollercoaster,False,0
2026-07-31T03:05:11+00:00,Hollywood,5990,E.T. Adventure™,False,0
2026-07-31T03:05:11+00:00,Illumination's Minion Land,5984,Despicable Me Minion Mayhem™,False,0
2026-07-31T03:05:11+00:00,Illumination's Minion Land,12107,Illumination's Villain-Con Minion Blast,False,0
2026-07-31T03:05:11+00:00,New York,6018,Race Through New York Starring Jimmy Fallon™,False,0
2026-07-31T03:05:11+00:00,New York,6000,Revenge of the Mummy™,False,0
2026-07-31T03:05:11+00:00,New York,13110,Revenge of the Mummy™ Single Rider,True,0
2026-07-31T03:05:11+00:00,Production Central,6006,TRANSFORMERS™ The Ride-3D,False,0
2026-07-31T03:05:11+00:00,San Francisco,6038,Fast & Furious - Supercharged™,False,0
2026-07-31T03:05:11+00:00,San Francisco,14866,Fast & Furious - Supercharged™ Single Rider,True,0
2026-07-31T03:05:11+00:00,The Wizarding World of Harry Potter - Diagon Alley,6014,Harry Potter and the Escape from Gringotts™,False,0
2026-07-31T03:05:11+00:00,The Wizarding World of Harry Potter - Diagon Alley,15416,Harry Potter and the Escape from Gringotts™ Single Rider,True,0
2026-07-31T03:05:11+00:00,The Wizarding World of Harry Potter - Diagon Alley,6016,Hogwarts Express™ - King's Cross Station,False,0
2026-07-31T03:05:11+00:00,The Wizarding World of Harry Potter - Diagon Alley,13849,Hogwarts™ Express - First Train,False,0
2026-07-31T03:05:11+00:00,The Wizarding World of Harry Potter - Diagon Alley,13850,Hogwarts™ Express - Last Train,False,0
2026-07-31T03:05:11+00:00,The Wizarding World of Harry Potter - Diagon Alley,13100,Ollivanders™ Experience in Diagon Alley™,True,5
2026-07-31T03:05:11+00:00,World Expo,5995,Kang & Kodos' Twirl 'n' Hurl,False,0
2026-07-31T03:05:11+00:00,World Expo,5996,MEN IN BLACK™ Alien Attack!™,False,0
2026-07-31T03:05:11+00:00,World Expo,14517,MEN IN BLACK™ Alien Attack!™ Single Rider,True,0
2026-07-31T03:05:11+00:00,World Expo,6005,The Simpsons Ride™,False,0
2026-07-31T03:10:15+00:00,DreamWorks Land,13605,Trolls Trollercoaster,False,0
2026-07-31T03:10:15+00:00,Hollywood,5990,E.T. Adventure™,False,0
2026-07-31T03:10:15+00:00,Illumination's Minion Land,5984,Despicable Me Minion Mayhem™,False,0
2026-07-31T03:10:15+00:00,Illumination's Minion Land,12107,Illumination's Villain-Con Minion Blast,False,0
2026-07-31T03:10:15+00:00,New York,6018,Race Through New York Starring Jimmy Fallon™,False,0
2026-07-31T03:10:15+00:00,New York,6000,Revenge of the Mummy™,False,0
2026-07-31T03:10:15+00:00,New York,13110,Revenge of the Mummy™ Single Rider,True,0
2026-07-31T03:10:15+00:00,Production Central,6006,TRANSFORMERS™ The Ride-3D,False,0
2026-07-31T03:10:15+00:00,San Francisco,6038,Fast & Furious - Supercharged™,False,0
2026-07-31T03:10:15+00:00,San Francisco,14866,Fast & Furious - Supercharged™ Single Rider,True,0
2026-07-31T03:10:15+00:00,The Wizarding World of Harry Potter - Diagon Alley,6014,Harry Potter and the Escape from Gringotts™,False,0
2026-07-31T03:10:15+00:00,The Wizarding World of Harry Potter - Diagon Alley,15416,Harry Potter and the Escape from Gringotts™ Single Rider,True,0
2026-07-31T03:10:15+00:00,The Wizarding World of Harry Potter - Diagon Alley,6016,Hogwarts Express™ - King's Cross Station,False,0
2026-07-31T03:10:15+00:00,The Wizarding World of Harry Potter - Diagon Alley,13849,Hogwarts™ Express - First Train,False,0
2026-07-31T03:10:15+00:00,The Wizarding World of Harry Potter - Diagon Alley,13850,Hogwarts™ Express - Last Train,False,0
2026-07-31T03:10:15+00:00,The Wizarding World of Harry Potter - Diagon Alley,13100,Ollivanders™ Experience in Diagon Alley™,True,5
2026-07-31T03:10:15+00:00,World Expo,5995,Kang & Kodos' Twirl 'n' Hurl,False,0
2026-07-31T03:10:15+00:00,World Expo,5996,MEN IN BLACK™ Alien Attack!™,False,0
2026-07-31T03:10:15+00:00,World Expo,14517,MEN IN BLACK™ Alien Attack!™ Single Rider,True,0
2026-07-31T03:10:15+00:00,World Expo,6005,The Simpsons Ride™,False,0
2026-07-31T03:15:20+00:00,DreamWorks Land,13605,Trolls Trollercoaster,False,0
2026-07-31T03:15:20+00:00,Hollywood,5990,E.T. Adventure™,False,0
2026-07-31T03:15:20+00:00,Illumination's Minion Land,5984,Despicable Me Minion Mayhem™,False,0
2026-07-31T03:15:20+00:00,Illumination's Minion Land,12107,Illumination's Villain-Con Minion Blast,False,0
2026-07-31T03:15:20+00:00,New York,6018,Race Through New York Starring Jimmy Fallon™,False,0
2026-07-31T03:15:20+00:00,New York,6000,Revenge of the Mummy™,False,0
2026-07-31T03:15:20+00:00,New York,13110,Revenge of the Mummy™ Single Rider,True,0
2026-07-31T03:15:20+00:00,Production Central,6006,TRANSFORMERS™ The Ride-3D,False,0
2026-07-31T03:15:20+00:00,San Francisco,6038,Fast & Furious - Supercharged™,False,0
2026-07-31T03:15:20+00:00,San Francisco,14866,Fast & Furious - Supercharged™ Single Rider,True,0
2026-07-31T03:15:20+00:00,The Wizarding World of Harry Potter - Diagon Alley,6014,Harry Potter and the Escape from Gringotts™,False,0
2026-07-31T03:15:20+00:00,The Wizarding World of Harry Potter - Diagon Alley,15416,Harry Potter and the Escape from Gringotts™ Single Rider,True,0
2026-07-31T03:15:20+00:00,The Wizarding World of Harry Potter - Diagon Alley,6016,Hogwarts Express™ - King's Cross Station,False,0
2026-07-31T03:15:20+00:00,The Wizarding World of Harry Potter - Diagon Alley,13849,Hogwarts™ Express - First Train,False,0
2026-07-31T03:15:20+00:00,The Wizarding World of Harry Potter - Diagon Alley,13850,Hogwarts™ Express - Last Train,False,0
2026-07-31T03:15:20+00:00,The Wizarding World of Harry Potter - Diagon Alley,13100,Ollivanders™ Experience in Diagon Alley™,True,5
2026-07-31T03:15:20+00:00,World Expo,5995,Kang & Kodos' Twirl 'n' Hurl,False,0
2026-07-31T03:15:20+00:00,World Expo,5996,MEN IN BLACK™ Alien Attack!™,False,0
2026-07-31T03:15:20+00:00,World Expo,14517,MEN IN BLACK™ Alien Attack!™ Single Rider,True,0
2026-07-31T03:15:20+00:00,World Expo,6005,The Simpsons Ride™,False,0
2026-07-31T03:20:12+00:00,DreamWorks Land,13605,Trolls Trollercoaster,False,0
2026-07-31T03:20:12+00:00,Hollywood,5990,E.T. Adventure™,False,0
2026-07-31T03:20:12+00:00,Illumination's Minion Land,5984,Despicable Me Minion Mayhem™,False,0
2026-07-31T03:20:12+00:00,Illumination's Minion Land,12107,Illumination's Villain-Con Minion Blast,False,0
2026-07-31T03:20:12+00:00,New York,6018,Race Through New York Starring Jimmy Fallon™,False,0
2026-07-31T03:20:12+00:00,New York,6000,Revenge of the Mummy™,False,0
2026-07-31T03:20:12+00:00,New York,13110,Revenge of the Mummy™ Single Rider,True,0
2026-07-31T03:20:12+00:00,Production Central,6006,TRANSFORMERS™ The Ride-3D,False,0
2026-07-31T03:20:12+00:00,San Francisco,6038,Fast & Furious - Supercharged™,False,0
2026-07-31T03:20:12+00:00,San Francisco,14866,Fast & Furious - Supercharged™ Single Rider,True,0
2026-07-31T03:20:12+00:00,The Wizarding World of Harry Potter - Diagon Alley,6014,Harry Potter and the Escape from Gringotts™,False,0
2026-07-31T03:20:12+00:00,The Wizarding World of Harry Potter - Diagon Alley,15416,Harry Potter and the Escape from Gringotts™ Single Rider,True,0
2026-07-31T03:20:12+00:00,The Wizarding World of Harry Potter - Diagon Alley,6016,Hogwarts Express™ - King's Cross Station,False,0
2026-07-31T03:20:12+00:00,The Wizarding World of Harry Potter - Diagon Alley,13849,Hogwarts™ Express - First Train,False,0
2026-07-31T03:20:12+00:00,The Wizarding World of Harry Potter - Diagon Alley,13850,Hogwarts™ Express - Last Train,False,0
2026-07-31T03:20:12+00:00,The Wizarding World of Harry Potter - Diagon Alley,13100,Ollivanders™ Experience in Diagon Alley™,True,5
2026-07-31T03:20:12+00:00,World Expo,5995,Kang & Kodos' Twirl 'n' Hurl,False,0
2026-07-31T03:20:12+00:00,World Expo,5996,MEN IN BLACK™ Alien Attack!™,False,0
2026-07-31T03:20:12+00:00,World Expo,14517,MEN IN BLACK™ Alien Attack!™ Single Rider,True,0
2026-07-31T03:20:12+00:00,World Expo,6005,The Simpsons Ride™,False,0
2026-07-31T03:25:10+00:00,DreamWorks Land,13605,Trolls Trollercoaster,False,0
2026-07-31T03:25:10+00:00,Hollywood,5990,E.T. Adventure™,False,0
2026-07-31T03:25:10+00:00,Illumination's Minion Land,5984,Despicable Me Minion Mayhem™,False,0
2026-07-31T03:25:10+00:00,Illumination's Minion Land,12107,Illumination's Villain-Con Minion Blast,False,0
2026-07-31T03:25:10+00:00,New York,6018,Race Through New York Starring Jimmy Fallon™,False,0
2026-07-31T03:25:10+00:00,New York,6000,Revenge of the Mummy™,False,0
2026-07-31T03:25:10+00:00,New York,13110,Revenge of the Mummy™ Single Rider,True,0
2026-07-31T03:25:10+00:00,Production Central,6006,TRANSFORMERS™ The Ride-3D,False,0
2026-07-31T03:25:10+00:00,San Francisco,6038,Fast & Furious - Supercharged™,False,0
2026-07-31T03:25:10+00:00,San Francisco,14866,Fast & Furious - Supercharged™ Single Rider,True,0
2026-07-31T03:25:10+00:00,The Wizarding World of Harry Potter - Diagon Alley,6014,Harry Potter and the Escape from Gringotts™,False,0
2026-07-31T03:25:10+00:00,The Wizarding World of Harry Potter - Diagon Alley,15416,Harry Potter and the Escape from Gringotts™ Single Rider,True,0
2026-07-31T03:25:10+00:00,The Wizarding World of Harry Potter - Diagon Alley,6016,Hogwarts Express™ - King's Cross Station,False,0
2026-07-31T03:25:10+00:00,The Wizarding World of Harry Potter - Diagon Alley,13849,Hogwarts™ Express - First Train,False,0
2026-07-31T03:25:10+00:00,The Wizarding World of Harry Potter - Diagon Alley,13850,Hogwarts™ Express - Last Train,False,0
2026-07-31T03:25:10+00:00,The Wizarding World of Harry Potter - Diagon Alley,13100,Ollivanders™ Experience in Diagon Alley™,True,5
2026-07-31T03:25:10+00:00,World Expo,5995,Kang & Kodos' Twirl 'n' Hurl,False,0
2026-07-31T03:25:10+00:00,World Expo,5996,MEN IN BLACK™ Alien Attack!™,False,0
2026-07-31T03:25:10+00:00,World Expo,14517,MEN IN BLACK™ Alien Attack!™ Single Rider,True,0
2026-07-31T03:25:10+00:00,World Expo,6005,The Simpsons Ride™,False,0
2026-07-31T03:30:15+00:00,DreamWorks Land,13605,Trolls Trollercoaster,False,0
2026-07-31T03:30:15+00:00,Hollywood,5990,E.T. Adventure™,False,0
2026-07-31T03:30:15+00:00,Illumination's Minion Land,5984,Despicable Me Minion Mayhem™,False,0
2026-07-31T03:30:15+00:00,Illumination's Minion Land,12107,Illumination's Villain-Con Minion Blast,False,0
2026-07-31T03:30:15+00:00,New York,6018,Race Through New York Starring Jimmy Fallon™,False,0
2026-07-31T03:30:15+00:00,New York,6000,Revenge of the Mummy™,False,0
2026-07-31T03:30:15+00:00,New York,13110,Revenge of the Mummy™ Single Rider,True,0
2026-07-31T03:30:15+00:00,Production Central,6006,TRANSFORMERS™ The Ride-3D,False,0
2026-07-31T03:30:15+00:00,San Francisco,6038,Fast & Furious - Supercharged™,False,0
2026-07-31T03:30:15+00:00,San Francisco,14866,Fast & Furious - Supercharged™ Single Rider,True,0
2026-07-31T03:30:15+00:00,The Wizarding World of Harry Potter - Diagon Alley,6014,Harry Potter and the Escape from Gringotts™,False,0
2026-07-31T03:30:15+00:00,The Wizarding World of Harry Potter - Diagon Alley,15416,Harry Potter and the Escape from Gringotts™ Single Rider,True,0
2026-07-31T03:30:15+00:00,The Wizarding World of Harry Potter - Diagon Alley,6016,Hogwarts Express™ - King's Cross Station,False,0
2026-07-31T03:30:15+00:00,The Wizarding World of Harry Potter - Diagon Alley,13849,Hogwarts™ Express - First Train,False,0
2026-07-31T03:30:15+00:00,The Wizarding World of Harry Potter - Diagon Alley,13850,Hogwarts™ Express - Last Train,False,0
2026-07-31T03:30:15+00:00,The Wizarding World of Harry Potter - Diagon Alley,13100,Ollivanders™ Experience in Diagon Alley™,True,5
2026-07-31T03:30:15+00:00,World Expo,5995,Kang & Kodos' Twirl 'n' Hurl,False,0
2026-07-31T03:30:15+00:00,World Expo,5996,MEN IN BLACK™ Alien Attack!™,False,0
2026-07-31T03:30:15+00:00,World Expo,14517,MEN IN BLACK™ Alien Attack!™ Single Rider,True,0
2026-07-31T03:30:15+00:00,World Expo,6005,The Simpsons Ride™,False,0
2026-07-31T03:35:18+00:00,DreamWorks Land,13605,Trolls Trollercoaster,False,0
2026-07-31T03:35:18+00:00,Hollywood,5990,E.T. Adventure™,False,0
2026-07-31T03:35:18+00:00,Illumination's Minion Land,5984,Despicable Me Minion Mayhem™,False,0
2026-07-31T03:35:18+00:00,Illumination's Minion Land,12107,Illumination's Villain-Con Minion Blast,False,0
2026-07-31T03:35:18+00:00,New York,6018,Race Through New York Starring Jimmy Fallon™,False,0
2026-07-31T03:35:18+00:00,New York,6000,Revenge of the Mummy™,False,0
2026-07-31T03:35:18+00:00,New York,13110,Revenge of the Mummy™ Single Rider,True,0
2026-07-31T03:35:18+00:00,Production Central,6006,TRANSFORMERS™ The Ride-3D,False,0
2026-07-31T03:35:18+00:00,San Francisco,6038,Fast & Furious - Supercharged™,False,0
2026-07-31T03:35:18+00:00,San Francisco,14866,Fast & Furious - Supercharged™ Single Rider,True,0
2026-07-31T03:35:18+00:00,The Wizarding World of Harry Potter - Diagon Alley,6014,Harry Potter and the Escape from Gringotts™,False,0
2026-07-31T03:35:18+00:00,The Wizarding World of Harry Potter - Diagon Alley,15416,Harry Potter and the Escape from Gringotts™ Single Rider,True,0
2026-07-31T03:35:18+00:00,The Wizarding World of Harry Potter - Diagon Alley,6016,Hogwarts Express™ - King's Cross Station,False,0
2026-07-31T03:35:18+00:00,The Wizarding World of Harry Potter - Diagon Alley,13849,Hogwarts™ Express - First Train,False,0
2026-07-31T03:35:18+00:00,The Wizarding World of Harry Potter - Diagon Alley,13850,Hogwarts™ Express - Last Train,False,0
2026-07-31T03:35:18+00:00,The Wizarding World of Harry Potter - Diagon Alley,13100,Ollivanders™ Experience in Diagon Alley™,True,5
2026-07-31T03:35:18+00:00,World Expo,5995,Kang & Kodos' Twirl 'n' Hurl,False,0
2026-07-31T03:35:18+00:00,World Expo,5996,MEN IN BLACK™ Alien Attack!™,False,0
2026-07-31T03:35:18+00:00,World Expo,14517,MEN IN BLACK™ Alien Attack!™ Single Rider,True,0
2026-07-31T03:35:18+00:00,World Expo,6005,The Simpsons Ride™,False,0
2026-07-31T03:40:15+00:00,DreamWorks Land,13605,Trolls Trollercoaster,False,0
2026-07-31T03:40:15+00:00,Hollywood,5990,E.T. Adventure™,False,0
2026-07-31T03:40:15+00:00,Illumination's Minion Land,5984,Despicable Me Minion Mayhem™,False,0
2026-07-31T03:40:15+00:00,Illumination's Minion Land,12107,Illumination's Villain-Con Minion Blast,False,0
2026-07-31T03:40:15+00:00,New York,6018,Race Through New York Starring Jimmy Fallon™,False,0
2026-07-31T03:40:15+00:00,New York,6000,Revenge of the Mummy™,False,0
2026-07-31T03:40:15+00:00,New York,13110,Revenge of the Mummy™ Single Rider,True,0
2026-07-31T03:40:15+00:00,Production Central,6006,TRANSFORMERS™ The Ride-3D,False,0
2026-07-31T03:40:15+00:00,San Francisco,6038,Fast & Furious - Supercharged™,False,0
2026-07-31T03:40:15+00:00,San Francisco,14866,Fast & Furious - Supercharged™ Single Rider,True,0
2026-07-31T03:40:15+00:00,The Wizarding World of Harry Potter - Diagon Alley,6014,Harry Potter and the Escape from Gringotts™,False,0
2026-07-31T03:40:15+00:00,The Wizarding World of Harry Potter - Diagon Alley,15416,Harry Potter and the Escape from Gringotts™ Single Rider,True,0
2026-07-31T03:40:15+00:00,The Wizarding World of Harry Potter - Diagon Alley,6016,Hogwarts Express™ - King's Cross Station,False,0
2026-07-31T03:40:15+00:00,The Wizarding World of Harry Potter - Diagon Alley,13849,Hogwarts™ Express - First Train,False,0
2026-07-31T03:40:15+00:00,The Wizarding World of Harry Potter - Diagon Alley,13850,Hogwarts™ Express - Last Train,False,0
2026-07-31T03:40:15+00:00,The Wizarding World of Harry Potter - Diagon Alley,13100,Ollivanders™ Experience in Diagon Alley™,True,5
2026-07-31T03:40:15+00:00,World Expo,5995,Kang & Kodos' Twirl 'n' Hurl,False,0
2026-07-31T03:40:15+00:00,World Expo,5996,MEN IN BLACK™ Alien Attack!™,False,0
2026-07-31T03:40:15+00:00,World Expo,14517,MEN IN BLACK™ Alien Attack!™ Single Rider,True,0
2026-07-31T03:40:15+00:00,World Expo,6005,The Simpsons Ride™,False,0
2026-07-31T03:45:13+00:00,DreamWorks Land,13605,Trolls Trollercoaster,False,0
2026-07-31T03:45:13+00:00,Hollywood,5990,E.T. Adventure™,False,0
2026-07-31T03:45:13+00:00,Illumination's Minion Land,5984,Despicable Me Minion Mayhem™,False,0
2026-07-31T03:45:13+00:00,Illumination's Minion Land,12107,Illumination's Villain-Con Minion Blast,False,0
2026-07-31T03:45:13+00:00,New York,6018,Race Through New York Starring Jimmy Fallon™,False,0
2026-07-31T03:45:13+00:00,New York,6000,Revenge of the Mummy™,False,0
2026-07-31T03:45:13+00:00,New York,13110,Revenge of the Mummy™ Single Rider,True,0
2026-07-31T03:45:13+00:00,Production Central,6006,TRANSFORMERS™ The Ride-3D,False,0
2026-07-31T03:45:13+00:00,San Francisco,6038,Fast & Furious - Supercharged™,False,0
2026-07-31T03:45:13+00:00,San Francisco,14866,Fast & Furious - Supercharged™ Single Rider,True,0
2026-07-31T03:45:13+00:00,The Wizarding World of Harry Potter - Diagon Alley,6014,Harry Potter and the Escape from Gringotts™,False,0
2026-07-31T03:45:13+00:00,The Wizarding World of Harry Potter - Diagon Alley,15416,Harry Potter and the Escape from Gringotts™ Single Rider,True,0
2026-07-31T03:45:13+00:00,The Wizarding World of Harry Potter - Diagon Alley,6016,Hogwarts Express™ - King's Cross Station,False,0
2026-07-31T03:45:13+00:00,The Wizarding World of Harry Potter - Diagon Alley,13849,Hogwarts™ Express - First Train,False,0
2026-07-31T03:45:13+00:00,The Wizarding World of Harry Potter - Diagon Alley,13850,Hogwarts™ Express - Last Train,False,0
2026-07-31T03:45:13+00:00,The Wizarding World of Harry Potter - Diagon Alley,13100,Ollivanders™ Experience in Diagon Alley™,True,5
2026-07-31T03:45:13+00:00,World Expo,5995,Kang & Kodos' Twirl 'n' Hurl,False,0
2026-07-31T03:45:13+00:00,World Expo,5996,MEN IN BLACK™ Alien Attack!™,False,0
2026-07-31T03:45:13+00:00,World Expo,14517,MEN IN BLACK™ Alien Attack!™ Single Rider,True,0
2026-07-31T03:45:13+00:00,World Expo,6005,The Simpsons Ride™,False,0
2026-07-31T03:50:13+00:00,DreamWorks Land,13605,Trolls Trollercoaster,False,0
2026-07-31T03:50:13+00:00,Hollywood,5990,E.T. Adventure™,False,0
2026-07-31T03:50:13+00:00,Illumination's Minion Land,5984,Despicable Me Minion Mayhem™,False,0
2026-07-31T03:50:13+00:00,Illumination's Minion Land,12107,Illumination's Villain-Con Minion Blast,False,0
2026-07-31T03:50:13+00:00,New York,6018,Race Through New York Starring Jimmy Fallon™,False,0
2026-07-31T03:50:13+00:00,New York,6000,Revenge of the Mummy™,False,0
2026-07-31T03:50:13+00:00,New York,13110,Revenge of the Mummy™ Single Rider,True,0
2026-07-31T03:50:13+00:00,Production Central,6006,TRANSFORMERS™ The Ride-3D,False,0
2026-07-31T03:50:13+00:00,San Francisco,6038,Fast & Furious - Supercharged™,False,0
2026-07-31T03:50:13+00:00,San Francisco,14866,Fast & Furious - Supercharged™ Single Rider,True,0
2026-07-31T03:50:13+00:00,The Wizarding World of Harry Potter - Diagon Alley,6014,Harry Potter and the Escape from Gringotts™,False,0
2026-07-31T03:50:13+00:00,The Wizarding World of Harry Potter - Diagon Alley,15416,Harry Potter and the Escape from Gringotts™ Single Rider,True,0
2026-07-31T03:50:13+00:00,The Wizarding World of Harry Potter - Diagon Alley,6016,Hogwarts Express™ - King's Cross Station,False,0
2026-07-31T03:50:13+00:00,The Wizarding World of Harry Potter - Diagon Alley,13849,Hogwarts™ Express - First Train,False,0
2026-07-31T03:50:13+00:00,The Wizarding World of Harry Potter - Diagon Alley,13850,Hogwarts™ Express - Last Train,False,0
2026-07-31T03:50:13+00:00,The Wizarding World of Harry Potter - Diagon Alley,13100,Ollivanders™ Experience in Diagon Alley™,True,5
2026-07-31T03:50:13+00:00,World Expo,5995,Kang & Kodos' Twirl 'n' Hurl,False,0
2026-07-31T03:50:13+00:00,World Expo,5996,MEN IN BLACK™ Alien Attack!™,False,0
2026-07-31T03:50:13+00:00,World Expo,14517,MEN IN BLACK™ Alien Attack!™ Single Rider,True,0
2026-07-31T03:50:13+00:00,World Expo,6005,The Simpsons Ride™,False,0
2026-07-31T03:55:11+00:00,DreamWorks Land,13605,Trolls Trollercoaster,False,0
2026-07-31T03:55:11+00:00,Hollywood,5990,E.T. Adventure™,False,0
2026-07-31T03:55:11+00:00,Illumination's Minion Land,5984,Despicable Me Minion Mayhem™,False,0
2026-07-31T03:55:11+00:00,Illumination's Minion Land,12107,Illumination's Villain-Con Minion Blast,False,0
2026-07-31T03:55:11+00:00,New York,6018,Race Through New York Starring Jimmy Fallon™,False,0
2026-07-31T03:55:11+00:00,New York,6000,Revenge of the Mummy™,False,0
2026-07-31T03:55:11+00:00,New York,13110,Revenge of the Mummy™ Single Rider,True,0
2026-07-31T03:55:11+00:00,Production Central,6006,TRANSFORMERS™ The Ride-3D,False,0
2026-07-31T03:55:11+00:00,San Francisco,6038,Fast & Furious - Supercharged™,False,0
2026-07-31T03:55:11+00:00,San Francisco,14866,Fast & Furious - Supercharged™ Single Rider,True,0
2026-07-31T03:55:11+00:00,The Wizarding World of Harry Potter - Diagon Alley,6014,Harry Potter and the Escape from Gringotts™,False,0
2026-07-31T03:55:11+00:00,The Wizarding World of Harry Potter - Diagon Alley,15416,Harry Potter and the Escape from Gringotts™ Single Rider,True,0
2026-07-31T03:55:11+00:00,The Wizarding World of Harry Potter - Diagon Alley,6016,Hogwarts Express™ - King's Cross Station,False,0
2026-07-31T03:55:11+00:00,The Wizarding World of Harry Potter - Diagon Alley,13849,Hogwarts™ Express - First Train,False,0
2026-07-31T03:55:11+00:00,The Wizarding World of Harry Potter - Diagon Alley,13850,Hogwarts™ Express - Last Train,False,0
2026-07-31T03:55:11+00:00,The Wizarding World of Harry Potter - Diagon Alley,13100,Ollivanders™ Experience in Diagon Alley™,True,5
2026-07-31T03:55:11+00:00,World Expo,5995,Kang & Kodos' Twirl 'n' Hurl,False,0
2026-07-31T03:55:11+00:00,World Expo,5996,MEN IN BLACK™ Alien Attack!™,False,0
2026-07-31T03:55:11+00:00,World Expo,14517,MEN IN BLACK™ Alien Attack!™ Single Rider,True,0
2026-07-31T03:55:11+00:00,World Expo,6005,The Simpsons Ride™,False,0
2026-07-31T04:00:17+00:00,DreamWorks Land,13605,Trolls Trollercoaster,False,0
2026-07-31T04:00:17+00:00,Hollywood,5990,E.T. Adventure™,False,0
2026-07-31T04:00:17+00:00,Illumination's Minion Land,5984,Despicable Me Minion Mayhem™,False,0
2026-07-31T04:00:17+00:00,Illumination's Minion Land,12107,Illumination's Villain-Con Minion Blast,False,0
2026-07-31T04:00:17+00:00,New York,6018,Race Through New York Starring Jimmy Fallon™,False,0
2026-07-31T04:00:17+00:00,New York,6000,Revenge of the Mummy™,False,0
2026-07-31T04:00:17+00:00,New York,13110,Revenge of the Mummy™ Single Rider,True,0
2026-07-31T04:00:17+00:00,Production Central,6006,TRANSFORMERS™ The Ride-3D,False,0
2026-07-31T04:00:17+00:00,San Francisco,6038,Fast & Furious - Supercharged™,False,0
2026-07-31T04:00:17+00:00,San Francisco,14866,Fast & Furious - Supercharged™ Single Rider,True,0
2026-07-31T04:00:17+00:00,The Wizarding World of Harry Potter - Diagon Alley,6014,Harry Potter and the Escape from Gringotts™,False,0
2026-07-31T04:00:17+00:00,The Wizarding World of Harry Potter - Diagon Alley,15416,Harry Potter and the Escape from Gringotts™ Single Rider,True,0
2026-07-31T04:00:17+00:00,The Wizarding World of Harry Potter - Diagon Alley,6016,Hogwarts Express™ - King's Cross Station,False,0
2026-07-31T04:00:17+00:00,The Wizarding World of Harry Potter - Diagon Alley,13849,Hogwarts™ Express - First Train,False,0
2026-07-31T04:00:17+00:00,The Wizarding World of Harry Potter - Diagon Alley,13850,Hogwarts™ Express - Last Train,False,0
2026-07-31T04:00:17+00:00,The Wizarding World of Harry Potter - Diagon Alley,13100,Ollivanders™ Experience in Diagon Alley™,True,5
2026-07-31T04:00:17+00:00,World Expo,5995,Kang & Kodos' Twirl 'n' Hurl,False,0
2026-07-31T04:00:17+00:00,World Expo,5996,MEN IN BLACK™ Alien Attack!™,False,0
2026-07-31T04:00:17+00:00,World Expo,14517,MEN IN BLACK™ Alien Attack!™ Single Rider,True,0
2026-07-31T04:00:17+00:00,World Expo,6005,The Simpsons Ride™,False,0
2026-07-31T04:05:12+00:00,DreamWorks Land,13605,Trolls Trollercoaster,False,0
2026-07-31T04:05:12+00:00,Hollywood,5990,E.T. Adventure™,False,0
2026-07-31T04:05:12+00:00,Illumination's Minion Land,5984,Despicable Me Minion Mayhem™,False,0
2026-07-31T04:05:12+00:00,Illumination's Minion Land,12107,Illumination's Villain-Con Minion Blast,False,0
2026-07-31T04:05:12+00:00,New York,6018,Race Through New York Starring Jimmy Fallon™,False,0
2026-07-31T04:05:12+00:00,New York,6000,Revenge of the Mummy™,False,0
2026-07-31T04:05:12+00:00,New York,13110,Revenge of the Mummy™ Single Rider,True,0
2026-07-31T04:05:12+00:00,Production Central,6006,TRANSFORMERS™ The Ride-3D,False,0
2026-07-31T04:05:12+00:00,San Francisco,6038,Fast & Furious - Supercharged™,False,0
2026-07-31T04:05:12+00:00,San Francisco,14866,Fast & Furious - Supercharged™ Single Rider,True,0
2026-07-31T04:05:12+00:00,The Wizarding World of Harry Potter - Diagon Alley,6014,Harry Potter and the Escape from Gringotts™,False,0
2026-07-31T04:05:12+00:00,The Wizarding World of Harry Potter - Diagon Alley,15416,Harry Potter and the Escape from Gringotts™ Single Rider,True,0
2026-07-31T04:05:12+00:00,The Wizarding World of Harry Potter - Diagon Alley,6016,Hogwarts Express™ - King's Cross Station,False,0
2026-07-31T04:05:12+00:00,The Wizarding World of Harry Potter - Diagon Alley,13849,Hogwarts™ Express - First Train,False,0
2026-07-31T04:05:12+00:00,The Wizarding World of Harry Potter - Diagon Alley,13850,Hogwarts™ Express - Last Train,False,0
2026-07-31T04:05:12+00:00,The Wizarding World of Harry Potter - Diagon Alley,13100,Ollivanders™ Experience in Diagon Alley™,True,5
2026-07-31T04:05:12+00:00,World Expo,5995,Kang & Kodos' Twirl 'n' Hurl,False,0
2026-07-31T04:05:12+00:00,World Expo,5996,MEN IN BLACK™ Alien Attack!™,False,0
2026-07-31T04:05:12+00:00,World Expo,14517,MEN IN BLACK™ Alien Attack!™ Single Rider,True,0
2026-07-31T04:05:12+00:00,World Expo,6005,The Simpsons Ride™,False,0
2026-07-31T04:10:12+00:00,DreamWorks Land,13605,Trolls Trollercoaster,False,0
2026-07-31T04:10:12+00:00,Hollywood,5990,E.T. Adventure™,False,0
2026-07-31T04:10:12+00:00,Illumination's Minion Land,5984,Despicable Me Minion Mayhem™,False,0
2026-07-31T04:10:12+00:00,Illumination's Minion Land,12107,Illumination's Villain-Con Minion Blast,False,0
2026-07-31T04:10:12+00:00,New York,6018,Race Through New York Starring Jimmy Fallon™,False,0
2026-07-31T04:10:12+00:00,New York,6000,Revenge of the Mummy™,False,0
2026-07-31T04:10:12+00:00,New York,13110,Revenge of the Mummy™ Single Rider,True,0
2026-07-31T04:10:12+00:00,Production Central,6006,TRANSFORMERS™ The Ride-3D,False,0
2026-07-31T04:10:12+00:00,San Francisco,6038,Fast & Furious - Supercharged™,False,0
2026-07-31T04:10:12+00:00,San Francisco,14866,Fast & Furious - Supercharged™ Single Rider,True,0
2026-07-31T04:10:12+00:00,The Wizarding World of Harry Potter - Diagon Alley,6014,Harry Potter and the Escape from Gringotts™,False,0
2026-07-31T04:10:12+00:00,The Wizarding World of Harry Potter - Diagon Alley,15416,Harry Potter and the Escape from Gringotts™ Single Rider,True,0
2026-07-31T04:10:12+00:00,The Wizarding World of Harry Potter - Diagon Alley,6016,Hogwarts Express™ - King's Cross Station,False,0
2026-07-31T04:10:12+00:00,The Wizarding World of Harry Potter - Diagon Alley,13849,Hogwarts™ Express - First Train,False,0
2026-07-31T04:10:12+00:00,The Wizarding World of Harry Potter - Diagon Alley,13850,Hogwarts™ Express - Last Train,False,0
2026-07-31T04:10:12+00:00,The Wizarding World of Harry Potter - Diagon Alley,13100,Ollivanders™ Experience in Diagon Alley™,True,5
2026-07-31T04:10:12+00:00,World Expo,5995,Kang & Kodos' Twirl 'n' Hurl,False,0
2026-07-31T04:10:12+00:00,World Expo,5996,MEN IN BLACK™ Alien Attack!™,False,0
2026-07-31T04:10:12+00:00,World Expo,14517,MEN IN BLACK™ Alien Attack!™ Single Rider,True,0
2026-07-31T04:10:12+00:00,World Expo,6005,The Simpsons Ride™,False,0
2026-07-31T04:15:13+00:00,DreamWorks Land,13605,Trolls Trollercoaster,False,0
2026-07-31T04:15:13+00:00,Hollywood,5990,E.T. Adventure™,False,0
2026-07-31T04:15:13+00:00,Illumination's Minion Land,5984,Despicable Me Minion Mayhem™,False,0
2026-07-31T04:15:13+00:00,Illumination's Minion Land,12107,Illumination's Villain-Con Minion Blast,False,0
2026-07-31T04:15:13+00:00,New York,6018,Race Through New York Starring Jimmy Fallon™,False,0
2026-07-31T04:15:13+00:00,New York,6000,Revenge of the Mummy™,False,0
2026-07-31T04:15:13+00:00,New York,13110,Revenge of the Mummy™ Single Rider,True,0
2026-07-31T04:15:13+00:00,Production Central,6006,TRANSFORMERS™ The Ride-3D,False,0
2026-07-31T04:15:13+00:00,San Francisco,6038,Fast & Furious - Supercharged™,False,0
2026-07-31T04:15:13+00:00,San Francisco,14866,Fast & Furious - Supercharged™ Single Rider,True,0
2026-07-31T04:15:13+00:00,The Wizarding World of Harry Potter - Diagon Alley,6014,Harry Potter and the Escape from Gringotts™,False,0
2026-07-31T04:15:13+00:00,The Wizarding World of Harry Potter - Diagon Alley,15416,Harry Potter and the Escape from Gringotts™ Single Rider,True,0
2026-07-31T04:15:13+00:00,The Wizarding World of Harry Potter - Diagon Alley,6016,Hogwarts Express™ - King's Cross Station,False,0
2026-07-31T04:15:13+00:00,The Wizarding World of Harry Potter - Diagon Alley,13849,Hogwarts™ Express - First Train,False,0
2026-07-31T04:15:13+00:00,The Wizarding World of Harry Potter - Diagon Alley,13850,Hogwarts™ Express - Last Train,False,0
2026-07-31T04:15:13+00:00,The Wizarding World of Harry Potter - Diagon Alley,13100,Ollivanders™ Experience in Diagon Alley™,True,5
2026-07-31T04:15:13+00:00,World Expo,5995,Kang & Kodos' Twirl 'n' Hurl,False,0
2026-07-31T04:15:13+00:00,World Expo,5996,MEN IN BLACK™ Alien Attack!™,False,0
2026-07-31T04:15:13+00:00,World Expo,14517,MEN IN BLACK™ Alien Attack!™ Single Rider,True,0
2026-07-31T04:15:13+00:00,World Expo,6005,The Simpsons Ride™,False,0
2026-07-31T04:20:13+00:00,DreamWorks Land,13605,Trolls Trollercoaster,False,0
2026-07-31T04:20:13+00:00,Hollywood,5990,E.T. Adventure™,False,0
2026-07-31T04:20:13+00:00,Illumination's Minion Land,5984,Despicable Me Minion Mayhem™,False,0
2026-07-31T04:20:13+00:00,Illumination's Minion Land,12107,Illumination's Villain-Con Minion Blast,False,0
2026-07-31T04:20:13+00:00,New York,6018,Race Through New York Starring Jimmy Fallon™,False,0
2026-07-31T04:20:13+00:00,New York,6000,Revenge of the Mummy™,False,0
2026-07-31T04:20:13+00:00,New York,13110,Revenge of the Mummy™ Single Rider,True,0
2026-07-31T04:20:13+00:00,Production Central,6006,TRANSFORMERS™ The Ride-3D,False,0
2026-07-31T04:20:13+00:00,San Francisco,6038,Fast & Furious - Supercharged™,False,0
2026-07-31T04:20:13+00:00,San Francisco,14866,Fast & Furious - Supercharged™ Single Rider,True,0
2026-07-31T04:20:13+00:00,The Wizarding World of Harry Potter - Diagon Alley,6014,Harry Potter and the Escape from Gringotts™,False,0
2026-07-31T04:20:13+00:00,The Wizarding World of Harry Potter - Diagon Alley,15416,Harry Potter and the Escape from Gringotts™ Single Rider,True,0
2026-07-31T04:20:13+00:00,The Wizarding World of Harry Potter - Diagon Alley,6016,Hogwarts Express™ - King's Cross Station,False,0
2026-07-31T04:20:13+00:00,The Wizarding World of Harry Potter - Diagon Alley,13849,Hogwarts™ Express - First Train,False,0
2026-07-31T04:20:13+00:00,The Wizarding World of Harry Potter - Diagon Alley,13850,Hogwarts™ Express - Last Train,False,0
2026-07-31T04:20:13+00:00,The Wizarding World of Harry Potter - Diagon Alley,13100,Ollivanders™ Experience in Diagon Alley™,True,5
2026-07-31T04:20:13+00:00,World Expo,5995,Kang & Kodos' Twirl 'n' Hurl,False,0
2026-07-31T04:20:13+00:00,World Expo,5996,MEN IN BLACK™ Alien Attack!™,False,0
2026-07-31T04:20:13+00:00,World Expo,14517,MEN IN BLACK™ Alien Attack!™ Single Rider,True,0
2026-07-31T04:20:13+00:00,World Expo,6005,The Simpsons Ride™,False,0
2026-07-31T04:25:18+00:00,DreamWorks Land,13605,Trolls Trollercoaster,False,0
2026-07-31T04:25:18+00:00,Hollywood,5990,E.T. Adventure™,False,0
2026-07-31T04:25:18+00:00,Illumination's Minion Land,5984,Despicable Me Minion Mayhem™,False,0
2026-07-31T04:25:18+00:00,Illumination's Minion Land,12107,Illumination's Villain-Con Minion Blast,False,0
2026-07-31T04:25:18+00:00,New York,6018,Race Through New York Starring Jimmy Fallon™,False,0
2026-07-31T04:25:18+00:00,New York,6000,Revenge of the Mummy™,False,0
2026-07-31T04:25:18+00:00,New York,13110,Revenge of the Mummy™ Single Rider,True,0
2026-07-31T04:25:18+00:00,Production Central,6006,TRANSFORMERS™ The Ride-3D,False,0
2026-07-31T04:25:18+00:00,San Francisco,6038,Fast & Furious - Supercharged™,False,0
2026-07-31T04:25:18+00:00,San Francisco,14866,Fast & Furious - Supercharged™ Single Rider,True,0
2026-07-31T04:25:18+00:00,The Wizarding World of Harry Potter - Diagon Alley,6014,Harry Potter and the Escape from Gringotts™,False,0
2026-07-31T04:25:18+00:00,The Wizarding World of Harry Potter - Diagon Alley,15416,Harry Potter and the Escape from Gringotts™ Single Rider,True,0
2026-07-31T04:25:18+00:00,The Wizarding World of Harry Potter - Diagon Alley,6016,Hogwarts Express™ - King's Cross Station,False,0
2026-07-31T04:25:18+00:00,The Wizarding World of Harry Potter - Diagon Alley,13849,Hogwarts™ Express - First Train,False,0
2026-07-31T04:25:18+00:00,The Wizarding World of Harry Potter - Diagon Alley,13850,Hogwarts™ Express - Last Train,False,0
2026-07-31T04:25:18+00:00,The Wizarding World of Harry Potter - Diagon Alley,13100,Ollivanders™ Experience in Diagon Alley™,True,5
2026-07-31T04:25:18+00:00,World Expo,5995,Kang & Kodos' Twirl 'n' Hurl,False,0
2026-07-31T04:25:18+00:00,World Expo,5996,MEN IN BLACK™ Alien Attack!™,False,0
2026-07-31T04:25:18+00:00,World Expo,14517,MEN IN BLACK™ Alien Attack!™ Single Rider,True,0
2026-07-31T04:25:18+00:00,World Expo,6005,The Simpsons Ride™,False,0
2026-07-31T04:30:15+00:00,DreamWorks Land,13605,Trolls Trollercoaster,False,0
2026-07-31T04:30:15+00:00,Hollywood,5990,E.T. Adventure™,False,0
2026-07-31T04:30:15+00:00,Illumination's Minion Land,5984,Despicable Me Minion Mayhem™,False,0
2026-07-31T04:30:15+00:00,Illumination's Minion Land,12107,Illumination's Villain-Con Minion Blast,False,0
2026-07-31T04:30:15+00:00,New York,6018,Race Through New York Starring Jimmy Fallon™,False,0
2026-07-31T04:30:15+00:00,New York,6000,Revenge of the Mummy™,False,0
2026-07-31T04:30:15+00:00,New York,13110,Revenge of the Mummy™ Single Rider,True,0
2026-07-31T04:30:15+00:00,Production Central,6006,TRANSFORMERS™ The Ride-3D,False,0
2026-07-31T04:30:15+00:00,San Francisco,6038,Fast & Furious - Supercharged™,False,0
2026-07-31T04:30:15+00:00,San Francisco,14866,Fast & Furious - Supercharged™ Single Rider,True,0
2026-07-31T04:30:15+00:00,The Wizarding World of Harry Potter - Diagon Alley,6014,Harry Potter and the Escape from Gringotts™,False,0
2026-07-31T04:30:15+00:00,The Wizarding World of Harry Potter - Diagon Alley,15416,Harry Potter and the Escape from Gringotts™ Single Rider,True,0
2026-07-31T04:30:15+00:00,The Wizarding World of Harry Potter - Diagon Alley,6016,Hogwarts Express™ - King's Cross Station,False,0
2026-07-31T04:30:15+00:00,The Wizarding World of Harry Potter - Diagon Alley,13849,Hogwarts™ Express - First Train,False,0
2026-07-31T04:30:15+00:00,The Wizarding World of Harry Potter - Diagon Alley,13850,Hogwarts™ Express - Last Train,False,0
2026-07-31T04:30:15+00:00,The Wizarding World of Harry Potter - Diagon Alley,13100,Ollivanders™ Experience in Diagon Alley™,True,5
2026-07-31T04:30:15+00:00,World Expo,5995,Kang & Kodos' Twirl 'n' Hurl,False,0
2026-07-31T04:30:15+00:00,World Expo,5996,MEN IN BLACK™ Alien Attack!™,False,0
2026-07-31T04:30:15+00:00,World Expo,14517,MEN IN BLACK™ Alien Attack!™ Single Rider,True,0
2026-07-31T04:30:15+00:00,World Expo,6005,The Simpsons Ride™,False,0
2026-07-31T04:35:10+00:00,DreamWorks Land,13605,Trolls Trollercoaster,False,0
2026-07-31T04:35:10+00:00,Hollywood,5990,E.T. Adventure™,False,0
2026-07-31T04:35:10+00:00,Illumination's Minion Land,5984,Despicable Me Minion Mayhem™,False,0
2026-07-31T04:35:10+00:00,Illumination's Minion Land,12107,Illumination's Villain-Con Minion Blast,False,0
2026-07-31T04:35:10+00:00,New York,6018,Race Through New York Starring Jimmy Fallon™,False,0
2026-07-31T04:35:10+00:00,New York,6000,Revenge of the Mummy™,False,0
2026-07-31T04:35:10+00:00,New York,13110,Revenge of the Mummy™ Single Rider,True,0
2026-07-31T04:35:10+00:00,Production Central,6006,TRANSFORMERS™ The Ride-3D,False,0
2026-07-31T04:35:10+00:00,San Francisco,6038,Fast & Furious - Supercharged™,False,0
2026-07-31T04:35:10+00:00,San Francisco,14866,Fast & Furious - Supercharged™ Single Rider,True,0
2026-07-31T04:35:10+00:00,The Wizarding World of Harry Potter - Diagon Alley,6014,Harry Potter and the Escape from Gringotts™,False,0
2026-07-31T04:35:10+00:00,The Wizarding World of Harry Potter - Diagon Alley,15416,Harry Potter and the Escape from Gringotts™ Single Rider,True,0
2026-07-31T04:35:10+00:00,The Wizarding World of Harry Potter - Diagon Alley,6016,Hogwarts Express™ - King's Cross Station,False,0
2026-07-31T04:35:10+00:00,The Wizarding World of Harry Potter - Diagon Alley,13849,Hogwarts™ Express - First Train,False,0
2026-07-31T04:35:10+00:00,The Wizarding World of Harry Potter - Diagon Alley,13850,Hogwarts™ Express - Last Train,False,0
2026-07-31T04:35:10+00:00,The Wizarding World of Harry Potter - Diagon Alley,13100,Ollivanders™ Experience in Diagon Alley™,True,5
2026-07-31T04:35:10+00:00,World Expo,5995,Kang & Kodos' Twirl 'n' Hurl,False,0
2026-07-31T04:35:10+00:00,World Expo,5996,MEN IN BLACK™ Alien Attack!™,False,0
2026-07-31T04:35:10+00:00,World Expo,14517,MEN IN BLACK™ Alien Attack!™ Single Rider,True,0
2026-07-31T04:35:10+00:00,World Expo,6005,The Simpsons Ride™,False,0
2026-07-31T04:40:15+00:00,DreamWorks Land,13605,Trolls Trollercoaster,False,0
2026-07-31T04:40:15+00:00,Hollywood,5990,E.T. Adventure™,False,0
2026-07-31T04:40:15+00:00,Illumination's Minion Land,5984,Despicable Me Minion Mayhem™,False,0
2026-07-31T04:40:15+00:00,Illumination's Minion Land,12107,Illumination's Villain-Con Minion Blast,False,0
2026-07-31T04:40:15+00:00,New York,6018,Race Through New York Starring Jimmy Fallon™,False,0
2026-07-31T04:40:15+00:00,New York,6000,Revenge of the Mummy™,False,0
2026-07-31T04:40:15+00:00,New York,13110,Revenge of the Mummy™ Single Rider,True,0
2026-07-31T04:40:15+00:00,Production Central,6006,TRANSFORMERS™ The Ride-3D,False,0
2026-07-31T04:40:15+00:00,San Francisco,6038,Fast & Furious - Supercharged™,False,0
2026-07-31T04:40:15+00:00,San Francisco,14866,Fast & Furious - Supercharged™ Single Rider,True,0
2026-07-31T04:40:15+00:00,The Wizarding World of Harry Potter - Diagon Alley,6014,Harry Potter and the Escape from Gringotts™,False,0
2026-07-31T04:40:15+00:00,The Wizarding World of Harry Potter - Diagon Alley,15416,Harry Potter and the Escape from Gringotts™ Single Rider,True,0
2026-07-31T04:40:15+00:00,The Wizarding World of Harry Potter - Diagon Alley,6016,Hogwarts Express™ - King's Cross Station,False,0
2026-07-31T04:40:15+00:00,The Wizarding World of Harry Potter - Diagon Alley,13849,Hogwarts™ Express - First Train,False,0
2026-07-31T04:40:15+00:00,The Wizarding World of Harry Potter - Diagon Alley,13850,Hogwarts™ Express - Last Train,False,0
2026-07-31T04:40:15+00:00,The Wizarding World of Harry Potter - Diagon Alley,13100,Ollivanders™ Experience in Diagon Alley™,True,5
2026-07-31T04:40:15+00:00,World Expo,5995,Kang & Kodos' Twirl 'n' Hurl,False,0
2026-07-31T04:40:15+00:00,World Expo,5996,MEN IN BLACK™ Alien Attack!™,False,0
2026-07-31T04:40:15+00:00,World Expo,14517,MEN IN BLACK™ Alien Attack!™ Single Rider,True,0
2026-07-31T04:40:15+00:00,World Expo,6005,The Simpsons Ride™,False,0
2026-07-31T04:45:12+00:00,DreamWorks Land,13605,Trolls Trollercoaster,False,0
2026-07-31T04:45:12+00:00,Hollywood,5990,E.T. Adventure™,False,0
2026-07-31T04:45:12+00:00,Illumination's Minion Land,5984,Despicable Me Minion Mayhem™,False,0
2026-07-31T04:45:12+00:00,Illumination's Minion Land,12107,Illumination's Villain-Con Minion Blast,False,0
2026-07-31T04:45:12+00:00,New York,6018,Race Through New York Starring Jimmy Fallon™,False,0
2026-07-31T04:45:12+00:00,New York,6000,Revenge of the Mummy™,False,0
2026-07-31T04:45:12+00:00,New York,13110,Revenge of the Mummy™ Single Rider,True,0
2026-07-31T04:45:12+00:00,Production Central,6006,TRANSFORMERS™ The Ride-3D,False,0
2026-07-31T04:45:12+00:00,San Francisco,6038,Fast & Furious - Supercharged™,False,0
2026-07-31T04:45:12+00:00,San Francisco,14866,Fast & Furious - Supercharged™ Single Rider,True,0
2026-07-31T04:45:12+00:00,The Wizarding World of Harry Potter - Diagon Alley,6014,Harry Potter and the Escape from Gringotts™,False,0
2026-07-31T04:45:12+00:00,The Wizarding World of Harry Potter - Diagon Alley,15416,Harry Potter and the Escape from Gringotts™ Single Rider,True,0
2026-07-31T04:45:12+00:00,The Wizarding World of Harry Potter - Diagon Alley,6016,Hogwarts Express™ - King's Cross Station,False,0
2026-07-31T04:45:12+00:00,The Wizarding World of Harry Potter - Diagon Alley,13849,Hogwarts™ Express - First Train,False,0
2026-07-31T04:45:12+00:00,The Wizarding World of Harry Potter - Diagon Alley,13850,Hogwarts™ Express - Last Train,False,0
2026-07-31T04:45:12+00:00,The Wizarding World of Harry Potter - Diagon Alley,13100,Ollivanders™ Experience in Diagon Alley™,True,5
2026-07-31T04:45:12+00:00,World Expo,5995,Kang & Kodos' Twirl 'n' Hurl,False,0
2026-07-31T04:45:12+00:00,World Expo,5996,MEN IN BLACK™ Alien Attack!™,False,0
2026-07-31T04:45:12+00:00,World Expo,14517,MEN IN BLACK™ Alien Attack!™ Single Rider,True,0
2026-07-31T04:45:12+00:00,World Expo,6005,The Simpsons Ride™,False,0
2026-07-31T04:50:19+00:00,DreamWorks Land,13605,Trolls Trollercoaster,False,0
2026-07-31T04:50:19+00:00,Hollywood,5990,E.T. Adventure™,False,0
2026-07-31T04:50:19+00:00,Illumination's Minion Land,5984,Despicable Me Minion Mayhem™,False,0
2026-07-31T04:50:19+00:00,Illumination's Minion Land,12107,Illumination's Villain-Con Minion Blast,False,0
2026-07-31T04:50:19+00:00,New York,6018,Race Through New York Starring Jimmy Fallon™,False,0
2026-07-31T04:50:19+00:00,New York,6000,Revenge of the Mummy™,False,0
2026-07-31T04:50:19+00:00,New York,13110,Revenge of the Mummy™ Single Rider,True,0
2026-07-31T04:50:19+00:00,Production Central,6006,TRANSFORMERS™ The Ride-3D,False,0
2026-07-31T04:50:19+00:00,San Francisco,6038,Fast & Furious - Supercharged™,False,0
2026-07-31T04:50:19+00:00,San Francisco,14866,Fast & Furious - Supercharged™ Single Rider,True,0
2026-07-31T04:50:19+00:00,The Wizarding World of Harry Potter - Diagon Alley,6014,Harry Potter and the Escape from Gringotts™,False,0
2026-07-31T04:50:19+00:00,The Wizarding World of Harry Potter - Diagon Alley,15416,Harry Potter and the Escape from Gringotts™ Single Rider,True,0
2026-07-31T04:50:19+00:00,The Wizarding World of Harry Potter - Diagon Alley,6016,Hogwarts Express™ - King's Cross Station,False,0
2026-07-31T04:50:19+00:00,The Wizarding World of Harry Potter - Diagon Alley,13849,Hogwarts™ Express - First Train,False,0
2026-07-31T04:50:19+00:00,The Wizarding World of Harry Potter - Diagon Alley,13850,Hogwarts™ Express - Last Train,False,0
2026-07-31T04:50:19+00:00,The Wizarding World of Harry Potter - Diagon Alley,13100,Ollivanders™ Experience in Diagon Alley™,True,5
2026-07-31T04:50:19+00:00,World Expo,5995,Kang & Kodos' Twirl 'n' Hurl,False,0
2026-07-31T04:50:19+00:00,World Expo,5996,MEN IN BLACK™ Alien Attack!™,False,0
2026-07-31T04:50:19+00:00,World Expo,14517,MEN IN BLACK™ Alien Attack!™ Single Rider,True,0
2026-07-31T04:50:19+00:00,World Expo,6005,The Simpsons Ride™,False,0
2026-07-31T04:55:10+00:00,DreamWorks Land,13605,Trolls Trollercoaster,False,0
2026-07-31T04:55:10+00:00,Hollywood,5990,E.T. Adventure™,False,0
2026-07-31T04:55:10+00:00,Illumination's Minion Land,5984,Despicable Me Minion Mayhem™,False,0
2026-07-31T04:55:10+00:00,Illumination's Minion Land,12107,Illumination's Villain-Con Minion Blast,False,0
2026-07-31T04:55:10+00:00,New York,6018,Race Through New York Starring Jimmy Fallon™,False,0
2026-07-31T04:55:10+00:00,New York,6000,Revenge of the Mummy™,False,0
2026-07-31T04:55:10+00:00,New York,13110,Revenge of the Mummy™ Single Rider,True,0
2026-07-31T04:55:10+00:00,Production Central,6006,TRANSFORMERS™ The Ride-3D,False,0
2026-07-31T04:55:10+00:00,San Francisco,6038,Fast & Furious - Supercharged™,False,0
2026-07-31T04:55:10+00:00,San Francisco,14866,Fast & Furious - Supercharged™ Single Rider,True,0
2026-07-31T04:55:10+00:00,The Wizarding World of Harry Potter - Diagon Alley,6014,Harry Potter and the Escape from Gringotts™,False,0
2026-07-31T04:55:10+00:00,The Wizarding World of Harry Potter - Diagon Alley,15416,Harry Potter and the Escape from Gringotts™ Single Rider,True,0
2026-07-31T04:55:10+00:00,The Wizarding World of Harry Potter - Diagon Alley,6016,Hogwarts Express™ - King's Cross Station,False,0
2026-07-31T04:55:10+00:00,The Wizarding World of Harry Potter - Diagon Alley,13849,Hogwarts™ Express - First Train,False,0
2026-07-31T04:55:10+00:00,The Wizarding World of Harry Potter - Diagon Alley,13850,Hogwarts™ Express - Last Train,False,0
2026-07-31T04:55:10+00:00,The Wizarding World of Harry Potter - Diagon Alley,13100,Ollivanders™ Experience in Diagon Alley™,True,5
2026-07-31T04:55:10+00:00,World Expo,5995,Kang & Kodos' Twirl 'n' Hurl,False,0
2026-07-31T04:55:10+00:00,World Expo,5996,MEN IN BLACK™ Alien Attack!™,False,0
2026-07-31T04:55:10+00:00,World Expo,14517,MEN IN BLACK™ Alien Attack!™ Single Rider,True,0
2026-07-31T04:55:10+00:00,World Expo,6005,The Simpsons Ride™,False,0
2026-07-31T05:00:19+00:00,DreamWorks Land,13605,Trolls Trollercoaster,False,0
2026-07-31T05:00:19+00:00,Hollywood,5990,E.T. Adventure™,False,0
2026-07-31T05:00:19+00:00,Illumination's Minion Land,5984,Despicable Me Minion Mayhem™,False,0
2026-07-31T05:00:19+00:00,Illumination's Minion Land,12107,Illumination's Villain-Con Minion Blast,False,0
2026-07-31T05:00:19+00:00,New York,6018,Race Through New York Starring Jimmy Fallon™,False,0
2026-07-31T05:00:19+00:00,New York,6000,Revenge of the Mummy™,False,0
2026-07-31T05:00:19+00:00,New York,13110,Revenge of the Mummy™ Single Rider,True,0
2026-07-31T05:00:19+00:00,Production Central,6006,TRANSFORMERS™ The Ride-3D,False,0
2026-07-31T05:00:19+00:00,San Francisco,6038,Fast & Furious - Supercharged™,False,0
2026-07-31T05:00:19+00:00,San Francisco,14866,Fast & Furious - Supercharged™ Single Rider,True,0
2026-07-31T05:00:19+00:00,The Wizarding World of Harry Potter - Diagon Alley,6014,Harry Potter and the Escape from Gringotts™,False,0
2026-07-31T05:00:19+00:00,The Wizarding World of Harry Potter - Diagon Alley,15416,Harry Potter and the Escape from Gringotts™ Single Rider,True,0
2026-07-31T05:00:19+00:00,The Wizarding World of Harry Potter - Diagon Alley,6016,Hogwarts Express™ - King's Cross Station,False,0
2026-07-31T05:00:19+00:00,The Wizarding World of Harry Potter - Diagon Alley,13849,Hogwarts™ Express - First Train,False,0
2026-07-31T05:00:19+00:00,The Wizarding World of Harry Potter - Diagon Alley,13850,Hogwarts™ Express - Last Train,False,0
2026-07-31T05:00:19+00:00,The Wizarding World of Harry Potter - Diagon Alley,13100,Ollivanders™ Experience in Diagon Alley™,True,5
2026-07-31T05:00:19+00:00,World Expo,5995,Kang & Kodos' Twirl 'n' Hurl,False,0
2026-07-31T05:00:19+00:00,World Expo,5996,MEN IN BLACK™ Alien Attack!™,False,0
2026-07-31T05:00:19+00:00,World Expo,14517,MEN IN BLACK™ Alien Attack!™ Single Rider,True,0
2026-07-31T05:00:19+00:00,World Expo,6005,The Simpsons Ride™,False,0
2026-07-31T05:05:12+00:00,DreamWorks Land,13605,Trolls Trollercoaster,False,0
2026-07-31T05:05:12+00:00,Hollywood,5990,E.T. Adventure™,False,0
2026-07-31T05:05:12+00:00,Illumination's Minion Land,5984,Despicable Me Minion Mayhem™,False,0
2026-07-31T05:05:12+00:00,Illumination's Minion Land,12107,Illumination's Villain-Con Minion Blast,False,0
2026-07-31T05:05:12+00:00,New York,6018,Race Through New York Starring Jimmy Fallon™,False,0
2026-07-31T05:05:12+00:00,New York,6000,Revenge of the Mummy™,False,0
2026-07-31T05:05:12+00:00,New York,13110,Revenge of the Mummy™ Single Rider,True,0
2026-07-31T05:05:12+00:00,Production Central,6006,TRANSFORMERS™ The Ride-3D,False,0
2026-07-31T05:05:12+00:00,San Francisco,6038,Fast & Furious - Supercharged™,False,0
2026-07-31T05:05:12+00:00,San Francisco,14866,Fast & Furious - Supercharged™ Single Rider,True,0
2026-07-31T05:05:12+00:00,The Wizarding World of Harry Potter - Diagon Alley,6014,Harry Potter and the Escape from Gringotts™,False,0
2026-07-31T05:05:12+00:00,The Wizarding World of Harry Potter - Diagon Alley,15416,Harry Potter and the Escape from Gringotts™ Single Rider,True,0
2026-07-31T05:05:12+00:00,The Wizarding World of Harry Potter - Diagon Alley,6016,Hogwarts Express™ - King's Cross Station,False,0
2026-07-31T05:05:12+00:00,The Wizarding World of Harry Potter - Diagon Alley,13849,Hogwarts™ Express - First Train,False,0
2026-07-31T05:05:12+00:00,The Wizarding World of Harry Potter - Diagon Alley,13850,Hogwarts™ Express - Last Train,False,0
2026-07-31T05:05:12+00:00,The Wizarding World of Harry Potter - Diagon Alley,13100,Ollivanders™ Experience in Diagon Alley™,True,5
2026-07-31T05:05:12+00:00,World Expo,5995,Kang & Kodos' Twirl 'n' Hurl,False,0
2026-07-31T05:05:12+00:00,World Expo,5996,MEN IN BLACK™ Alien Attack!™,False,0
2026-07-31T05:05:12+00:00,World Expo,14517,MEN IN BLACK™ Alien Attack!™ Single Rider,True,0
2026-07-31T05:05:12+00:00,World Expo,6005,The Simpsons Ride™,False,0
2026-07-31T05:10:12+00:00,DreamWorks Land,13605,Trolls Trollercoaster,False,0
2026-07-31T05:10:12+00:00,Hollywood,5990,E.T. Adventure™,False,0
2026-07-31T05:10:12+00:00,Illumination's Minion Land,5984,Despicable Me Minion Mayhem™,False,0
2026-07-31T05:10:12+00:00,Illumination's Minion Land,12107,Illumination's Villain-Con Minion Blast,False,0
2026-07-31T05:10:12+00:00,New York,6018,Race Through New York Starring Jimmy Fallon™,False,0
2026-07-31T05:10:12+00:00,New York,6000,Revenge of the Mummy™,False,0
2026-07-31T05:10:12+00:00,New York,13110,Revenge of the Mummy™ Single Rider,True,0
2026-07-31T05:10:12+00:00,Production Central,6006,TRANSFORMERS™ The Ride-3D,False,0
2026-07-31T05:10:12+00:00,San Francisco,6038,Fast & Furious - Supercharged™,False,0
2026-07-31T05:10:12+00:00,San Francisco,14866,Fast & Furious - Supercharged™ Single Rider,True,0
2026-07-31T05:10:12+00:00,The Wizarding World of Harry Potter - Diagon Alley,6014,Harry Potter and the Escape from Gringotts™,False,0
2026-07-31T05:10:12+00:00,The Wizarding World of Harry Potter - Diagon Alley,15416,Harry Potter and the Escape from Gringotts™ Single Rider,True,0
2026-07-31T05:10:12+00:00,The Wizarding World of Harry Potter - Diagon Alley,6016,Hogwarts Express™ - King's Cross Station,False,0
2026-07-31T05:10:12+00:00,The Wizarding World of Harry Potter - Diagon Alley,13849,Hogwarts™ Express - First Train,False,0
2026-07-31T05:10:12+00:00,The Wizarding World of Harry Potter - Diagon Alley,13850,Hogwarts™ Express - Last Train,False,0
2026-07-31T05:10:12+00:00,The Wizarding World of Harry Potter - Diagon Alley,13100,Ollivanders™ Experience in Diagon Alley™,True,5
2026-07-31T05:10:12+00:00,World Expo,5995,Kang & Kodos' Twirl 'n' Hurl,False,0
2026-07-31T05:10:12+00:00,World Expo,5996,MEN IN BLACK™ Alien Attack!™,False,0
2026-07-31T05:10:12+00:00,World Expo,14517,MEN IN BLACK™ Alien Attack!™ Single Rider,True,0
2026-07-31T05:10:12+00:00,World Expo,6005,The Simpsons Ride™,False,0
2026-07-31T05:15:20+00:00,DreamWorks Land,13605,Trolls Trollercoaster,False,0
2026-07-31T05:15:20+00:00,Hollywood,5990,E.T. Adventure™,False,0
2026-07-31T05:15:20+00:00,Illumination's Minion Land,5984,Despicable Me Minion Mayhem™,False,0
2026-07-31T05:15:20+00:00,Illumination's Minion Land,12107,Illumination's Villain-Con Minion Blast,False,0
2026-07-31T05:15:20+00:00,New York,6018,Race Through New York Starring Jimmy Fallon™,False,0
2026-07-31T05:15:20+00:00,New York,6000,Revenge of the Mummy™,False,0
2026-07-31T05:15:20+00:00,New York,13110,Revenge of the Mummy™ Single Rider,True,0
2026-07-31T05:15:20+00:00,Production Central,6006,TRANSFORMERS™ The Ride-3D,False,0
2026-07-31T05:15:20+00:00,San Francisco,6038,Fast & Furious - Supercharged™,False,0
2026-07-31T05:15:20+00:00,San Francisco,14866,Fast & Furious - Supercharged™ Single Rider,True,0
2026-07-31T05:15:20+00:00,The Wizarding World of Harry Potter - Diagon Alley,6014,Harry Potter and the Escape from Gringotts™,False,0
2026-07-31T05:15:20+00:00,The Wizarding World of Harry Potter - Diagon Alley,15416,Harry Potter and the Escape from Gringotts™ Single Rider,True,0
2026-07-31T05:15:20+00:00,The Wizarding World of Harry Potter - Diagon Alley,6016,Hogwarts Express™ - King's Cross Station,False,0
2026-07-31T05:15:20+00:00,The Wizarding World of Harry Potter - Diagon Alley,13849,Hogwarts™ Express - First Train,False,0
2026-07-31T05:15:20+00:00,The Wizarding World of Harry Potter - Diagon Alley,13850,Hogwarts™ Express - Last Train,False,0
2026-07-31T05:15:20+00:00,The Wizarding World of Harry Potter - Diagon Alley,13100,Ollivanders™ Experience in Diagon Alley™,True,5
2026-07-31T05:15:20+00:00,World Expo,5995,Kang & Kodos' Twirl 'n' Hurl,False,0
2026-07-31T05:15:20+00:00,World Expo,5996,MEN IN BLACK™ Alien Attack!™,False,0
2026-07-31T05:15:20+00:00,World Expo,14517,MEN IN BLACK™ Alien Attack!™ Single Rider,True,0
2026-07-31T05:15:20+00:00,World Expo,6005,The Simpsons Ride™,False,0
2026-07-31T05:19:09+00:00,DreamWorks Land,13605,Trolls Trollercoaster,False,0
2026-07-31T05:19:09+00:00,Hollywood,5990,E.T. Adventure™,False,0
2026-07-31T05:19:09+00:00,Illumination's Minion Land,5984,Despicable Me Minion Mayhem™,False,0
2026-07-31T05:19:09+00:00,Illumination's Minion Land,12107,Illumination's Villain-Con Minion Blast,False,0
2026-07-31T05:19:09+00:00,New York,6018,Race Through New York Starring Jimmy Fallon™,False,0
2026-07-31T05:19:09+00:00,New York,6000,Revenge of the Mummy™,False,0
2026-07-31T05:19:09+00:00,New York,13110,Revenge of the Mummy™ Single Rider,True,0
2026-07-31T05:19:09+00:00,Production Central,6006,TRANSFORMERS™ The Ride-3D,False,0
2026-07-31T05:19:09+00:00,San Francisco,6038,Fast & Furious - Supercharged™,False,0
2026-07-31T05:19:09+00:00,San Francisco,14866,Fast & Furious - Supercharged™ Single Rider,True,0
2026-07-31T05:19:09+00:00,The Wizarding World of Harry Potter - Diagon Alley,6014,Harry Potter and the Escape from Gringotts™,False,0
2026-07-31T05:19:09+00:00,The Wizarding World of Harry Potter - Diagon Alley,15416,Harry Potter and the Escape from Gringotts™ Single Rider,True,0
2026-07-31T05:19:09+00:00,The Wizarding World of Harry Potter - Diagon Alley,6016,Hogwarts Express™ - King's Cross Station,False,0
2026-07-31T05:19:09+00:00,The Wizarding World of Harry Potter - Diagon Alley,13849,Hogwarts™ Express - First Train,False,0
2026-07-31T05:19:09+00:00,The Wizarding World of Harry Potter - Diagon Alley,13850,Hogwarts™ Express - Last Train,False,0
2026-07-31T05:19:09+00:00,The Wizarding World of Harry Potter - Diagon Alley,13100,Ollivanders™ Experience in Diagon Alley™,True,5
2026-07-31T05:19:09+00:00,World Expo,5995,Kang & Kodos' Twirl 'n' Hurl,False,0
2026-07-31T05:19:09+00:00,World Expo,5996,MEN IN BLACK™ Alien Attack!™,False,0
2026-07-31T05:19:09+00:00,World Expo,14517,MEN IN BLACK™ Alien Attack!™ Single Rider,True,0
2026-07-31T05:19:09+00:00,World Expo,6005,The Simpsons Ride™,False,0
2026-07-31T05:20:12+00:00,DreamWorks Land,13605,Trolls Trollercoaster,False,0
2026-07-31T05:20:12+00:00,Hollywood,5990,E.T. Adventure™,False,0
2026-07-31T05:20:12+00:00,Illumination's Minion Land,5984,Despicable Me Minion Mayhem™,False,0
2026-07-31T05:20:12+00:00,Illumination's Minion Land,12107,Illumination's Villain-Con Minion Blast,False,0
2026-07-31T05:20:12+00:00,New York,6018,Race Through New York Starring Jimmy Fallon™,False,0
2026-07-31T05:20:12+00:00,New York,6000,Revenge of the Mummy™,False,0
2026-07-31T05:20:12+00:00,New York,13110,Revenge of the Mummy™ Single Rider,True,0
2026-07-31T05:20:12+00:00,Production Central,6006,TRANSFORMERS™ The Ride-3D,False,0
2026-07-31T05:20:12+00:00,San Francisco,6038,Fast & Furious - Supercharged™,False,0
2026-07-31T05:20:12+00:00,San Francisco,14866,Fast & Furious - Supercharged™ Single Rider,True,0
2026-07-31T05:20:12+00:00,The Wizarding World of Harry Potter - Diagon Alley,6014,Harry Potter and the Escape from Gringotts™,False,0
2026-07-31T05:20:12+00:00,The Wizarding World of Harry Potter - Diagon Alley,15416,Harry Potter and the Escape from Gringotts™ Single Rider,True,0
2026-07-31T05:20:12+00:00,The Wizarding World of Harry Potter - Diagon Alley,6016,Hogwarts Express™ - King's Cross Station,False,0
2026-07-31T05:20:12+00:00,The Wizarding World of Harry Potter - Diagon Alley,13849,Hogwarts™ Express - First Train,False,0
2026-07-31T05:20:12+00:00,The Wizarding World of Harry Potter - Diagon Alley,13850,Hogwarts™ Express - Last Train,False,0
2026-07-31T05:20:12+00:00,The Wizarding World of Harry Potter - Diagon Alley,13100,Ollivanders™ Experience in Diagon Alley™,True,5
2026-07-31T05:20:12+00:00,World Expo,5995,Kang & Kodos' Twirl 'n' Hurl,False,0
2026-07-31T05:20:12+00:00,World Expo,5996,MEN IN BLACK™ Alien Attack!™,False,0
2026-07-31T05:20:12+00:00,World Expo,14517,MEN IN BLACK™ Alien Attack!™ Single Rider,True,0
2026-07-31T05:20:12+00:00,World Expo,6005,The Simpsons Ride™,False,0
2026-07-31T05:25:17+00:00,DreamWorks Land,13605,Trolls Trollercoaster,False,0
2026-07-31T05:25:17+00:00,Hollywood,5990,E.T. Adventure™,False,0
2026-07-31T05:25:17+00:00,Illumination's Minion Land,5984,Despicable Me Minion Mayhem™,False,0
2026-07-31T05:25:17+00:00,Illumination's Minion Land,12107,Illumination's Villain-Con Minion Blast,False,0
2026-07-31T05:25:17+00:00,New York,6018,Race Through New York Starring Jimmy Fallon™,False,0
2026-07-31T05:25:17+00:00,New York,6000,Revenge of the Mummy™,False,0
2026-07-31T05:25:17+00:00,New York,13110,Revenge of the Mummy™ Single Rider,True,0
2026-07-31T05:25:17+00:00,Production Central,6006,TRANSFORMERS™ The Ride-3D,False,0
2026-07-31T05:25:17+00:00,San Francisco,6038,Fast & Furious - Supercharged™,False,0
2026-07-31T05:25:17+00:00,San Francisco,14866,Fast & Furious - Supercharged™ Single Rider,True,0
2026-07-31T05:25:17+00:00,The Wizarding World of Harry Potter - Diagon Alley,6014,Harry Potter and the Escape from Gringotts™,False,0
2026-07-31T05:25:17+00:00,The Wizarding World of Harry Potter - Diagon Alley,15416,Harry Potter and the Escape from Gringotts™ Single Rider,True,0
2026-07-31T05:25:17+00:00,The Wizarding World of Harry Potter - Diagon Alley,6016,Hogwarts Express™ - King's Cross Station,False,0
2026-07-31T05:25:17+00:00,The Wizarding World of Harry Potter - Diagon Alley,13849,Hogwarts™ Express - First Train,False,0
2026-07-31T05:25:17+00:00,The Wizarding World of Harry Potter - Diagon Alley,13850,Hogwarts™ Express - Last Train,False,0
2026-07-31T05:25:17+00:00,The Wizarding World of Harry Potter - Diagon Alley,13100,Ollivanders™ Experience in Diagon Alley™,True,5
2026-07-31T05:25:17+00:00,World Expo,5995,Kang & Kodos' Twirl 'n' Hurl,False,0
2026-07-31T05:25:17+00:00,World Expo,5996,MEN IN BLACK™ Alien Attack!™,False,0
2026-07-31T05:25:17+00:00,World Expo,14517,MEN IN BLACK™ Alien Attack!™ Single Rider,True,0
2026-07-31T05:25:17+00:00,World Expo,6005,The Simpsons Ride™,False,0
2026-07-31T05:30:15+00:00,DreamWorks Land,13605,Trolls Trollercoaster,False,0
2026-07-31T05:30:15+00:00,Hollywood,5990,E.T. Adventure™,False,0
2026-07-31T05:30:15+00:00,Illumination's Minion Land,5984,Despicable Me Minion Mayhem™,False,0
2026-07-31T05:30:15+00:00,Illumination's Minion Land,12107,Illumination's Villain-Con Minion Blast,False,0
2026-07-31T05:30:15+00:00,New York,6018,Race Through New York Starring Jimmy Fallon™,False,0
2026-07-31T05:30:15+00:00,New York,6000,Revenge of the Mummy™,False,0
2026-07-31T05:30:15+00:00,New York,13110,Revenge of the Mummy™ Single Rider,True,0
2026-07-31T05:30:15+00:00,Production Central,6006,TRANSFORMERS™ The Ride-3D,False,0
2026-07-31T05:30:15+00:00,San Francisco,6038,Fast & Furious - Supercharged™,False,0
2026-07-31T05:30:15+00:00,San Francisco,14866,Fast & Furious - Supercharged™ Single Rider,True,0
2026-07-31T05:30:15+00:00,The Wizarding World of Harry Potter - Diagon Alley,6014,Harry Potter and the Escape from Gringotts™,False,0
2026-07-31T05:30:15+00:00,The Wizarding World of Harry Potter - Diagon Alley,15416,Harry Potter and the Escape from Gringotts™ Single Rider,True,0
2026-07-31T05:30:15+00:00,The Wizarding World of Harry Potter - Diagon Alley,6016,Hogwarts Express™ - King's Cross Station,False,0
2026-07-31T05:30:15+00:00,The Wizarding World of Harry Potter - Diagon Alley,13849,Hogwarts™ Express - First Train,False,0
2026-07-31T05:30:15+00:00,The Wizarding World of Harry Potter - Diagon Alley,13850,Hogwarts™ Express - Last Train,False,0
2026-07-31T05:30:15+00:00,The Wizarding World of Harry Potter - Diagon Alley,13100,Ollivanders™ Experience in Diagon Alley™,True,5
2026-07-31T05:30:15+00:00,World Expo,5995,Kang & Kodos' Twirl 'n' Hurl,False,0
2026-07-31T05:30:15+00:00,World Expo,5996,MEN IN BLACK™ Alien Attack!™,False,0
2026-07-31T05:30:15+00:00,World Expo,14517,MEN IN BLACK™ Alien Attack!™ Single Rider,True,0
2026-07-31T05:30:15+00:00,World Expo,6005,The Simpsons Ride™,False,0
2026-07-31T05:35:12+00:00,DreamWorks Land,13605,Trolls Trollercoaster,False,0
2026-07-31T05:35:12+00:00,Hollywood,5990,E.T. Adventure™,False,0
2026-07-31T05:35:12+00:00,Illumination's Minion Land,5984,Despicable Me Minion Mayhem™,False,0
2026-07-31T05:35:12+00:00,Illumination's Minion Land,12107,Illumination's Villain-Con Minion Blast,False,0
2026-07-31T05:35:12+00:00,New York,6018,Race Through New York Starring Jimmy Fallon™,False,0
2026-07-31T05:35:12+00:00,New York,6000,Revenge of the Mummy™,False,0
2026-07-31T05:35:12+00:00,New York,13110,Revenge of the Mummy™ Single Rider,True,0
2026-07-31T05:35:12+00:00,Production Central,6006,TRANSFORMERS™ The Ride-3D,False,0
2026-07-31T05:35:12+00:00,San Francisco,6038,Fast & Furious - Supercharged™,False,0
2026-07-31T05:35:12+00:00,San Francisco,14866,Fast & Furious - Supercharged™ Single Rider,True,0
2026-07-31T05:35:12+00:00,The Wizarding World of Harry Potter - Diagon Alley,6014,Harry Potter and the Escape from Gringotts™,False,0
2026-07-31T05:35:12+00:00,The Wizarding World of Harry Potter - Diagon Alley,15416,Harry Potter and the Escape from Gringotts™ Single Rider,True,0
2026-07-31T05:35:12+00:00,The Wizarding World of Harry Potter - Diagon Alley,6016,Hogwarts Express™ - King's Cross Station,False,0
2026-07-31T05:35:12+00:00,The Wizarding World of Harry Potter - Diagon Alley,13849,Hogwarts™ Express - First Train,False,0
2026-07-31T05:35:12+00:00,The Wizarding World of Harry Potter - Diagon Alley,13850,Hogwarts™ Express - Last Train,False,0
2026-07-31T05:35:12+00:00,The Wizarding World of Harry Potter - Diagon Alley,13100,Ollivanders™ Experience in Diagon Alley™,True,5
2026-07-31T05:35:12+00:00,World Expo,5995,Kang & Kodos' Twirl 'n' Hurl,False,0
2026-07-31T05:35:12+00:00,World Expo,5996,MEN IN BLACK™ Alien Attack!™,False,0
2026-07-31T05:35:12+00:00,World Expo,14517,MEN IN BLACK™ Alien Attack!™ Single Rider,True,0
2026-07-31T05:35:12+00:00,World Expo,6005,The Simpsons Ride™,False,0
2026-07-31T05:40:12+00:00,DreamWorks Land,13605,Trolls Trollercoaster,False,0
2026-07-31T05:40:12+00:00,Hollywood,5990,E.T. Adventure™,False,0
2026-07-31T05:40:12+00:00,Illumination's Minion Land,5984,Despicable Me Minion Mayhem™,False,0
2026-07-31T05:40:12+00:00,Illumination's Minion Land,12107,Illumination's Villain-Con Minion Blast,False,0
2026-07-31T05:40:12+00:00,New York,6018,Race Through New York Starring Jimmy Fallon™,False,0
2026-07-31T05:40:12+00:00,New York,6000,Revenge of the Mummy™,False,0
2026-07-31T05:40:12+00:00,New York,13110,Revenge of the Mummy™ Single Rider,True,0
2026-07-31T05:40:12+00:00,Production Central,6006,TRANSFORMERS™ The Ride-3D,False,0
2026-07-31T05:40:12+00:00,San Francisco,6038,Fast & Furious - Supercharged™,False,0
2026-07-31T05:40:12+00:00,San Francisco,14866,Fast & Furious - Supercharged™ Single Rider,True,0
2026-07-31T05:40:12+00:00,The Wizarding World of Harry Potter - Diagon Alley,6014,Harry Potter and the Escape from Gringotts™,False,0
2026-07-31T05:40:12+00:00,The Wizarding World of Harry Potter - Diagon Alley,15416,Harry Potter and the Escape from Gringotts™ Single Rider,True,0
2026-07-31T05:40:12+00:00,The Wizarding World of Harry Potter - Diagon Alley,6016,Hogwarts Express™ - King's Cross Station,False,0
2026-07-31T05:40:12+00:00,The Wizarding World of Harry Potter - Diagon Alley,13849,Hogwarts™ Express - First Train,False,0
2026-07-31T05:40:12+00:00,The Wizarding World of Harry Potter - Diagon Alley,13850,Hogwarts™ Express - Last Train,False,0
2026-07-31T05:40:12+00:00,The Wizarding World of Harry Potter - Diagon Alley,13100,Ollivanders™ Experience in Diagon Alley™,True,5
2026-07-31T05:40:12+00:00,World Expo,5995,Kang & Kodos' Twirl 'n' Hurl,False,0
2026-07-31T05:40:12+00:00,World Expo,5996,MEN IN BLACK™ Alien Attack!™,False,0
2026-07-31T05:40:12+00:00,World Expo,14517,MEN IN BLACK™ Alien Attack!™ Single Rider,True,0
2026-07-31T05:40:12+00:00,World Expo,6005,The Simpsons Ride™,False,0
2026-07-31T05:45:13+00:00,DreamWorks Land,13605,Trolls Trollercoaster,False,0
2026-07-31T05:45:13+00:00,Hollywood,5990,E.T. Adventure™,False,0
2026-07-31T05:45:13+00:00,Illumination's Minion Land,5984,Despicable Me Minion Mayhem™,False,0
2026-07-31T05:45:13+00:00,Illumination's Minion Land,12107,Illumination's Villain-Con Minion Blast,False,0
2026-07-31T05:45:13+00:00,New York,6018,Race Through New York Starring Jimmy Fallon™,False,0
2026-07-31T05:45:13+00:00,New York,6000,Revenge of the Mummy™,False,0
2026-07-31T05:45:13+00:00,New York,13110,Revenge of the Mummy™ Single Rider,True,0
2026-07-31T05:45:13+00:00,Production Central,6006,TRANSFORMERS™ The Ride-3D,False,0
2026-07-31T05:45:13+00:00,San Francisco,6038,Fast & Furious - Supercharged™,False,0
2026-07-31T05:45:13+00:00,San Francisco,14866,Fast & Furious - Supercharged™ Single Rider,True,0
2026-07-31T05:45:13+00:00,The Wizarding World of Harry Potter - Diagon Alley,6014,Harry Potter and the Escape from Gringotts™,False,0
2026-07-31T05:45:13+00:00,The Wizarding World of Harry Potter - Diagon Alley,15416,Harry Potter and the Escape from Gringotts™ Single Rider,True,0
2026-07-31T05:45:13+00:00,The Wizarding World of Harry Potter - Diagon Alley,6016,Hogwarts Express™ - King's Cross Station,False,0
2026-07-31T05:45:13+00:00,The Wizarding World of Harry Potter - Diagon Alley,13849,Hogwarts™ Express - First Train,False,0
2026-07-31T05:45:13+00:00,The Wizarding World of Harry Potter - Diagon Alley,13850,Hogwarts™ Express - Last Train,False,0
2026-07-31T05:45:13+00:00,The Wizarding World of Harry Potter - Diagon Alley,13100,Ollivanders™ Experience in Diagon Alley™,True,5
2026-07-31T05:45:13+00:00,World Expo,5995,Kang & Kodos' Twirl 'n' Hurl,False,0
2026-07-31T05:45:13+00:00,World Expo,5996,MEN IN BLACK™ Alien Attack!™,False,0
2026-07-31T05:45:13+00:00,World Expo,14517,MEN IN BLACK™ Alien Attack!™ Single Rider,True,0
2026-07-31T05:45:13+00:00,World Expo,6005,The Simpsons Ride™,False,0
2026-07-31T05:50:14+00:00,DreamWorks Land,13605,Trolls Trollercoaster,False,0
2026-07-31T05:50:14+00:00,Hollywood,5990,E.T. Adventure™,False,0
2026-07-31T05:50:14+00:00,Illumination's Minion Land,5984,Despicable Me Minion Mayhem™,False,0
2026-07-31T05:50:14+00:00,Illumination's Minion Land,12107,Illumination's Villain-Con Minion Blast,False,0
2026-07-31T05:50:14+00:00,New York,6018,Race Through New York Starring Jimmy Fallon™,False,0
2026-07-31T05:50:14+00:00,New York,6000,Revenge of the Mummy™,False,0
2026-07-31T05:50:14+00:00,New York,13110,Revenge of the Mummy™ Single Rider,True,0
2026-07-31T05:50:14+00:00,Production Central,6006,TRANSFORMERS™ The Ride-3D,False,0
2026-07-31T05:50:14+00:00,San Francisco,6038,Fast & Furious - Supercharged™,False,0
2026-07-31T05:50:14+00:00,San Francisco,14866,Fast & Furious - Supercharged™ Single Rider,True,0
2026-07-31T05:50:14+00:00,The Wizarding World of Harry Potter - Diagon Alley,6014,Harry Potter and the Escape from Gringotts™,False,0
2026-07-31T05:50:14+00:00,The Wizarding World of Harry Potter - Diagon Alley,15416,Harry Potter and the Escape from Gringotts™ Single Rider,True,0
2026-07-31T05:50:14+00:00,The Wizarding World of Harry Potter - Diagon Alley,6016,Hogwarts Express™ - King's Cross Station,False,0
2026-07-31T05:50:14+00:00,The Wizarding World of Harry Potter - Diagon Alley,13849,Hogwarts™ Express - First Train,False,0
2026-07-31T05:50:14+00:00,The Wizarding World of Harry Potter - Diagon Alley,13850,Hogwarts™ Express - Last Train,False,0
2026-07-31T05:50:14+00:00,The Wizarding World of Harry Potter - Diagon Alley,13100,Ollivanders™ Experience in Diagon Alley™,True,5
2026-07-31T05:50:14+00:00,World Expo,5995,Kang & Kodos' Twirl 'n' Hurl,False,0
2026-07-31T05:50:14+00:00,World Expo,5996,MEN IN BLACK™ Alien Attack!™,False,0
2026-07-31T05:50:14+00:00,World Expo,14517,MEN IN BLACK™ Alien Attack!™ Single Rider,True,0
2026-07-31T05:50:14+00:00,World Expo,6005,The Simpsons Ride™,False,0
2026-07-31T05:55:10+00:00,DreamWorks Land,13605,Trolls Trollercoaster,False,0
2026-07-31T05:55:10+00:00,Hollywood,5990,E.T. Adventure™,False,0
2026-07-31T05:55:10+00:00,Illumination's Minion Land,5984,Despicable Me Minion Mayhem™,False,0
2026-07-31T05:55:10+00:00,Illumination's Minion Land,12107,Illumination's Villain-Con Minion Blast,False,0
2026-07-31T05:55:10+00:00,New York,6018,Race Through New York Starring Jimmy Fallon™,False,0
2026-07-31T05:55:10+00:00,New York,6000,Revenge of the Mummy™,False,0
2026-07-31T05:55:10+00:00,New York,13110,Revenge of the Mummy™ Single Rider,True,0
2026-07-31T05:55:10+00:00,Production Central,6006,TRANSFORMERS™ The Ride-3D,False,0
2026-07-31T05:55:10+00:00,San Francisco,6038,Fast & Furious - Supercharged™,False,0
2026-07-31T05:55:10+00:00,San Francisco,14866,Fast & Furious - Supercharged™ Single Rider,True,0
2026-07-31T05:55:10+00:00,The Wizarding World of Harry Potter - Diagon Alley,6014,Harry Potter and the Escape from Gringotts™,False,0
2026-07-31T05:55:10+00:00,The Wizarding World of Harry Potter - Diagon Alley,15416,Harry Potter and the Escape from Gringotts™ Single Rider,True,0
2026-07-31T05:55:10+00:00,The Wizarding World of Harry Potter - Diagon Alley,6016,Hogwarts Express™ - King's Cross Station,False,0
2026-07-31T05:55:10+00:00,The Wizarding World of Harry Potter - Diagon Alley,13849,Hogwarts™ Express - First Train,False,0
2026-07-31T05:55:10+00:00,The Wizarding World of Harry Potter - Diagon Alley,13850,Hogwarts™ Express - Last Train,False,0
2026-07-31T05:55:10+00:00,The Wizarding World of Harry Potter - Diagon Alley,13100,Ollivanders™ Experience in Diagon Alley™,True,5
2026-07-31T05:55:10+00:00,World Expo,5995,Kang & Kodos' Twirl 'n' Hurl,False,0
2026-07-31T05:55:10+00:00,World Expo,5996,MEN IN BLACK™ Alien Attack!™,False,0
2026-07-31T05:55:10+00:00,World Expo,14517,MEN IN BLACK™ Alien Attack!™ Single Rider,True,0
2026-07-31T05:55:10+00:00,World Expo,6005,The Simpsons Ride™,False,0
2026-07-31T06:00:20+00:00,DreamWorks Land,13605,Trolls Trollercoaster,False,0
2026-07-31T06:00:20+00:00,Hollywood,5990,E.T. Adventure™,False,0
2026-07-31T06:00:20+00:00,Illumination's Minion Land,5984,Despicable Me Minion Mayhem™,False,0
2026-07-31T06:00:20+00:00,Illumination's Minion Land,12107,Illumination's Villain-Con Minion Blast,False,0
2026-07-31T06:00:20+00:00,New York,6018,Race Through New York Starring Jimmy Fallon™,False,0
2026-07-31T06:00:20+00:00,New York,6000,Revenge of the Mummy™,False,0
2026-07-31T06:00:20+00:00,New York,13110,Revenge of the Mummy™ Single Rider,True,0
2026-07-31T06:00:20+00:00,Production Central,6006,TRANSFORMERS™ The Ride-3D,False,0
2026-07-31T06:00:20+00:00,San Francisco,6038,Fast & Furious - Supercharged™,False,0
2026-07-31T06:00:20+00:00,San Francisco,14866,Fast & Furious - Supercharged™ Single Rider,True,0
2026-07-31T06:00:20+00:00,The Wizarding World of Harry Potter - Diagon Alley,6014,Harry Potter and the Escape from Gringotts™,False,0
2026-07-31T06:00:20+00:00,The Wizarding World of Harry Potter - Diagon Alley,15416,Harry Potter and the Escape from Gringotts™ Single Rider,True,0
2026-07-31T06:00:20+00:00,The Wizarding World of Harry Potter - Diagon Alley,6016,Hogwarts Express™ - King's Cross Station,False,0
2026-07-31T06:00:20+00:00,The Wizarding World of Harry Potter - Diagon Alley,13849,Hogwarts™ Express - First Train,False,0
2026-07-31T06:00:20+00:00,The Wizarding World of Harry Potter - Diagon Alley,13850,Hogwarts™ Express - Last Train,False,0
2026-07-31T06:00:20+00:00,The Wizarding World of Harry Potter - Diagon Alley,13100,Ollivanders™ Experience in Diagon Alley™,True,5
2026-07-31T06:00:20+00:00,World Expo,5995,Kang & Kodos' Twirl 'n' Hurl,False,0
2026-07-31T06:00:20+00:00,World Expo,5996,MEN IN BLACK™ Alien Attack!™,False,0
2026-07-31T06:00:20+00:00,World Expo,14517,MEN IN BLACK™ Alien Attack!™ Single Rider,True,0
2026-07-31T06:00:20+00:00,World Expo,6005,The Simpsons Ride™,False,0
2026-07-31T06:05:11+00:00,DreamWorks Land,13605,Trolls Trollercoaster,False,0
2026-07-31T06:05:11+00:00,Hollywood,5990,E.T. Adventure™,False,0
2026-07-31T06:05:11+00:00,Illumination's Minion Land,5984,Despicable Me Minion Mayhem™,False,0
2026-07-31T06:05:11+00:00,Illumination's Minion Land,12107,Illumination's Villain-Con Minion Blast,False,0
2026-07-31T06:05:11+00:00,New York,6018,Race Through New York Starring Jimmy Fallon™,False,0
2026-07-31T06:05:11+00:00,New York,6000,Revenge of the Mummy™,False,0
2026-07-31T06:05:11+00:00,New York,13110,Revenge of the Mummy™ Single Rider,True,0
2026-07-31T06:05:11+00:00,Production Central,6006,TRANSFORMERS™ The Ride-3D,False,0
2026-07-31T06:05:11+00:00,San Francisco,6038,Fast & Furious - Supercharged™,False,0
2026-07-31T06:05:11+00:00,San Francisco,14866,Fast & Furious - Supercharged™ Single Rider,True,0
2026-07-31T06:05:11+00:00,The Wizarding World of Harry Potter - Diagon Alley,6014,Harry Potter and the Escape from Gringotts™,False,0
2026-07-31T06:05:11+00:00,The Wizarding World of Harry Potter - Diagon Alley,15416,Harry Potter and the Escape from Gringotts™ Single Rider,True,0
2026-07-31T06:05:11+00:00,The Wizarding World of Harry Potter - Diagon Alley,6016,Hogwarts Express™ - King's Cross Station,False,0
2026-07-31T06:05:11+00:00,The Wizarding World of Harry Potter - Diagon Alley,13849,Hogwarts™ Express - First Train,False,0
2026-07-31T06:05:11+00:00,The Wizarding World of Harry Potter - Diagon Alley,13850,Hogwarts™ Express - Last Train,False,0
2026-07-31T06:05:11+00:00,The Wizarding World of Harry Potter - Diagon Alley,13100,Ollivanders™ Experience in Diagon Alley™,True,5
2026-07-31T06:05:11+00:00,World Expo,5995,Kang & Kodos' Twirl 'n' Hurl,False,0
2026-07-31T06:05:11+00:00,World Expo,5996,MEN IN BLACK™ Alien Attack!™,False,0
2026-07-31T06:05:11+00:00,World Expo,14517,MEN IN BLACK™ Alien Attack!™ Single Rider,True,0
2026-07-31T06:05:11+00:00,World Expo,6005,The Simpsons Ride™,False,0
2026-07-31T06:10:12+00:00,DreamWorks Land,13605,Trolls Trollercoaster,False,0
2026-07-31T06:10:12+00:00,Hollywood,5990,E.T. Adventure™,False,0
2026-07-31T06:10:12+00:00,Illumination's Minion Land,5984,Despicable Me Minion Mayhem™,False,0
2026-07-31T06:10:12+00:00,Illumination's Minion Land,12107,Illumination's Villain-Con Minion Blast,False,0
2026-07-31T06:10:12+00:00,New York,6018,Race Through New York Starring Jimmy Fallon™,False,0
2026-07-31T06:10:12+00:00,New York,6000,Revenge of the Mummy™,False,0
2026-07-31T06:10:12+00:00,New York,13110,Revenge of the Mummy™ Single Rider,True,0
2026-07-31T06:10:12+00:00,Production Central,6006,TRANSFORMERS™ The Ride-3D,False,0
2026-07-31T06:10:12+00:00,San Francisco,6038,Fast & Furious - Supercharged™,False,0
2026-07-31T06:10:12+00:00,San Francisco,14866,Fast & Furious - Supercharged™ Single Rider,True,0
2026-07-31T06:10:12+00:00,The Wizarding World of Harry Potter - Diagon Alley,6014,Harry Potter and the Escape from Gringotts™,False,0
2026-07-31T06:10:12+00:00,The Wizarding World of Harry Potter - Diagon Alley,15416,Harry Potter and the Escape from Gringotts™ Single Rider,True,0
2026-07-31T06:10:12+00:00,The Wizarding World of Harry Potter - Diagon Alley,6016,Hogwarts Express™ - King's Cross Station,False,0
2026-07-31T06:10:12+00:00,The Wizarding World of Harry Potter - Diagon Alley,13849,Hogwarts™ Express - First Train,False,0
2026-07-31T06:10:12+00:00,The Wizarding World of Harry Potter - Diagon Alley,13850,Hogwarts™ Express - Last Train,False,0
2026-07-31T06:10:12+00:00,The Wizarding World of Harry Potter - Diagon Alley,13100,Ollivanders™ Experience in Diagon Alley™,True,5
2026-07-31T06:10:12+00:00,World Expo,5995,Kang & Kodos' Twirl 'n' Hurl,False,0
2026-07-31T06:10:12+00:00,World Expo,5996,MEN IN BLACK™ Alien Attack!™,False,0
2026-07-31T06:10:12+00:00,World Expo,14517,MEN IN BLACK™ Alien Attack!™ Single Rider,True,0
2026-07-31T06:10:12+00:00,World Expo,6005,The Simpsons Ride™,False,0
2026-07-31T06:15:12+00:00,DreamWorks Land,13605,Trolls Trollercoaster,False,0
2026-07-31T06:15:12+00:00,Hollywood,5990,E.T. Adventure™,False,0
2026-07-31T06:15:12+00:00,Illumination's Minion Land,5984,Despicable Me Minion Mayhem™,False,0
2026-07-31T06:15:12+00:00,Illumination's Minion Land,12107,Illumination's Villain-Con Minion Blast,False,0
2026-07-31T06:15:12+00:00,New York,6018,Race Through New York Starring Jimmy Fallon™,False,0
2026-07-31T06:15:12+00:00,New York,6000,Revenge of the Mummy™,False,0
2026-07-31T06:15:12+00:00,New York,13110,Revenge of the Mummy™ Single Rider,True,0
2026-07-31T06:15:12+00:00,Production Central,6006,TRANSFORMERS™ The Ride-3D,False,0
2026-07-31T06:15:12+00:00,San Francisco,6038,Fast & Furious - Supercharged™,False,0
2026-07-31T06:15:12+00:00,San Francisco,14866,Fast & Furious - Supercharged™ Single Rider,True,0
2026-07-31T06:15:12+00:00,The Wizarding World of Harry Potter - Diagon Alley,6014,Harry Potter and the Escape from Gringotts™,False,0
2026-07-31T06:15:12+00:00,The Wizarding World of Harry Potter - Diagon Alley,15416,Harry Potter and the Escape from Gringotts™ Single Rider,True,0
2026-07-31T06:15:12+00:00,The Wizarding World of Harry Potter - Diagon Alley,6016,Hogwarts Express™ - King's Cross Station,False,0
2026-07-31T06:15:12+00:00,The Wizarding World of Harry Potter - Diagon Alley,13849,Hogwarts™ Express - First Train,False,0
2026-07-31T06:15:12+00:00,The Wizarding World of Harry Potter - Diagon Alley,13850,Hogwarts™ Express - Last Train,False,0
2026-07-31T06:15:12+00:00,The Wizarding World of Harry Potter - Diagon Alley,13100,Ollivanders™ Experience in Diagon Alley™,True,5
2026-07-31T06:15:12+00:00,World Expo,5995,Kang & Kodos' Twirl 'n' Hurl,False,0
2026-07-31T06:15:12+00:00,World Expo,5996,MEN IN BLACK™ Alien Attack!™,False,0
2026-07-31T06:15:12+00:00,World Expo,14517,MEN IN BLACK™ Alien Attack!™ Single Rider,True,0
2026-07-31T06:15:12+00:00,World Expo,6005,The Simpsons Ride™,False,0
2026-07-31T06:20:12+00:00,DreamWorks Land,13605,Trolls Trollercoaster,False,0
2026-07-31T06:20:12+00:00,Hollywood,5990,E.T. Adventure™,False,0
2026-07-31T06:20:12+00:00,Illumination's Minion Land,5984,Despicable Me Minion Mayhem™,False,0
2026-07-31T06:20:12+00:00,Illumination's Minion Land,12107,Illumination's Villain-Con Minion Blast,False,0
2026-07-31T06:20:12+00:00,New York,6018,Race Through New York Starring Jimmy Fallon™,False,0
2026-07-31T06:20:12+00:00,New York,6000,Revenge of the Mummy™,False,0
2026-07-31T06:20:12+00:00,New York,13110,Revenge of the Mummy™ Single Rider,True,0
2026-07-31T06:20:12+00:00,Production Central,6006,TRANSFORMERS™ The Ride-3D,False,0
2026-07-31T06:20:12+00:00,San Francisco,6038,Fast & Furious - Supercharged™,False,0
2026-07-31T06:20:12+00:00,San Francisco,14866,Fast & Furious - Supercharged™ Single Rider,True,0
2026-07-31T06:20:12+00:00,The Wizarding World of Harry Potter - Diagon Alley,6014,Harry Potter and the Escape from Gringotts™,False,0
2026-07-31T06:20:12+00:00,The Wizarding World of Harry Potter - Diagon Alley,15416,Harry Potter and the Escape from Gringotts™ Single Rider,True,0
2026-07-31T06:20:12+00:00,The Wizarding World of Harry Potter - Diagon Alley,6016,Hogwarts Express™ - King's Cross Station,False,0
2026-07-31T06:20:12+00:00,The Wizarding World of Harry Potter - Diagon Alley,13849,Hogwarts™ Express - First Train,False,0
2026-07-31T06:20:12+00:00,The Wizarding World of Harry Potter - Diagon Alley,13850,Hogwarts™ Express - Last Train,False,0
2026-07-31T06:20:12+00:00,The Wizarding World of Harry Potter - Diagon Alley,13100,Ollivanders™ Experience in Diagon Alley™,True,5
2026-07-31T06:20:12+00:00,World Expo,5995,Kang & Kodos' Twirl 'n' Hurl,False,0
2026-07-31T06:20:12+00:00,World Expo,5996,MEN IN BLACK™ Alien Attack!™,False,0
2026-07-31T06:20:12+00:00,World Expo,14517,MEN IN BLACK™ Alien Attack!™ Single Rider,True,0
2026-07-31T06:20:12+00:00,World Expo,6005,The Simpsons Ride™,False,0
2026-07-31T06:25:10+00:00,DreamWorks Land,13605,Trolls Trollercoaster,False,0
2026-07-31T06:25:10+00:00,Hollywood,5990,E.T. Adventure™,False,0
2026-07-31T06:25:10+00:00,Illumination's Minion Land,5984,Despicable Me Minion Mayhem™,False,0
2026-07-31T06:25:10+00:00,Illumination's Minion Land,12107,Illumination's Villain-Con Minion Blast,False,0
2026-07-31T06:25:10+00:00,New York,6018,Race Through New York Starring Jimmy Fallon™,False,0
2026-07-31T06:25:10+00:00,New York,6000,Revenge of the Mummy™,False,0
2026-07-31T06:25:10+00:00,New York,13110,Revenge of the Mummy™ Single Rider,True,0
2026-07-31T06:25:10+00:00,Production Central,6006,TRANSFORMERS™ The Ride-3D,False,0
2026-07-31T06:25:10+00:00,San Francisco,6038,Fast & Furious - Supercharged™,False,0
2026-07-31T06:25:10+00:00,San Francisco,14866,Fast & Furious - Supercharged™ Single Rider,True,0
2026-07-31T06:25:10+00:00,The Wizarding World of Harry Potter - Diagon Alley,6014,Harry Potter and the Escape from Gringotts™,False,0
2026-07-31T06:25:10+00:00,The Wizarding World of Harry Potter - Diagon Alley,15416,Harry Potter and the Escape from Gringotts™ Single Rider,True,0
2026-07-31T06:25:10+00:00,The Wizarding World of Harry Potter - Diagon Alley,6016,Hogwarts Express™ - King's Cross Station,False,0
2026-07-31T06:25:10+00:00,The Wizarding World of Harry Potter - Diagon Alley,13849,Hogwarts™ Express - First Train,False,0
2026-07-31T06:25:10+00:00,The Wizarding World of Harry Potter - Diagon Alley,13850,Hogwarts™ Express - Last Train,False,0
2026-07-31T06:25:10+00:00,The Wizarding World of Harry Potter - Diagon Alley,13100,Ollivanders™ Experience in Diagon Alley™,True,5
2026-07-31T06:25:10+00:00,World Expo,5995,Kang & Kodos' Twirl 'n' Hurl,False,0
2026-07-31T06:25:10+00:00,World Expo,5996,MEN IN BLACK™ Alien Attack!™,False,0
2026-07-31T06:25:10+00:00,World Expo,14517,MEN IN BLACK™ Alien Attack!™ Single Rider,True,0
2026-07-31T06:25:10+00:00,World Expo,6005,The Simpsons Ride™,False,0
2026-07-31T06:30:15+00:00,DreamWorks Land,13605,Trolls Trollercoaster,False,0
2026-07-31T06:30:15+00:00,Hollywood,5990,E.T. Adventure™,False,0
2026-07-31T06:30:15+00:00,Illumination's Minion Land,5984,Despicable Me Minion Mayhem™,False,0
2026-07-31T06:30:15+00:00,Illumination's Minion Land,12107,Illumination's Villain-Con Minion Blast,False,0
2026-07-31T06:30:15+00:00,New York,6018,Race Through New York Starring Jimmy Fallon™,False,0
2026-07-31T06:30:15+00:00,New York,6000,Revenge of the Mummy™,False,0
2026-07-31T06:30:15+00:00,New York,13110,Revenge of the Mummy™ Single Rider,True,0
2026-07-31T06:30:15+00:00,Production Central,6006,TRANSFORMERS™ The Ride-3D,False,0
2026-07-31T06:30:15+00:00,San Francisco,6038,Fast & Furious - Supercharged™,False,0
2026-07-31T06:30:15+00:00,San Francisco,14866,Fast & Furious - Supercharged™ Single Rider,True,0
2026-07-31T06:30:15+00:00,The Wizarding World of Harry Potter - Diagon Alley,6014,Harry Potter and the Escape from Gringotts™,False,0
2026-07-31T06:30:15+00:00,The Wizarding World of Harry Potter - Diagon Alley,15416,Harry Potter and the Escape from Gringotts™ Single Rider,True,0
2026-07-31T06:30:15+00:00,The Wizarding World of Harry Potter - Diagon Alley,6016,Hogwarts Express™ - King's Cross Station,False,0
2026-07-31T06:30:15+00:00,The Wizarding World of Harry Potter - Diagon Alley,13849,Hogwarts™ Express - First Train,False,0
2026-07-31T06:30:15+00:00,The Wizarding World of Harry Potter - Diagon Alley,13850,Hogwarts™ Express - Last Train,False,0
2026-07-31T06:30:15+00:00,The Wizarding World of Harry Potter - Diagon Alley,13100,Ollivanders™ Experience in Diagon Alley™,True,5
2026-07-31T06:30:15+00:00,World Expo,5995,Kang & Kodos' Twirl 'n' Hurl,False,0
2026-07-31T06:30:15+00:00,World Expo,5996,MEN IN BLACK™ Alien Attack!™,False,0
2026-07-31T06:30:15+00:00,World Expo,14517,MEN IN BLACK™ Alien Attack!™ Single Rider,True,0
2026-07-31T06:30:15+00:00,World Expo,6005,The Simpsons Ride™,False,0
2026-07-31T06:35:10+00:00,DreamWorks Land,13605,Trolls Trollercoaster,False,0
2026-07-31T06:35:10+00:00,Hollywood,5990,E.T. Adventure™,False,0
2026-07-31T06:35:10+00:00,Illumination's Minion Land,5984,Despicable Me Minion Mayhem™,False,0
2026-07-31T06:35:10+00:00,Illumination's Minion Land,12107,Illumination's Villain-Con Minion Blast,False,0
2026-07-31T06:35:10+00:00,New York,6018,Race Through New York Starring Jimmy Fallon™,False,0
2026-07-31T06:35:10+00:00,New York,6000,Revenge of the Mummy™,False,0
2026-07-31T06:35:10+00:00,New York,13110,Revenge of the Mummy™ Single Rider,True,0
2026-07-31T06:35:10+00:00,Production Central,6006,TRANSFORMERS™ The Ride-3D,False,0
2026-07-31T06:35:10+00:00,San Francisco,6038,Fast & Furious - Supercharged™,False,0
2026-07-31T06:35:10+00:00,San Francisco,14866,Fast & Furious - Supercharged™ Single Rider,True,0
2026-07-31T06:35:10+00:00,The Wizarding World of Harry Potter - Diagon Alley,6014,Harry Potter and the Escape from Gringotts™,False,0
2026-07-31T06:35:10+00:00,The Wizarding World of Harry Potter - Diagon Alley,15416,Harry Potter and the Escape from Gringotts™ Single Rider,True,0
2026-07-31T06:35:10+00:00,The Wizarding World of Harry Potter - Diagon Alley,6016,Hogwarts Express™ - King's Cross Station,False,0
2026-07-31T06:35:10+00:00,The Wizarding World of Harry Potter - Diagon Alley,13849,Hogwarts™ Express - First Train,False,0
2026-07-31T06:35:10+00:00,The Wizarding World of Harry Potter - Diagon Alley,13850,Hogwarts™ Express - Last Train,False,0
2026-07-31T06:35:10+00:00,The Wizarding World of Harry Potter - Diagon Alley,13100,Ollivanders™ Experience in Diagon Alley™,True,5
2026-07-31T06:35:10+00:00,World Expo,5995,Kang & Kodos' Twirl 'n' Hurl,False,0
2026-07-31T06:35:10+00:00,World Expo,5996,MEN IN BLACK™ Alien Attack!™,False,0
2026-07-31T06:35:10+00:00,World Expo,14517,MEN IN BLACK™ Alien Attack!™ Single Rider,True,0
2026-07-31T06:35:10+00:00,World Expo,6005,The Simpsons Ride™,False,0
2026-07-31T06:40:18+00:00,DreamWorks Land,13605,Trolls Trollercoaster,False,0
2026-07-31T06:40:18+00:00,Hollywood,5990,E.T. Adventure™,False,0
2026-07-31T06:40:18+00:00,Illumination's Minion Land,5984,Despicable Me Minion Mayhem™,False,0
2026-07-31T06:40:18+00:00,Illumination's Minion Land,12107,Illumination's Villain-Con Minion Blast,False,0
2026-07-31T06:40:18+00:00,New York,6018,Race Through New York Starring Jimmy Fallon™,False,0
2026-07-31T06:40:18+00:00,New York,6000,Revenge of the Mummy™,False,0
2026-07-31T06:40:18+00:00,New York,13110,Revenge of the Mummy™ Single Rider,True,0
2026-07-31T06:40:18+00:00,Production Central,6006,TRANSFORMERS™ The Ride-3D,False,0
2026-07-31T06:40:18+00:00,San Francisco,6038,Fast & Furious - Supercharged™,False,0
2026-07-31T06:40:18+00:00,San Francisco,14866,Fast & Furious - Supercharged™ Single Rider,True,0
2026-07-31T06:40:18+00:00,The Wizarding World of Harry Potter - Diagon Alley,6014,Harry Potter and the Escape from Gringotts™,False,0
2026-07-31T06:40:18+00:00,The Wizarding World of Harry Potter - Diagon Alley,15416,Harry Potter and the Escape from Gringotts™ Single Rider,True,0
2026-07-31T06:40:18+00:00,The Wizarding World of Harry Potter - Diagon Alley,6016,Hogwarts Express™ - King's Cross Station,False,0
2026-07-31T06:40:18+00:00,The Wizarding World of Harry Potter - Diagon Alley,13849,Hogwarts™ Express - First Train,False,0
2026-07-31T06:40:18+00:00,The Wizarding World of Harry Potter - Diagon Alley,13850,Hogwarts™ Express - Last Train,False,0
2026-07-31T06:40:18+00:00,The Wizarding World of Harry Potter - Diagon Alley,13100,Ollivanders™ Experience in Diagon Alley™,True,5
2026-07-31T06:40:18+00:00,World Expo,5995,Kang & Kodos' Twirl 'n' Hurl,False,0
2026-07-31T06:40:18+00:00,World Expo,5996,MEN IN BLACK™ Alien Attack!™,False,0
2026-07-31T06:40:18+00:00,World Expo,14517,MEN IN BLACK™ Alien Attack!™ Single Rider,True,0
2026-07-31T06:40:18+00:00,World Expo,6005,The Simpsons Ride™,False,0
2026-07-31T06:45:13+00:00,DreamWorks Land,13605,Trolls Trollercoaster,False,0
2026-07-31T06:45:13+00:00,Hollywood,5990,E.T. Adventure™,False,0
2026-07-31T06:45:13+00:00,Illumination's Minion Land,5984,Despicable Me Minion Mayhem™,False,0
2026-07-31T06:45:13+00:00,Illumination's Minion Land,12107,Illumination's Villain-Con Minion Blast,False,0
2026-07-31T06:45:13+00:00,New York,6018,Race Through New York Starring Jimmy Fallon™,False,0
2026-07-31T06:45:13+00:00,New York,6000,Revenge of the Mummy™,False,0
2026-07-31T06:45:13+00:00,New York,13110,Revenge of the Mummy™ Single Rider,True,0
2026-07-31T06:45:13+00:00,Production Central,6006,TRANSFORMERS™ The Ride-3D,False,0
2026-07-31T06:45:13+00:00,San Francisco,6038,Fast & Furious - Supercharged™,False,0
2026-07-31T06:45:13+00:00,San Francisco,14866,Fast & Furious - Supercharged™ Single Rider,True,0
2026-07-31T06:45:13+00:00,The Wizarding World of Harry Potter - Diagon Alley,6014,Harry Potter and the Escape from Gringotts™,False,0
2026-07-31T06:45:13+00:00,The Wizarding World of Harry Potter - Diagon Alley,15416,Harry Potter and the Escape from Gringotts™ Single Rider,True,0
2026-07-31T06:45:13+00:00,The Wizarding World of Harry Potter - Diagon Alley,6016,Hogwarts Express™ - King's Cross Station,False,0
2026-07-31T06:45:13+00:00,The Wizarding World of Harry Potter - Diagon Alley,13849,Hogwarts™ Express - First Train,False,0
2026-07-31T06:45:13+00:00,The Wizarding World of Harry Potter - Diagon Alley,13850,Hogwarts™ Express - Last Train,False,0
2026-07-31T06:45:13+00:00,The Wizarding World of Harry Potter - Diagon Alley,13100,Ollivanders™ Experience in Diagon Alley™,True,5
2026-07-31T06:45:13+00:00,World Expo,5995,Kang & Kodos' Twirl 'n' Hurl,False,0
2026-07-31T06:45:13+00:00,World Expo,5996,MEN IN BLACK™ Alien Attack!™,False,0
2026-07-31T06:45:13+00:00,World Expo,14517,MEN IN BLACK™ Alien Attack!™ Single Rider,True,0
2026-07-31T06:45:13+00:00,World Expo,6005,The Simpsons Ride™,False,0
2026-07-31T06:50:15+00:00,DreamWorks Land,13605,Trolls Trollercoaster,False,0
2026-07-31T06:50:15+00:00,Hollywood,5990,E.T. Adventure™,False,0
2026-07-31T06:50:15+00:00,Illumination's Minion Land,5984,Despicable Me Minion Mayhem™,False,0
2026-07-31T06:50:15+00:00,Illumination's Minion Land,12107,Illumination's Villain-Con Minion Blast,False,0
2026-07-31T06:50:15+00:00,New York,6018,Race Through New York Starring Jimmy Fallon™,False,0
2026-07-31T06:50:15+00:00,New York,6000,Revenge of the Mummy™,False,0
2026-07-31T06:50:15+00:00,New York,13110,Revenge of the Mummy™ Single Rider,True,0
2026-07-31T06:50:15+00:00,Production Central,6006,TRANSFORMERS™ The Ride-3D,False,0
2026-07-31T06:50:15+00:00,San Francisco,6038,Fast & Furious - Supercharged™,False,0
2026-07-31T06:50:15+00:00,San Francisco,14866,Fast & Furious - Supercharged™ Single Rider,True,0
2026-07-31T06:50:15+00:00,The Wizarding World of Harry Potter - Diagon Alley,6014,Harry Potter and the Escape from Gringotts™,False,0
2026-07-31T06:50:15+00:00,The Wizarding World of Harry Potter - Diagon Alley,15416,Harry Potter and the Escape from Gringotts™ Single Rider,True,0
2026-07-31T06:50:15+00:00,The Wizarding World of Harry Potter - Diagon Alley,6016,Hogwarts Express™ - King's Cross Station,False,0
2026-07-31T06:50:15+00:00,The Wizarding World of Harry Potter - Diagon Alley,13849,Hogwarts™ Express - First Train,False,0
2026-07-31T06:50:15+00:00,The Wizarding World of Harry Potter - Diagon Alley,13850,Hogwarts™ Express - Last Train,False,0
2026-07-31T06:50:15+00:00,The Wizarding World of Harry Potter - Diagon Alley,13100,Ollivanders™ Experience in Diagon Alley™,True,5
2026-07-31T06:50:15+00:00,World Expo,5995,Kang & Kodos' Twirl 'n' Hurl,False,0
2026-07-31T06:50:15+00:00,World Expo,5996,MEN IN BLACK™ Alien Attack!™,False,0
2026-07-31T06:50:15+00:00,World Expo,14517,MEN IN BLACK™ Alien Attack!™ Single Rider,True,0
2026-07-31T06:50:15+00:00,World Expo,6005,The Simpsons Ride™,False,0
2026-07-31T06:55:12+00:00,DreamWorks Land,13605,Trolls Trollercoaster,False,0
2026-07-31T06:55:12+00:00,Hollywood,5990,E.T. Adventure™,False,0
2026-07-31T06:55:12+00:00,Illumination's Minion Land,5984,Despicable Me Minion Mayhem™,False,0
2026-07-31T06:55:12+00:00,Illumination's Minion Land,12107,Illumination's Villain-Con Minion Blast,False,0
2026-07-31T06:55:12+00:00,New York,6018,Race Through New York Starring Jimmy Fallon™,False,0
2026-07-31T06:55:12+00:00,New York,6000,Revenge of the Mummy™,False,0
2026-07-31T06:55:12+00:00,New York,13110,Revenge of the Mummy™ Single Rider,True,0
2026-07-31T06:55:12+00:00,Production Central,6006,TRANSFORMERS™ The Ride-3D,False,0
2026-07-31T06:55:12+00:00,San Francisco,6038,Fast & Furious - Supercharged™,False,0
2026-07-31T06:55:12+00:00,San Francisco,14866,Fast & Furious - Supercharged™ Single Rider,True,0
2026-07-31T06:55:12+00:00,The Wizarding World of Harry Potter - Diagon Alley,6014,Harry Potter and the Escape from Gringotts™,False,0
2026-07-31T06:55:12+00:00,The Wizarding World of Harry Potter - Diagon Alley,15416,Harry Potter and the Escape from Gringotts™ Single Rider,True,0
2026-07-31T06:55:12+00:00,The Wizarding World of Harry Potter - Diagon Alley,6016,Hogwarts Express™ - King's Cross Station,False,0
2026-07-31T06:55:12+00:00,The Wizarding World of Harry Potter - Diagon Alley,13849,Hogwarts™ Express - First Train,False,0
2026-07-31T06:55:12+00:00,The Wizarding World of Harry Potter - Diagon Alley,13850,Hogwarts™ Express - Last Train,False,0
2026-07-31T06:55:12+00:00,The Wizarding World of Harry Potter - Diagon Alley,13100,Ollivanders™ Experience in Diagon Alley™,True,5
2026-07-31T06:55:12+00:00,World Expo,5995,Kang & Kodos' Twirl 'n' Hurl,False,0
2026-07-31T06:55:12+00:00,World Expo,5996,MEN IN BLACK™ Alien Attack!™,False,0
2026-07-31T06:55:12+00:00,World Expo,14517,MEN IN BLACK™ Alien Attack!™ Single Rider,True,0
2026-07-31T06:55:12+00:00,World Expo,6005,The Simpsons Ride™,False,0
2026-07-31T07:00:19+00:00,DreamWorks Land,13605,Trolls Trollercoaster,False,0
2026-07-31T07:00:19+00:00,Hollywood,5990,E.T. Adventure™,False,0
2026-07-31T07:00:19+00:00,Illumination's Minion Land,5984,Despicable Me Minion Mayhem™,False,0
2026-07-31T07:00:19+00:00,Illumination's Minion Land,12107,Illumination's Villain-Con Minion Blast,False,0
2026-07-31T07:00:19+00:00,New York,6018,Race Through New York Starring Jimmy Fallon™,False,0
2026-07-31T07:00:19+00:00,New York,6000,Revenge of the Mummy™,False,0
2026-07-31T07:00:19+00:00,New York,13110,Revenge of the Mummy™ Single Rider,True,0
2026-07-31T07:00:19+00:00,Production Central,6006,TRANSFORMERS™ The Ride-3D,False,0
2026-07-31T07:00:19+00:00,San Francisco,6038,Fast & Furious - Supercharged™,False,0
2026-07-31T07:00:19+00:00,San Francisco,14866,Fast & Furious - Supercharged™ Single Rider,True,0
2026-07-31T07:00:19+00:00,The Wizarding World of Harry Potter - Diagon Alley,6014,Harry Potter and the Escape from Gringotts™,False,0
2026-07-31T07:00:19+00:00,The Wizarding World of Harry Potter - Diagon Alley,15416,Harry Potter and the Escape from Gringotts™ Single Rider,True,0
2026-07-31T07:00:19+00:00,The Wizarding World of Harry Potter - Diagon Alley,6016,Hogwarts Express™ - King's Cross Station,False,0
2026-07-31T07:00:19+00:00,The Wizarding World of Harry Potter - Diagon Alley,13849,Hogwarts™ Express - First Train,False,0
2026-07-31T07:00:19+00:00,The Wizarding World of Harry Potter - Diagon Alley,13850,Hogwarts™ Express - Last Train,False,0
2026-07-31T07:00:19+00:00,The Wizarding World of Harry Potter - Diagon Alley,13100,Ollivanders™ Experience in Diagon Alley™,True,5
2026-07-31T07:00:19+00:00,World Expo,5995,Kang & Kodos' Twirl 'n' Hurl,False,0
2026-07-31T07:00:19+00:00,World Expo,5996,MEN IN BLACK™ Alien Attack!™,False,0
2026-07-31T07:00:19+00:00,World Expo,14517,MEN IN BLACK™ Alien Attack!™ Single Rider,True,0
2026-07-31T07:00:19+00:00,World Expo,6005,The Simpsons Ride™,False,0
2026-07-31T07:05:12+00:00,DreamWorks Land,13605,Trolls Trollercoaster,False,0
2026-07-31T07:05:12+00:00,Hollywood,5990,E.T. Adventure™,False,0
2026-07-31T07:05:12+00:00,Illumination's Minion Land,5984,Despicable Me Minion Mayhem™,False,0
2026-07-31T07:05:12+00:00,Illumination's Minion Land,12107,Illumination's Villain-Con Minion Blast,False,0
2026-07-31T07:05:12+00:00,New York,6018,Race Through New York Starring Jimmy Fallon™,False,0
2026-07-31T07:05:12+00:00,New York,6000,Revenge of the Mummy™,False,0
2026-07-31T07:05:12+00:00,New York,13110,Revenge of the Mummy™ Single Rider,True,0
2026-07-31T07:05:12+00:00,Production Central,6006,TRANSFORMERS™ The Ride-3D,False,0
2026-07-31T07:05:12+00:00,San Francisco,6038,Fast & Furious - Supercharged™,False,0
2026-07-31T07:05:12+00:00,San Francisco,14866,Fast & Furious - Supercharged™ Single Rider,True,0
2026-07-31T07:05:12+00:00,The Wizarding World of Harry Potter - Diagon Alley,6014,Harry Potter and the Escape from Gringotts™,False,0
2026-07-31T07:05:12+00:00,The Wizarding World of Harry Potter - Diagon Alley,15416,Harry Potter and the Escape from Gringotts™ Single Rider,True,0
2026-07-31T07:05:12+00:00,The Wizarding World of Harry Potter - Diagon Alley,6016,Hogwarts Express™ - King's Cross Station,False,0
2026-07-31T07:05:12+00:00,The Wizarding World of Harry Potter - Diagon Alley,13849,Hogwarts™ Express - First Train,False,0
2026-07-31T07:05:12+00:00,The Wizarding World of Harry Potter - Diagon Alley,13850,Hogwarts™ Express - Last Train,False,0
2026-07-31T07:05:12+00:00,The Wizarding World of Harry Potter - Diagon Alley,13100,Ollivanders™ Experience in Diagon Alley™,True,5
2026-07-31T07:05:12+00:00,World Expo,5995,Kang & Kodos' Twirl 'n' Hurl,False,0
2026-07-31T07:05:12+00:00,World Expo,5996,MEN IN BLACK™ Alien Attack!™,False,0
2026-07-31T07:05:12+00:00,World Expo,14517,MEN IN BLACK™ Alien Attack!™ Single Rider,True,0
2026-07-31T07:05:12+00:00,World Expo,6005,The Simpsons Ride™,False,0
2026-07-31T07:10:15+00:00,DreamWorks Land,13605,Trolls Trollercoaster,False,0
2026-07-31T07:10:15+00:00,Hollywood,5990,E.T. Adventure™,False,0
2026-07-31T07:10:15+00:00,Illumination's Minion Land,5984,Despicable Me Minion Mayhem™,False,0
2026-07-31T07:10:15+00:00,Illumination's Minion Land,12107,Illumination's Villain-Con Minion Blast,False,0
2026-07-31T07:10:15+00:00,New York,6018,Race Through New York Starring Jimmy Fallon™,False,0
2026-07-31T07:10:15+00:00,New York,6000,Revenge of the Mummy™,False,0
2026-07-31T07:10:15+00:00,New York,13110,Revenge of the Mummy™ Single Rider,True,0
2026-07-31T07:10:15+00:00,Production Central,6006,TRANSFORMERS™ The Ride-3D,False,0
2026-07-31T07:10:15+00:00,San Francisco,6038,Fast & Furious - Supercharged™,False,0
2026-07-31T07:10:15+00:00,San Francisco,14866,Fast & Furious - Supercharged™ Single Rider,True,0
2026-07-31T07:10:15+00:00,The Wizarding World of Harry Potter - Diagon Alley,6014,Harry Potter and the Escape from Gringotts™,False,0
2026-07-31T07:10:15+00:00,The Wizarding World of Harry Potter - Diagon Alley,15416,Harry Potter and the Escape from Gringotts™ Single Rider,True,0
2026-07-31T07:10:15+00:00,The Wizarding World of Harry Potter - Diagon Alley,6016,Hogwarts Express™ - King's Cross Station,False,0
2026-07-31T07:10:15+00:00,The Wizarding World of Harry Potter - Diagon Alley,13849,Hogwarts™ Express - First Train,False,0
2026-07-31T07:10:15+00:00,The Wizarding World of Harry Potter - Diagon Alley,13850,Hogwarts™ Express - Last Train,False,0
2026-07-31T07:10:15+00:00,The Wizarding World of Harry Potter - Diagon Alley,13100,Ollivanders™ Experience in Diagon Alley™,True,5
2026-07-31T07:10:15+00:00,World Expo,5995,Kang & Kodos' Twirl 'n' Hurl,False,0
2026-07-31T07:10:15+00:00,World Expo,5996,MEN IN BLACK™ Alien Attack!™,False,0
2026-07-31T07:10:15+00:00,World Expo,14517,MEN IN BLACK™ Alien Attack!™ Single Rider,True,0
2026-07-31T07:10:15+00:00,World Expo,6005,The Simpsons Ride™,False,0
2026-07-31T07:15:12+00:00,DreamWorks Land,13605,Trolls Trollercoaster,False,0
2026-07-31T07:15:12+00:00,Hollywood,5990,E.T. Adventure™,False,0
2026-07-31T07:15:12+00:00,Illumination's Minion Land,5984,Despicable Me Minion Mayhem™,False,0
2026-07-31T07:15:12+00:00,Illumination's Minion Land,12107,Illumination's Villain-Con Minion Blast,False,0
2026-07-31T07:15:12+00:00,New York,6018,Race Through New York Starring Jimmy Fallon™,False,0
2026-07-31T07:15:12+00:00,New York,6000,Revenge of the Mummy™,False,0
2026-07-31T07:15:12+00:00,New York,13110,Revenge of the Mummy™ Single Rider,True,0
2026-07-31T07:15:12+00:00,Production Central,6006,TRANSFORMERS™ The Ride-3D,False,0
2026-07-31T07:15:12+00:00,San Francisco,6038,Fast & Furious - Supercharged™,False,0
2026-07-31T07:15:12+00:00,San Francisco,14866,Fast & Furious - Supercharged™ Single Rider,True,0
2026-07-31T07:15:12+00:00,The Wizarding World of Harry Potter - Diagon Alley,6014,Harry Potter and the Escape from Gringotts™,False,0
2026-07-31T07:15:12+00:00,The Wizarding World of Harry Potter - Diagon Alley,15416,Harry Potter and the Escape from Gringotts™ Single Rider,True,0
2026-07-31T07:15:12+00:00,The Wizarding World of Harry Potter - Diagon Alley,6016,Hogwarts Express™ - King's Cross Station,False,0
2026-07-31T07:15:12+00:00,The Wizarding World of Harry Potter - Diagon Alley,13849,Hogwarts™ Express - First Train,False,0
2026-07-31T07:15:12+00:00,The Wizarding World of Harry Potter - Diagon Alley,13850,Hogwarts™ Express - Last Train,False,0
2026-07-31T07:15:12+00:00,The Wizarding World of Harry Potter - Diagon Alley,13100,Ollivanders™ Experience in Diagon Alley™,True,5
2026-07-31T07:15:12+00:00,World Expo,5995,Kang & Kodos' Twirl 'n' Hurl,False,0
2026-07-31T07:15:12+00:00,World Expo,5996,MEN IN BLACK™ Alien Attack!™,False,0
2026-07-31T07:15:12+00:00,World Expo,14517,MEN IN BLACK™ Alien Attack!™ Single Rider,True,0
2026-07-31T07:15:12+00:00,World Expo,6005,The Simpsons Ride™,False,0
2026-07-31T07:20:15+00:00,DreamWorks Land,13605,Trolls Trollercoaster,False,0
2026-07-31T07:20:15+00:00,Hollywood,5990,E.T. Adventure™,False,0
2026-07-31T07:20:15+00:00,Illumination's Minion Land,5984,Despicable Me Minion Mayhem™,False,0
2026-07-31T07:20:15+00:00,Illumination's Minion Land,12107,Illumination's Villain-Con Minion Blast,False,0
2026-07-31T07:20:15+00:00,New York,6018,Race Through New York Starring Jimmy Fallon™,False,0
2026-07-31T07:20:15+00:00,New York,6000,Revenge of the Mummy™,False,0
2026-07-31T07:20:15+00:00,New York,13110,Revenge of the Mummy™ Single Rider,True,0
2026-07-31T07:20:15+00:00,Production Central,6006,TRANSFORMERS™ The Ride-3D,False,0
2026-07-31T07:20:15+00:00,San Francisco,6038,Fast & Furious - Supercharged™,False,0
2026-07-31T07:20:15+00:00,San Francisco,14866,Fast & Furious - Supercharged™ Single Rider,True,0
2026-07-31T07:20:15+00:00,The Wizarding World of Harry Potter - Diagon Alley,6014,Harry Potter and the Escape from Gringotts™,False,0
2026-07-31T07:20:15+00:00,The Wizarding World of Harry Potter - Diagon Alley,15416,Harry Potter and the Escape from Gringotts™ Single Rider,True,0
2026-07-31T07:20:15+00:00,The Wizarding World of Harry Potter - Diagon Alley,6016,Hogwarts Express™ - King's Cross Station,False,0
2026-07-31T07:20:15+00:00,The Wizarding World of Harry Potter - Diagon Alley,13849,Hogwarts™ Express - First Train,False,0
2026-07-31T07:20:15+00:00,The Wizarding World of Harry Potter - Diagon Alley,13850,Hogwarts™ Express - Last Train,False,0
2026-07-31T07:20:15+00:00,The Wizarding World of Harry Potter - Diagon Alley,13100,Ollivanders™ Experience in Diagon Alley™,True,5
2026-07-31T07:20:15+00:00,World Expo,5995,Kang & Kodos' Twirl 'n' Hurl,False,0
2026-07-31T07:20:15+00:00,World Expo,5996,MEN IN BLACK™ Alien Attack!™,False,0
2026-07-31T07:20:15+00:00,World Expo,14517,MEN IN BLACK™ Alien Attack!™ Single Rider,True,0
2026-07-31T07:20:15+00:00,World Expo,6005,The Simpsons Ride™,False,0
2026-07-31T07:25:12+00:00,DreamWorks Land,13605,Trolls Trollercoaster,False,0
2026-07-31T07:25:12+00:00,Hollywood,5990,E.T. Adventure™,False,0
2026-07-31T07:25:12+00:00,Illumination's Minion Land,5984,Despicable Me Minion Mayhem™,False,0
2026-07-31T07:25:12+00:00,Illumination's Minion Land,12107,Illumination's Villain-Con Minion Blast,False,0
2026-07-31T07:25:12+00:00,New York,6018,Race Through New York Starring Jimmy Fallon™,False,0
2026-07-31T07:25:12+00:00,New York,6000,Revenge of the Mummy™,False,0
2026-07-31T07:25:12+00:00,New York,13110,Revenge of the Mummy™ Single Rider,True,0
2026-07-31T07:25:12+00:00,Production Central,6006,TRANSFORMERS™ The Ride-3D,False,0
2026-07-31T07:25:12+00:00,San Francisco,6038,Fast & Furious - Supercharged™,False,0
2026-07-31T07:25:12+00:00,San Francisco,14866,Fast & Furious - Supercharged™ Single Rider,True,0
2026-07-31T07:25:12+00:00,The Wizarding World of Harry Potter - Diagon Alley,6014,Harry Potter and the Escape from Gringotts™,False,0
2026-07-31T07:25:12+00:00,The Wizarding World of Harry Potter - Diagon Alley,15416,Harry Potter and the Escape from Gringotts™ Single Rider,True,0
2026-07-31T07:25:12+00:00,The Wizarding World of Harry Potter - Diagon Alley,6016,Hogwarts Express™ - King's Cross Station,False,0
2026-07-31T07:25:12+00:00,The Wizarding World of Harry Potter - Diagon Alley,13849,Hogwarts™ Express - First Train,False,0
2026-07-31T07:25:12+00:00,The Wizarding World of Harry Potter - Diagon Alley,13850,Hogwarts™ Express - Last Train,False,0
2026-07-31T07:25:12+00:00,The Wizarding World of Harry Potter - Diagon Alley,13100,Ollivanders™ Experience in Diagon Alley™,True,5
2026-07-31T07:25:12+00:00,World Expo,5995,Kang & Kodos' Twirl 'n' Hurl,False,0
2026-07-31T07:25:12+00:00,World Expo,5996,MEN IN BLACK™ Alien Attack!™,False,0
2026-07-31T07:25:12+00:00,World Expo,14517,MEN IN BLACK™ Alien Attack!™ Single Rider,True,0
2026-07-31T07:25:12+00:00,World Expo,6005,The Simpsons Ride™,False,0
2026-07-31T07:30:26+00:00,DreamWorks Land,13605,Trolls Trollercoaster,False,0
2026-07-31T07:30:26+00:00,Hollywood,5990,E.T. Adventure™,False,0
2026-07-31T07:30:26+00:00,Illumination's Minion Land,5984,Despicable Me Minion Mayhem™,False,0
2026-07-31T07:30:26+00:00,Illumination's Minion Land,12107,Illumination's Villain-Con Minion Blast,False,0
2026-07-31T07:30:26+00:00,New York,6018,Race Through New York Starring Jimmy Fallon™,False,0
2026-07-31T07:30:26+00:00,New York,6000,Revenge of the Mummy™,False,0
2026-07-31T07:30:26+00:00,New York,13110,Revenge of the Mummy™ Single Rider,True,0
2026-07-31T07:30:26+00:00,Production Central,6006,TRANSFORMERS™ The Ride-3D,False,0
2026-07-31T07:30:26+00:00,San Francisco,6038,Fast & Furious - Supercharged™,False,0
2026-07-31T07:30:26+00:00,San Francisco,14866,Fast & Furious - Supercharged™ Single Rider,True,0
2026-07-31T07:30:26+00:00,The Wizarding World of Harry Potter - Diagon Alley,6014,Harry Potter and the Escape from Gringotts™,False,0
2026-07-31T07:30:26+00:00,The Wizarding World of Harry Potter - Diagon Alley,15416,Harry Potter and the Escape from Gringotts™ Single Rider,True,0
2026-07-31T07:30:26+00:00,The Wizarding World of Harry Potter - Diagon Alley,6016,Hogwarts Express™ - King's Cross Station,False,0
2026-07-31T07:30:26+00:00,The Wizarding World of Harry Potter - Diagon Alley,13849,Hogwarts™ Express - First Train,False,0
2026-07-31T07:30:26+00:00,The Wizarding World of Harry Potter - Diagon Alley,13850,Hogwarts™ Express - Last Train,False,0
2026-07-31T07:30:26+00:00,The Wizarding World of Harry Potter - Diagon Alley,13100,Ollivanders™ Experience in Diagon Alley™,True,5
2026-07-31T07:30:26+00:00,World Expo,5995,Kang & Kodos' Twirl 'n' Hurl,False,0
2026-07-31T07:30:26+00:00,World Expo,5996,MEN IN BLACK™ Alien Attack!™,False,0
2026-07-31T07:30:26+00:00,World Expo,14517,MEN IN BLACK™ Alien Attack!™ Single Rider,True,0
2026-07-31T07:30:26+00:00,World Expo,6005,The Simpsons Ride™,False,0
2026-07-31T07:35:13+00:00,DreamWorks Land,13605,Trolls Trollercoaster,False,0
2026-07-31T07:35:13+00:00,Hollywood,5990,E.T. Adventure™,False,0
2026-07-31T07:35:13+00:00,Illumination's Minion Land,5984,Despicable Me Minion Mayhem™,False,0
2026-07-31T07:35:13+00:00,Illumination's Minion Land,12107,Illumination's Villain-Con Minion Blast,False,0
2026-07-31T07:35:13+00:00,New York,6018,Race Through New York Starring Jimmy Fallon™,False,0
2026-07-31T07:35:13+00:00,New York,6000,Revenge of the Mummy™,False,0
2026-07-31T07:35:13+00:00,New York,13110,Revenge of the Mummy™ Single Rider,True,0
2026-07-31T07:35:13+00:00,Production Central,6006,TRANSFORMERS™ The Ride-3D,False,0
2026-07-31T07:35:13+00:00,San Francisco,6038,Fast & Furious - Supercharged™,False,0
2026-07-31T07:35:13+00:00,San Francisco,14866,Fast & Furious - Supercharged™ Single Rider,True,0
2026-07-31T07:35:13+00:00,The Wizarding World of Harry Potter - Diagon Alley,6014,Harry Potter and the Escape from Gringotts™,False,0
2026-07-31T07:35:13+00:00,The Wizarding World of Harry Potter - Diagon Alley,15416,Harry Potter and the Escape from Gringotts™ Single Rider,True,0
2026-07-31T07:35:13+00:00,The Wizarding World of Harry Potter - Diagon Alley,6016,Hogwarts Express™ - King's Cross Station,False,0
2026-07-31T07:35:13+00:00,The Wizarding World of Harry Potter - Diagon Alley,13849,Hogwarts™ Express - First Train,False,0
2026-07-31T07:35:13+00:00,The Wizarding World of Harry Potter - Diagon Alley,13850,Hogwarts™ Express - Last Train,False,0
2026-07-31T07:35:13+00:00,The Wizarding World of Harry Potter - Diagon Alley,13100,Ollivanders™ Experience in Diagon Alley™,True,5
2026-07-31T07:35:13+00:00,World Expo,5995,Kang & Kodos' Twirl 'n' Hurl,False,0
2026-07-31T07:35:13+00:00,World Expo,5996,MEN IN BLACK™ Alien Attack!™,False,0
2026-07-31T07:35:13+00:00,World Expo,14517,MEN IN BLACK™ Alien Attack!™ Single Rider,True,0
2026-07-31T07:35:13+00:00,World Expo,6005,The Simpsons Ride™,False,0
2026-07-31T07:40:13+00:00,DreamWorks Land,13605,Trolls Trollercoaster,False,0
2026-07-31T07:40:13+00:00,Hollywood,5990,E.T. Adventure™,False,0
2026-07-31T07:40:13+00:00,Illumination's Minion Land,5984,Despicable Me Minion Mayhem™,False,0
2026-07-31T07:40:13+00:00,Illumination's Minion Land,12107,Illumination's Villain-Con Minion Blast,False,0
2026-07-31T07:40:13+00:00,New York,6018,Race Through New York Starring Jimmy Fallon™,False,0
2026-07-31T07:40:13+00:00,New York,6000,Revenge of the Mummy™,False,0
2026-07-31T07:40:13+00:00,New York,13110,Revenge of the Mummy™ Single Rider,True,0
2026-07-31T07:40:13+00:00,Production Central,6006,TRANSFORMERS™ The Ride-3D,False,0
2026-07-31T07:40:13+00:00,San Francisco,6038,Fast & Furious - Supercharged™,False,0
2026-07-31T07:40:13+00:00,San Francisco,14866,Fast & Furious - Supercharged™ Single Rider,True,0
2026-07-31T07:40:13+00:00,The Wizarding World of Harry Potter - Diagon Alley,6014,Harry Potter and the Escape from Gringotts™,False,0
2026-07-31T07:40:13+00:00,The Wizarding World of Harry Potter - Diagon Alley,15416,Harry Potter and the Escape from Gringotts™ Single Rider,True,0
2026-07-31T07:40:13+00:00,The Wizarding World of Harry Potter - Diagon Alley,6016,Hogwarts Express™ - King's Cross Station,False,0
2026-07-31T07:40:13+00:00,The Wizarding World of Harry Potter - Diagon Alley,13849,Hogwarts™ Express - First Train,False,0
2026-07-31T07:40:13+00:00,The Wizarding World of Harry Potter - Diagon Alley,13850,Hogwarts™ Express - Last Train,False,0
2026-07-31T07:40:13+00:00,The Wizarding World of Harry Potter - Diagon Alley,13100,Ollivanders™ Experience in Diagon Alley™,True,5
2026-07-31T07:40:13+00:00,World Expo,5995,Kang & Kodos' Twirl 'n' Hurl,False,0
2026-07-31T07:40:13+00:00,World Expo,5996,MEN IN BLACK™ Alien Attack!™,False,0
2026-07-31T07:40:13+00:00,World Expo,14517,MEN IN BLACK™ Alien Attack!™ Single Rider,True,0
2026-07-31T07:40:13+00:00,World Expo,6005,The Simpsons Ride™,False,0
2026-07-31T07:45:13+00:00,DreamWorks Land,13605,Trolls Trollercoaster,False,0
2026-07-31T07:45:13+00:00,Hollywood,5990,E.T. Adventure™,False,0
2026-07-31T07:45:13+00:00,Illumination's Minion Land,5984,Despicable Me Minion Mayhem™,False,0
2026-07-31T07:45:13+00:00,Illumination's Minion Land,12107,Illumination's Villain-Con Minion Blast,False,0
2026-07-31T07:45:13+00:00,New York,6018,Race Through New York Starring Jimmy Fallon™,False,0
2026-07-31T07:45:13+00:00,New York,6000,Revenge of the Mummy™,False,0
2026-07-31T07:45:13+00:00,New York,13110,Revenge of the Mummy™ Single Rider,True,0
2026-07-31T07:45:13+00:00,Production Central,6006,TRANSFORMERS™ The Ride-3D,False,0
2026-07-31T07:45:13+00:00,San Francisco,6038,Fast & Furious - Supercharged™,False,0
2026-07-31T07:45:13+00:00,San Francisco,14866,Fast & Furious - Supercharged™ Single Rider,True,0
2026-07-31T07:45:13+00:00,The Wizarding World of Harry Potter - Diagon Alley,6014,Harry Potter and the Escape from Gringotts™,False,0
2026-07-31T07:45:13+00:00,The Wizarding World of Harry Potter - Diagon Alley,15416,Harry Potter and the Escape from Gringotts™ Single Rider,True,0
2026-07-31T07:45:13+00:00,The Wizarding World of Harry Potter - Diagon Alley,6016,Hogwarts Express™ - King's Cross Station,False,0
2026-07-31T07:45:13+00:00,The Wizarding World of Harry Potter - Diagon Alley,13849,Hogwarts™ Express - First Train,False,0
2026-07-31T07:45:13+00:00,The Wizarding World of Harry Potter - Diagon Alley,13850,Hogwarts™ Express - Last Train,False,0
2026-07-31T07:45:13+00:00,The Wizarding World of Harry Potter - Diagon Alley,13100,Ollivanders™ Experience in Diagon Alley™,True,5
2026-07-31T07:45:13+00:00,World Expo,5995,Kang & Kodos' Twirl 'n' Hurl,False,0
2026-07-31T07:45:13+00:00,World Expo,5996,MEN IN BLACK™ Alien Attack!™,False,0
2026-07-31T07:45:13+00:00,World Expo,14517,MEN IN BLACK™ Alien Attack!™ Single Rider,True,0
2026-07-31T07:45:13+00:00,World Expo,6005,The Simpsons Ride™,False,0
2026-07-31T07:50:12+00:00,DreamWorks Land,13605,Trolls Trollercoaster,False,0
2026-07-31T07:50:12+00:00,Hollywood,5990,E.T. Adventure™,False,0
2026-07-31T07:50:12+00:00,Illumination's Minion Land,5984,Despicable Me Minion Mayhem™,False,0
2026-07-31T07:50:12+00:00,Illumination's Minion Land,12107,Illumination's Villain-Con Minion Blast,False,0
2026-07-31T07:50:12+00:00,New York,6018,Race Through New York Starring Jimmy Fallon™,False,0
2026-07-31T07:50:12+00:00,New York,6000,Revenge of the Mummy™,False,0
2026-07-31T07:50:12+00:00,New York,13110,Revenge of the Mummy™ Single Rider,True,0
2026-07-31T07:50:12+00:00,Production Central,6006,TRANSFORMERS™ The Ride-3D,False,0
2026-07-31T07:50:12+00:00,San Francisco,6038,Fast & Furious - Supercharged™,False,0
2026-07-31T07:50:12+00:00,San Francisco,14866,Fast & Furious - Supercharged™ Single Rider,True,0
2026-07-31T07:50:12+00:00,The Wizarding World of Harry Potter - Diagon Alley,6014,Harry Potter and the Escape from Gringotts™,False,0
2026-07-31T07:50:12+00:00,The Wizarding World of Harry Potter - Diagon Alley,15416,Harry Potter and the Escape from Gringotts™ Single Rider,True,0
2026-07-31T07:50:12+00:00,The Wizarding World of Harry Potter - Diagon Alley,6016,Hogwarts Express™ - King's Cross Station,False,0
2026-07-31T07:50:12+00:00,The Wizarding World of Harry Potter - Diagon Alley,13849,Hogwarts™ Express - First Train,False,0
2026-07-31T07:50:12+00:00,The Wizarding World of Harry Potter - Diagon Alley,13850,Hogwarts™ Express - Last Train,False,0
2026-07-31T07:50:12+00:00,The Wizarding World of Harry Potter - Diagon Alley,13100,Ollivanders™ Experience in Diagon Alley™,True,5
2026-07-31T07:50:12+00:00,World Expo,5995,Kang & Kodos' Twirl 'n' Hurl,False,0
2026-07-31T07:50:12+00:00,World Expo,5996,MEN IN BLACK™ Alien Attack!™,False,0
2026-07-31T07:50:12+00:00,World Expo,14517,MEN IN BLACK™ Alien Attack!™ Single Rider,True,0
2026-07-31T07:50:12+00:00,World Expo,6005,The Simpsons Ride™,False,0
